-- --------------------------------------------------------
-- Host:                         127.0.0.1
-- Versión del servidor:         8.0.30 - MySQL Community Server - GPL
-- SO del servidor:              Win64
-- HeidiSQL Versión:             12.3.0.6589
-- --------------------------------------------------------

/*!40101 SET @OLD_CHARACTER_SET_CLIENT=@@CHARACTER_SET_CLIENT */;
/*!40101 SET NAMES utf8 */;
/*!50503 SET NAMES utf8mb4 */;
/*!40103 SET @OLD_TIME_ZONE=@@TIME_ZONE */;
/*!40103 SET TIME_ZONE='+00:00' */;
/*!40014 SET @OLD_FOREIGN_KEY_CHECKS=@@FOREIGN_KEY_CHECKS, FOREIGN_KEY_CHECKS=0 */;
/*!40101 SET @OLD_SQL_MODE=@@SQL_MODE, SQL_MODE='NO_AUTO_VALUE_ON_ZERO' */;
/*!40111 SET @OLD_SQL_NOTES=@@SQL_NOTES, SQL_NOTES=0 */;

-- Volcando estructura para tabla semtinel.failed_jobs
CREATE TABLE IF NOT EXISTS `failed_jobs` (
  `id` bigint unsigned NOT NULL AUTO_INCREMENT,
  `uuid` varchar(255) COLLATE utf8mb4_unicode_ci NOT NULL,
  `connection` text COLLATE utf8mb4_unicode_ci NOT NULL,
  `queue` text COLLATE utf8mb4_unicode_ci NOT NULL,
  `payload` longtext COLLATE utf8mb4_unicode_ci NOT NULL,
  `exception` longtext COLLATE utf8mb4_unicode_ci NOT NULL,
  `failed_at` timestamp NOT NULL DEFAULT CURRENT_TIMESTAMP,
  PRIMARY KEY (`id`),
  UNIQUE KEY `failed_jobs_uuid_unique` (`uuid`)
) ENGINE=InnoDB DEFAULT CHARSET=utf8mb4 COLLATE=utf8mb4_unicode_ci;

-- Volcando datos para la tabla semtinel.failed_jobs: ~0 rows (aproximadamente)

-- Volcando estructura para tabla semtinel.logistics_outputs
CREATE TABLE IF NOT EXISTS `logistics_outputs` (
  `id` int NOT NULL AUTO_INCREMENT,
  `code` varchar(50) COLLATE utf8mb4_general_ci DEFAULT NULL COMMENT 'Código de la salida',
  `pole` int DEFAULT NULL COMMENT 'Polo',
  `project` int DEFAULT NULL COMMENT 'Proyecto',
  `warehouse` int DEFAULT NULL COMMENT 'Pañol',
  `warehouse_owner` varchar(255) COLLATE utf8mb4_general_ci DEFAULT NULL COMMENT 'Responsable de pañol',
  `created_at` datetime DEFAULT NULL COMMENT 'Fecha de creacion',
  `updated_at` datetime DEFAULT NULL COMMENT 'Fecha de actualizacion',
  `created_by` int DEFAULT NULL COMMENT 'Usuario que crea',
  `updated_by` int DEFAULT NULL COMMENT 'Usuario que actualiza',
  `comment` text COLLATE utf8mb4_general_ci COMMENT 'Comentario',
  `status` varchar(20) COLLATE utf8mb4_general_ci DEFAULT NULL COMMENT 'Estado',
  `attach_path` varchar(255) COLLATE utf8mb4_general_ci DEFAULT NULL COMMENT 'Documento adjunto escaneado',
  `confirm` int DEFAULT NULL COMMENT 'Salida confirmada',
  `cancel` int DEFAULT NULL COMMENT 'Salida cancelada',
  `cancel_by` int DEFAULT NULL COMMENT 'Usuario que cancela',
  `type` varchar(20) CHARACTER SET utf8mb4 COLLATE utf8mb4_general_ci DEFAULT NULL COMMENT 'Tipo de Salida',
  `destin` varchar(255) COLLATE utf8mb4_general_ci DEFAULT NULL COMMENT 'Destino de la salida',
  `work_object` int DEFAULT NULL COMMENT 'Objeto de obra destino',
  `destin_warehouse` int DEFAULT NULL COMMENT 'Pañol destino',
  `destin_warehouse_owner` varchar(255) CHARACTER SET utf8mb4 COLLATE utf8mb4_general_ci DEFAULT NULL COMMENT 'Responsable pañol destino',
  `authorized` varchar(255) COLLATE utf8mb4_general_ci DEFAULT NULL COMMENT 'Trabajador autorizado',
  `authorizing` varchar(255) CHARACTER SET utf8mb4 COLLATE utf8mb4_general_ci DEFAULT NULL COMMENT 'Especialista que autoriza',
  PRIMARY KEY (`id`)
) ENGINE=InnoDB AUTO_INCREMENT=2 DEFAULT CHARSET=utf8mb4 COLLATE=utf8mb4_general_ci;

-- Volcando datos para la tabla semtinel.logistics_outputs: ~9 rows (aproximadamente)
INSERT INTO `logistics_outputs` (`id`, `code`, `pole`, `project`, `warehouse`, `warehouse_owner`, `created_at`, `updated_at`, `created_by`, `updated_by`, `comment`, `status`, `attach_path`, `confirm`, `cancel`, `cancel_by`, `type`, `destin`, `work_object`, `destin_warehouse`, `destin_warehouse_owner`, `authorized`, `authorizing`) VALUES
	(1, 'SAL-METROP-1', 1, 1, 8, 'Alejandro Miguel Rodríguez Quiala', '2023-05-29 09:58:54', '2023-05-29 09:59:23', 7, 7, NULL, 'confirmada', NULL, 1, NULL, NULL, 'towork', NULL, 20, NULL, NULL, 'JOSE ANTONIO GURIERREZ', 'YUMIELS NIUBO DE LA FUENTE'),
	(2, 'SAL-METROP-2', 1, 1, 8, 'Alejandro Miguel Rodríguez Quiala', '2023-05-29 10:24:34', '2023-05-29 10:24:55', 7, 7, NULL, 'confirmada', NULL, 1, NULL, NULL, 'towork', NULL, 20, NULL, NULL, 'JOSE ANTONIO GUTIERRES', 'YUMIELS NIUBO'),
	(3, 'SAL-METROP-3', 1, 1, 1, 'Dayanis Duani Leira', '2023-05-29 10:39:53', '2023-05-29 10:40:16', 7, 7, NULL, 'confirmada', NULL, 1, NULL, NULL, 'towork', NULL, 1, NULL, NULL, 'JOSE BROK', 'HAYDEE COSTA OLANO'),
	(4, 'SAL-METROP-4', 1, 1, 1, 'Dayanis Duani Leira', '2023-05-31 17:02:36', '2023-05-31 17:05:42', 7, 7, NULL, 'confirmada', NULL, 1, NULL, NULL, 'towork', NULL, 19, NULL, NULL, 'YONI EDUARDO PEREZ GELIS', 'HAYDEE COSTA OLANO'),
	(5, 'SAL-METROP-5', 1, 1, 11, 'Mayra Mena Cedeño', '2023-06-01 15:48:27', '2023-06-01 15:50:12', 8, 8, NULL, 'confirmada', NULL, 1, NULL, NULL, 'towork', NULL, 18, NULL, NULL, 'ARIANNE BREY', 'ALEXANDER ZUÑIGA'),
	(6, 'SAL-METROP-6', 1, 1, 9, 'Yanelis Hernández Cordova', '2023-06-01 16:10:46', '2023-06-01 16:11:12', 7, 7, NULL, 'confirmada', NULL, 1, NULL, NULL, 'towork', NULL, 1, NULL, NULL, 'YONI E. PEREZ GELIS', 'YALIKIR MOSQUEDA'),
	(7, 'SAL-METROP-7', 1, 1, 9, 'Yanelis Hernández Cordova', '2023-06-01 16:34:46', '2023-06-01 16:35:20', 7, 7, NULL, 'confirmada', NULL, 1, NULL, NULL, 'towork', NULL, 4, NULL, NULL, 'LEDESMA', 'YALIMIR MOSQUEDA'),
	(8, 'SAL-METROP-8', 1, 1, 1, 'Dayanis Duani Leira', '2023-06-01 17:10:08', '2023-06-01 17:10:42', 8, 8, NULL, 'confirmada', NULL, 1, NULL, NULL, 'towork', NULL, 14, NULL, NULL, 'ANIL (INDU)', 'HAIDEE COSTA OLANO'),
	(9, 'SAL-METROP-9', 1, 1, 1, 'Dayanis Duani Leira', '2023-06-01 17:35:29', '2023-06-01 17:35:51', 7, 7, NULL, 'confirmada', NULL, 1, NULL, NULL, 'towork', NULL, 13, NULL, NULL, 'YONI E. PEREZ', 'HAIDEE COSTA OLANO');

-- Volcando estructura para tabla semtinel.logistics_output_items
CREATE TABLE IF NOT EXISTS `logistics_output_items` (
  `id` int NOT NULL AUTO_INCREMENT,
  `id_output` int DEFAULT NULL COMMENT 'ID de la salida',
  `id_inventory` varchar(50) COLLATE utf8mb4_general_ci DEFAULT NULL,
  `product_id` varchar(50) COLLATE utf8mb4_general_ci DEFAULT NULL COMMENT 'Identificador del producto',
  `product_code` varchar(50) CHARACTER SET utf8mb4 COLLATE utf8mb4_general_ci DEFAULT NULL COMMENT 'Código del producto',
  `oc` varchar(50) COLLATE utf8mb4_general_ci DEFAULT NULL COMMENT 'Orden de compra',
  `item_description` text CHARACTER SET utf8mb4 COLLATE utf8mb4_general_ci COMMENT 'Producto',
  `um` varchar(50) COLLATE utf8mb4_general_ci DEFAULT NULL COMMENT 'Unidad de medida',
  `quantity` decimal(8,2) DEFAULT NULL COMMENT 'Cantidad',
  `stowage_card` varchar(50) COLLATE utf8mb4_general_ci DEFAULT NULL COMMENT 'Tarjeta de estiba',
  `price_unit` decimal(8,2) DEFAULT NULL COMMENT 'Precio unitario',
  `price_total` decimal(8,2) DEFAULT NULL COMMENT 'Precio total',
  `created_at` datetime DEFAULT NULL,
  `updated_at` datetime DEFAULT NULL,
  PRIMARY KEY (`id`)
) ENGINE=InnoDB AUTO_INCREMENT=2 DEFAULT CHARSET=utf8mb4 COLLATE=utf8mb4_general_ci;

-- Volcando datos para la tabla semtinel.logistics_output_items: ~1 rows (aproximadamente)
INSERT INTO `logistics_output_items` (`id`, `id_output`, `id_inventory`, `product_id`, `product_code`, `oc`, `item_description`, `um`, `quantity`, `stowage_card`, `price_unit`, `price_total`, `created_at`, `updated_at`) VALUES
	(1, 1, 'dispatch.204150.1121462.8', '88', 'CON-ESTR-3635', '1RAY70-1740', '[CON-ESTR-3635] OXIGENO', 'M3', 1.00, '2158198', 1.23, 1.23, '2023-05-29 09:58:54', '2023-05-29 09:58:54'),
	(2, 1, 'dispatch.204151.1121463.8', '87', 'CON-ESTR-3635', '1RAY70-1740', '[CON-ESTR-3635] OXIGENO', 'M3', 1.50, '2158197', 1.24, 1.86, '2023-05-29 09:58:54', '2023-05-29 09:58:54'),
	(3, 2, 'dispatch.204150.1121462.8', '88', 'CON-ESTR-3635', '1RAY70-1740', '[CON-ESTR-3635] OXIGENO', 'M3', 5.00, '2158198', 1.23, 6.15, '2023-05-29 10:24:35', '2023-05-29 10:24:35'),
	(4, 3, 'dispatch.201995.1111514.1', '19', 'ACA-2729', 'METROP-0491', '[ACA-2729] "326 MorcemColor Junta Universal 20 Kg Blanca 154. EL PRECIO DEL PRODUCTO MORCEMCOLOR ES VALIDO PARA LOS COLORES AMARILLO 150, BLANCO 154, BEIGE 172, \nGRIS 156, MACAEL 157, SALMON 162, HUESO 183"', 'KILOGRAMOS', 25.00, '2158135', 4.04, 101.00, '2023-05-29 10:39:54', '2023-05-29 10:39:54'),
	(5, 4, 'oc.23464.216434.1', '68', 'EST-CUBI-IMPE-0186', 'METROP-0093', 'THERMABIT PAN XPS, Panel de espuma rígida de poliestireno extruído, XPS, de estructura celular cerrada, utilizables como aislamiento térmico. 1250x600x30mm', 'M2', 60.00, '136520', 4.56, 273.60, '2023-05-31 17:02:36', '2023-05-31 17:02:36'),
	(6, 5, 'dispatch.205902.1128944.11', '226', 'SST-MPI-1449', 'PAKY23-1046', '[SST-MPI-1449] FAJA DE FUERZA LUMBAR CON REFUERZO Y TIRANTES,  ELASTICO,  CIERRE VELCRO, FARU PE10 TALLA M', 'Unit(s)', 3.00, '2158315', 9.44, 28.32, '2023-06-01 15:48:27', '2023-06-01 15:48:27'),
	(7, 5, 'dispatch.205902.1128945.11', '227', 'SST-MPI-1450', 'PAKY23-1046', '[SST-MPI-1450] FAJA DE FUERZA LUMBAR CON REFUERZO Y TIRANTES,  ELASTICO,  CIERRE VELCRO, FARU PE10 TALLA L', 'Unit(s)', 3.00, '2158316', 9.44, 28.32, '2023-06-01 15:48:28', '2023-06-01 15:48:28'),
	(8, 6, 'dispatch.207817.1136298.9', '203', 'ACA-DECO-MOLD-0367', 'METROP-1181', '[ACA-DECO-MOLD-0367] Saco cola Alteron (10 Kgs)', 'KILOGRAMOS', 100.00, '2158278', 0.00, 0.00, '2023-06-01 16:10:46', '2023-06-01 16:10:46'),
	(9, 7, 'dispatch.207817.1136298.9', '203', 'ACA-DECO-MOLD-0367', 'METROP-1181', '[ACA-DECO-MOLD-0367] Saco cola Alteron (10 Kgs)', 'KILOGRAMOS', 200.00, '2158278', 0.00, 0.00, '2023-06-01 16:34:47', '2023-06-01 16:34:47'),
	(10, 8, 'dispatch.206832.1132812.1', '179', 'HER-MANU-6037', 'IW200025', '[HER-MANU-6037] Pincel C/L Redondo S. Morada 20. Mezcla cerda/fibras. CIRET, COD 50046', 'UNIDAD', 3.00, '2158254', 2.00, 6.00, '2023-06-01 17:10:08', '2023-06-01 17:10:08'),
	(11, 9, 'dispatch.206838.1132820.1', '229', 'EQU-13087', 'IW330202', '[EQU-13087] Revoque de fondo transpirante, a base de cal y Eco-Puzolana, para aplicar sobre albañilería existente, incluso de valor histórico. CE EN 998-1, GP-CS II. Saco 25 kg. . Área = 4387 m2, espesor considerado 30 mm. Sacos 25 Kg. Consumo: 15 kg/m2/cm de e', 'KILOGRAMOS', 1.20, '2158289', 0.00, 0.00, '2023-06-01 17:35:29', '2023-06-01 17:35:29');

-- Volcando estructura para tabla semtinel.logistics_receipts
CREATE TABLE IF NOT EXISTS `logistics_receipts` (
  `id` int unsigned NOT NULL AUTO_INCREMENT COMMENT 'ID del registro',
  `code` varchar(50) COLLATE utf8mb4_general_ci DEFAULT NULL,
  `origin` varchar(50) CHARACTER SET utf8mb4 COLLATE utf8mb4_general_ci DEFAULT NULL COMMENT 'Origen',
  `document_type` varchar(50) CHARACTER SET utf8mb4 COLLATE utf8mb4_general_ci DEFAULT NULL COMMENT 'Tipo de documento',
  `document_number` varchar(50) CHARACTER SET utf8mb4 COLLATE utf8mb4_general_ci DEFAULT NULL COMMENT 'Número de documento',
  `oc` varchar(50) CHARACTER SET utf8mb4 COLLATE utf8mb4_general_ci DEFAULT NULL COMMENT 'Orden de compra',
  `output` varchar(50) COLLATE utf8mb4_general_ci DEFAULT NULL COMMENT 'ID Salida si es transferencia',
  `created_at` datetime DEFAULT NULL COMMENT 'Fecha de creación',
  `updated_at` datetime DEFAULT NULL COMMENT 'Fecha de modificación',
  `created_by` int DEFAULT NULL COMMENT 'Usuario que crea',
  `updated_by` int DEFAULT NULL COMMENT 'Usuario que actualiza',
  `pole` int DEFAULT NULL COMMENT 'Polo',
  `project` int DEFAULT NULL COMMENT 'Proyecto',
  `warehouse` int DEFAULT NULL COMMENT 'Pañol',
  `warehouse_owner` varchar(255) CHARACTER SET utf8mb4 COLLATE utf8mb4_general_ci DEFAULT NULL COMMENT 'Responsable de pañol',
  `comment` text CHARACTER SET utf8mb4 COLLATE utf8mb4_general_ci COMMENT 'Comentario',
  `status` varchar(20) CHARACTER SET utf8mb4 COLLATE utf8mb4_general_ci DEFAULT NULL COMMENT 'Estado de la entrada',
  `attach_path` varchar(255) CHARACTER SET utf8mb4 COLLATE utf8mb4_general_ci DEFAULT NULL COMMENT 'Documento adjunto escaneado',
  `confirm` int DEFAULT NULL COMMENT 'Entrada confirmada',
  `cancel` int DEFAULT NULL COMMENT 'Entrada cancelada',
  `cancel_by` int DEFAULT NULL COMMENT 'Usuario que cancela',
  `type` varchar(50) COLLATE utf8mb4_general_ci DEFAULT NULL,
  PRIMARY KEY (`id`)
) ENGINE=InnoDB AUTO_INCREMENT=4 DEFAULT CHARSET=utf8mb4 COLLATE=utf8mb4_general_ci;

-- Volcando datos para la tabla semtinel.logistics_receipts: ~147 rows (aproximadamente)
INSERT INTO `logistics_receipts` (`id`, `code`, `origin`, `document_type`, `document_number`, `oc`, `output`, `created_at`, `updated_at`, `created_by`, `updated_by`, `pole`, `project`, `warehouse`, `warehouse_owner`, `comment`, `status`, `attach_path`, `confirm`, `cancel`, `cancel_by`, `type`) VALUES
	(1, 'ENT-METROP-1', 'Tiro Directo Altec', NULL, '12345', 'METROP-0292', NULL, '2023-05-18 09:18:47', '2023-05-18 09:20:53', 7, 7, 1, 1, 1, 'Dayanis Duani Leira', 'INVENTARIO INICIAL', 'parcial', NULL, 1, NULL, NULL, 'oc'),
	(2, 'ENT-METROP-2', 'Tiro Directo Altec', NULL, '12345', 'METROP-0163', NULL, '2023-05-18 09:23:13', '2023-05-18 09:24:12', 7, 7, 1, 1, 1, 'Dayanis Duani Leira', 'INVENTARIO INICIAL', 'parcial', NULL, 1, NULL, NULL, 'oc'),
	(3, 'ENT-METROP-3', 'Tiro Directo Altec', NULL, '12345', 'METROP-0369', NULL, '2023-05-18 09:26:09', '2023-05-18 09:26:31', 7, 7, 1, 1, 1, 'Dayanis Duani Leira', 'INVENTARIO INICIAL', 'parcial', NULL, 1, NULL, NULL, 'oc'),
	(4, 'ENT-METROP-4', 'Tiro Directo Altec', NULL, '12345', 'METROP-0292', NULL, '2023-05-18 09:30:00', '2023-05-18 09:30:21', 7, 7, 1, 1, 1, 'Dayanis Duani Leira', 'INVENTARIO INICIAL', 'parcial', NULL, 1, NULL, NULL, 'oc'),
	(5, 'ENT-METROP-5', 'Despacho de Almacén', 'Orden de Despacho', '05496', NULL, NULL, '2023-05-18 09:32:58', '2023-05-18 09:35:25', 7, 7, 1, 1, 1, 'Dayanis Duani Leira', NULL, 'total', NULL, NULL, 1, 7, 'dispatch'),
	(6, 'ENT-METROP-6', 'Tiro Directo Altec', NULL, '12345', 'METROP-0184', NULL, '2023-05-18 09:37:58', '2023-05-18 09:39:03', 7, 7, 1, 1, 1, 'Dayanis Duani Leira', 'INVETARIO INICIAL', 'parcial', NULL, 1, NULL, NULL, 'oc'),
	(7, 'ENT-METROP-7', 'Tiro Directo Altec', NULL, '12345', 'METROP-0523', NULL, '2023-05-18 09:41:38', '2023-05-18 09:42:00', 7, 7, 1, 1, 1, 'Dayanis Duani Leira', 'INVENTARIO INICIAL', 'parcial', NULL, 1, NULL, NULL, 'oc'),
	(8, 'ENT-METROP-8', 'Tiro Directo Altec', NULL, '12345', 'METROP-0032', NULL, '2023-05-18 09:45:26', '2023-05-18 09:45:47', 7, 7, 1, 1, 1, 'Dayanis Duani Leira', 'INVENTARIO INICIAL', 'parcial', NULL, 1, NULL, NULL, 'oc'),
	(9, 'ENT-METROP-9', 'Tiro Directo Altec', NULL, '12345', 'METROP-0032', NULL, '2023-05-18 12:19:32', '2023-05-18 12:20:07', 7, 7, 1, 1, 1, 'Dayanis Duani Leira', 'inventario inicial', 'parcial', NULL, 1, NULL, NULL, 'oc'),
	(10, 'ENT-METROP-10', 'Tiro Directo Altec', NULL, '12345', 'METROP-0093', NULL, '2023-05-18 12:21:36', '2023-05-18 12:21:59', 7, 7, 1, 1, 1, 'Dayanis Duani Leira', 'INVENTARIO INICIAL', 'parcial', NULL, 1, NULL, NULL, 'oc'),
	(11, 'ENT-METROP-11', 'Tiro Directo Altec', NULL, '12345', 'METROP-0051', NULL, '2023-05-18 12:23:29', '2023-05-18 12:23:51', 7, 7, 1, 1, 1, 'Dayanis Duani Leira', 'INVENTARIO INICIAL', 'parcial', NULL, 1, NULL, NULL, 'oc'),
	(12, 'ENT-METROP-12', 'Tiro Directo Altec', NULL, '12345', 'METROP-0187', NULL, '2023-05-18 12:25:43', '2023-05-18 12:28:55', 7, 7, 1, 1, 1, 'Dayanis Duani Leira', 'INVENTARIO INICIAL', 'parcial', NULL, NULL, 1, 7, 'oc'),
	(13, 'ENT-METROP-13', 'Tiro Directo Altec', NULL, '12345', 'METROP-0187', NULL, '2023-05-18 12:30:13', '2023-05-18 12:36:36', 7, 7, 1, 1, 1, 'Dayanis Duani Leira', 'INVENTARIO INICIAL', 'parcial', NULL, NULL, 1, 7, 'oc'),
	(14, 'ENT-METROP-14', 'Tiro Directo Altec', NULL, '12345', 'METROP-0187', NULL, '2023-05-18 12:30:41', '2023-05-18 12:35:45', 7, 7, 1, 1, 1, 'Dayanis Duani Leira', 'INVENTARIO INICIAL', 'parcial', NULL, NULL, 1, 7, 'oc'),
	(15, 'ENT-METROP-15', 'Tiro Directo Altec', NULL, '12345', 'METROP-0187', NULL, '2023-05-18 12:31:18', '2023-05-18 12:36:12', 7, 7, 1, 1, 1, 'Dayanis Duani Leira', 'INVENTARIO INICIAL', 'parcial', NULL, NULL, 1, 7, 'oc'),
	(16, 'ENT-METROP-16', 'Tiro Directo Altec', NULL, '12345', 'METROP-0187', NULL, '2023-05-18 12:34:12', '2023-05-18 12:37:19', 7, 7, 1, 1, 1, 'Dayanis Duani Leira', 'INVENTARIO INICIAL', 'parcial', NULL, NULL, 1, 7, 'oc'),
	(17, 'ENT-METROP-17', 'Tiro Directo Altec', NULL, '12345', 'METROP-0187', NULL, '2023-05-18 15:09:30', '2023-05-18 15:09:59', 7, 7, 1, 1, 1, 'Dayanis Duani Leira', 'INVENTARIO INICIAL', 'parcial', NULL, NULL, 1, 7, 'oc'),
	(18, 'ENT-METROP-18', 'Tiro Directo Altec', NULL, '12345', 'METROP-0033', NULL, '2023-05-18 15:13:11', '2023-05-18 15:13:38', 7, 7, 1, 1, 1, 'Dayanis Duani Leira', 'INVENTARIO INICIL', 'parcial', NULL, 1, NULL, NULL, 'oc'),
	(19, 'ENT-METROP-19', 'Tiro Directo Altec', NULL, '12345', 'METROP-0712', NULL, '2023-05-18 15:15:07', '2023-05-18 15:15:31', 7, 7, 1, 1, 1, 'Dayanis Duani Leira', 'INVENTARIO INICIAL', 'parcial', NULL, 1, NULL, NULL, 'oc'),
	(20, 'ENT-METROP-20', 'Tiro Directo Altec', NULL, '12345', 'METROP-0134', NULL, '2023-05-18 15:17:03', '2023-05-18 15:17:27', 7, 7, 1, 1, 1, 'Dayanis Duani Leira', 'INVENTARIO INICIAL', 'parcial', NULL, 1, NULL, NULL, 'oc'),
	(21, 'ENT-METROP-21', 'Tiro Directo Altec', NULL, '12345', 'METROP-0357', NULL, '2023-05-18 15:19:47', '2023-05-18 15:20:10', 7, 7, 1, 1, 1, 'Dayanis Duani Leira', 'INVENTARIO INICIAL', 'parcial', NULL, 1, NULL, NULL, 'oc'),
	(22, 'ENT-METROP-22', 'Tiro Directo Altec', NULL, '12345', 'METROP-0875', NULL, '2023-05-18 15:22:39', '2023-05-18 15:23:02', 7, 7, 1, 1, 1, 'Dayanis Duani Leira', 'INVENTARIO INICIAL', 'parcial', NULL, 1, NULL, NULL, 'oc'),
	(23, 'ENT-METROP-23', 'Tiro Directo Altec', NULL, '12345', 'METROP-0178', NULL, '2023-05-18 15:24:32', '2023-05-18 15:27:32', 7, 7, 1, 1, 1, 'Dayanis Duani Leira', 'INVENTARIO INICIAL', 'parcial', NULL, NULL, 1, 7, 'oc'),
	(24, 'ENT-METROP-24', 'Tiro Directo Altec', NULL, '12345', 'METROP-0178', NULL, '2023-05-18 15:24:52', '2023-05-18 15:26:45', 7, 7, 1, 1, 1, 'Dayanis Duani Leira', 'INVENTARIO INICIAL', 'parcial', NULL, NULL, 1, 7, 'oc'),
	(25, 'ENT-METROP-25', 'Tiro Directo Altec', NULL, '12345', 'METROP-0178', NULL, '2023-05-18 15:25:37', '2023-05-18 15:26:08', 7, 7, 1, 1, 1, 'Dayanis Duani Leira', 'INVENTARIO INICIAL', 'parcial', NULL, NULL, 1, 7, 'oc'),
	(26, 'ENT-METROP-26', 'Tiro Directo Altec', NULL, '12345', 'METROP-0239', NULL, '2023-05-18 17:08:03', '2023-05-18 17:08:28', 7, 7, 1, 1, 1, 'Dayanis Duani Leira', 'INVENTARIO INICIAL', 'parcial', NULL, 1, NULL, NULL, 'oc'),
	(27, 'ENT-METROP-27', 'Tiro Directo Altec', NULL, '05380', 'METROP-0575', NULL, '2023-05-19 16:27:12', '2023-05-19 16:28:27', 8, 8, 1, 1, 1, 'Dayanis Duani Leira', NULL, 'parcial', NULL, 1, NULL, NULL, 'oc'),
	(28, 'ENT-METROP-28', 'Tiro Directo Altec', NULL, '12345', 'METROP-0093', NULL, '2023-05-20 09:18:26', '2023-05-20 09:18:57', 7, 7, 1, 1, 1, 'Dayanis Duani Leira', 'INVENTARIO INICIAL', 'parcial', NULL, 1, NULL, NULL, 'oc'),
	(29, 'ENT-METROP-29', 'Tiro Directo Altec', NULL, '12345', 'METROP-0418', NULL, '2023-05-20 09:20:17', '2023-05-20 09:20:49', 7, 7, 1, 1, 1, 'Dayanis Duani Leira', 'INVENTARIO INICIAL', 'parcial', NULL, 1, NULL, NULL, 'oc'),
	(30, 'ENT-METROP-30', 'Tiro Directo Altec', NULL, '12345', 'METROP-0761', NULL, '2023-05-20 09:22:21', '2023-05-20 09:22:49', 7, 7, 1, 1, 1, 'Dayanis Duani Leira', 'INVENTARIO INICIAL', 'parcial', NULL, 1, NULL, NULL, 'oc'),
	(31, 'ENT-METROP-31', 'Tiro Directo Altec', NULL, '12345', 'METROP-0292', NULL, '2023-05-20 09:35:10', '2023-05-20 09:35:39', 7, 7, 1, 1, 1, 'Dayanis Duani Leira', 'INVENTARIO INICIAL', 'parcial', NULL, 1, NULL, NULL, 'oc'),
	(32, 'ENT-METROP-32', 'Tiro Directo Altec', NULL, '12345', 'METROP-0771', NULL, '2023-05-20 09:37:06', '2023-05-20 09:37:34', 7, 7, 1, 1, 1, 'Dayanis Duani Leira', 'INVENTARIO INICIAL', 'parcial', NULL, 1, NULL, NULL, 'oc'),
	(33, 'ENT-METROP-33', 'Tiro Directo Altec', NULL, '12345', 'METROP-0985', NULL, '2023-05-20 09:45:10', '2023-05-20 09:45:40', 7, 7, 1, 1, 1, 'Dayanis Duani Leira', 'INVENTARIO INICIAL', 'parcial', NULL, 1, NULL, NULL, 'oc'),
	(34, 'ENT-METROP-34', 'Tiro Directo Altec', NULL, '12345', 'METROP-0292', NULL, '2023-05-20 09:58:21', '2023-05-20 09:58:52', 7, 7, 1, 1, 1, 'Dayanis Duani Leira', 'INVENTARIO INICIAL', 'parcial', NULL, 1, NULL, NULL, 'oc'),
	(35, 'ENT-METROP-35', 'Tiro Directo Altec', NULL, '12345', 'METROP-0093', NULL, '2023-05-20 10:08:55', '2023-05-20 10:09:39', 7, 7, 1, 1, 1, 'Dayanis Duani Leira', 'INVENTARIO INICIAL', 'parcial', NULL, 1, NULL, NULL, 'oc'),
	(36, 'ENT-METROP-36', 'Tiro Directo Altec', NULL, '12345', 'METROP-0179', NULL, '2023-05-20 10:10:51', '2023-05-20 10:11:19', 7, 7, 1, 1, 1, 'Dayanis Duani Leira', 'INVENTARIO INICIAL', 'parcial', NULL, 1, NULL, NULL, 'oc'),
	(37, 'ENT-METROP-37', 'Tiro Directo Altec', NULL, '12345', 'METROP-0323', NULL, '2023-05-20 10:12:43', '2023-05-20 10:13:13', 7, 7, 1, 1, 1, 'Dayanis Duani Leira', 'INVENTARIO INICIAL', 'parcial', NULL, 1, NULL, NULL, 'oc'),
	(38, 'ENT-METROP-38', 'Tiro Directo Altec', NULL, '12345', 'METROP-0537', NULL, '2023-05-20 10:16:32', '2023-05-20 10:20:38', 7, 7, 1, 1, 1, 'Dayanis Duani Leira', 'INVENTARIO INICIAL', 'parcial', NULL, NULL, 1, 7, 'oc'),
	(39, 'ENT-METROP-39', 'Tiro Directo Altec', NULL, '12345', 'METROP-0537', NULL, '2023-05-20 10:16:56', '2023-05-20 10:21:10', 7, 7, 1, 1, 1, 'Dayanis Duani Leira', 'INVENTARIO INICIAL', 'parcial', NULL, NULL, 1, 7, 'oc'),
	(40, 'ENT-METROP-40', 'Tiro Directo Altec', NULL, '12345', 'METROP-0537', NULL, '2023-05-20 10:17:25', '2023-05-20 10:21:41', 7, 7, 1, 1, 1, 'Dayanis Duani Leira', 'INVENTARIO INICIAL', 'parcial', NULL, NULL, 1, 7, 'oc'),
	(41, 'ENT-METROP-41', 'Tiro Directo Altec', NULL, '12345', 'METROP-0537', NULL, '2023-05-20 10:17:47', '2023-05-20 10:22:26', 7, 7, 1, 1, 1, 'Dayanis Duani Leira', 'INVENTARIO INICIAL', 'parcial', NULL, NULL, 1, 7, 'oc'),
	(42, 'ENT-METROP-42', 'Tiro Directo Altec', NULL, '12345', 'METROP-0537', NULL, '2023-05-20 10:18:34', '2023-05-20 10:20:07', 7, 7, 1, 1, 1, 'Dayanis Duani Leira', 'INVENTARIO INICIAL', 'parcial', NULL, NULL, 1, 7, 'oc'),
	(43, 'ENT-METROP-43', 'Tiro Directo Altec', NULL, '12345', 'METROP-0712', NULL, '2023-05-22 15:08:38', '2023-05-22 15:11:57', 7, 7, 1, 1, 1, 'Dayanis Duani Leira', 'INVENTARIO INICIAL', 'parcial', NULL, 1, NULL, NULL, 'oc'),
	(44, 'ENT-METROP-44', 'Tiro Directo Altec', NULL, '12345', 'METROP-0871', NULL, '2023-05-22 15:13:09', '2023-05-22 15:13:43', 7, 7, 1, 1, 1, 'Dayanis Duani Leira', 'INVENTARIO INICIAL', 'parcial', NULL, 1, NULL, NULL, 'oc'),
	(45, 'ENT-METROP-45', 'Tiro Directo Altec', NULL, '12345', 'METROP-0953', NULL, '2023-05-22 15:15:30', '2023-05-22 15:16:00', 7, 7, 1, 1, 1, 'Dayanis Duani Leira', 'INVENTARIO INICIAL', 'parcial', NULL, 1, NULL, NULL, 'oc'),
	(46, 'ENT-METROP-46', 'Tiro Directo Altec', NULL, '12345', 'METROP-0969', NULL, '2023-05-22 15:17:42', '2023-05-22 15:18:41', 7, 7, 1, 1, 1, 'Dayanis Duani Leira', 'INVENTARIO INICIAL', 'parcial', NULL, NULL, 1, 7, 'oc'),
	(47, 'ENT-METROP-47', 'Tiro Directo Altec', NULL, '12345', 'METROP-0969', NULL, '2023-05-22 15:18:04', '2023-05-22 15:19:10', 7, 7, 1, 1, 1, 'Dayanis Duani Leira', 'INVENTARIO INICIAL', 'parcial', NULL, NULL, 1, 7, 'oc'),
	(48, 'ENT-METROP-48', 'Tiro Directo Altec', NULL, '12345', 'METROP-1012', NULL, '2023-05-22 15:20:56', '2023-05-22 15:21:25', 7, 7, 1, 1, 1, 'Dayanis Duani Leira', 'INVENTARIO INICIAL', 'parcial', NULL, 1, NULL, NULL, 'oc'),
	(49, 'ENT-METROP-49', 'Tiro Directo Altec', NULL, '12345', 'METROP-0041', NULL, '2023-05-23 14:02:24', '2023-05-23 14:02:24', 7, 7, 1, 1, 1, 'Dayanis Duani Leira', 'Inventario inicial', 'parcial', NULL, NULL, NULL, NULL, 'oc'),
	(50, 'ENT-METROP-50', 'Tiro Directo Altec', NULL, '12345', 'METROP-0041', NULL, '2023-05-23 14:02:44', '2023-05-23 14:21:07', 7, 7, 1, 1, 1, 'Dayanis Duani Leira', 'Inventario inicial', 'parcial', NULL, 1, NULL, NULL, 'oc'),
	(51, 'ENT-METROP-51', 'Tiro Directo Altec', NULL, '12345', 'METROP-0041', NULL, '2023-05-23 14:03:04', '2023-05-23 14:21:56', 7, 7, 1, 1, 3, 'Carlos O. Santana Ortiz', 'Inventario inicial', 'parcial', NULL, NULL, 1, 7, 'oc'),
	(52, 'ENT-METROP-52', 'Tiro Directo Altec', NULL, '12345', 'METROP-0041', NULL, '2023-05-23 14:04:04', '2023-05-23 15:12:18', 7, 7, 1, 1, 3, 'Carlos O. Santana Ortiz', 'Inventario inicial', 'parcial', NULL, NULL, 1, 7, 'oc'),
	(53, 'ENT-METROP-53', 'Tiro Directo Altec', NULL, '12345', 'METROP-0041', NULL, '2023-05-23 14:05:03', '2023-05-23 14:22:34', 7, 7, 1, 1, 3, 'Carlos O. Santana Ortiz', 'Inventario inicial', 'parcial', NULL, NULL, 1, 7, 'oc'),
	(54, 'ENT-METROP-54', 'Despacho de Almacén', 'Vale de Salida', '05474', NULL, NULL, '2023-05-23 14:07:13', '2023-05-23 14:07:55', 7, 7, 1, 1, 9, 'Yanelis Hernández Cordova', NULL, 'total', NULL, 1, NULL, NULL, 'dispatch'),
	(55, 'ENT-METROP-55', 'Tiro Directo Altec', NULL, '12345', 'METROP-0050', NULL, '2023-05-23 15:02:11', '2023-05-24 11:22:10', 7, 7, 1, 1, 3, 'Carlos O. Santana Ortiz', 'INVENTARIO INICIAL', 'parcial', NULL, NULL, 1, 7, 'oc'),
	(56, 'ENT-METROP-56', 'Tiro Directo Altec', NULL, '12345', 'METROP-0065', NULL, '2023-05-23 15:24:20', '2023-05-23 15:24:55', 7, 7, 1, 1, 3, 'Carlos O. Santana Ortiz', 'INVENTARIO INICIAL', 'parcial', NULL, 1, NULL, NULL, 'oc'),
	(57, 'ENT-METROP-57', 'Tiro Directo Altec', NULL, '12345', 'METROP-0208', NULL, '2023-05-23 15:41:55', '2023-05-23 15:41:55', 7, 7, 1, 1, 3, 'Carlos O. Santana Ortiz', 'INVENTARIO INICIAL', 'parcial', NULL, NULL, NULL, NULL, 'oc'),
	(58, 'ENT-METROP-58', 'Tiro Directo Altec', NULL, '12345', 'METROP-0208', NULL, '2023-05-23 15:42:12', '2023-05-23 15:42:12', 7, 7, 1, 1, 3, 'Carlos O. Santana Ortiz', 'INVENTARIO INICIAL', 'parcial', NULL, NULL, NULL, NULL, 'oc'),
	(59, 'ENT-METROP-59', 'Tiro Directo Altec', NULL, '12345', 'METROP-0208', NULL, '2023-05-24 11:08:43', '2023-05-24 11:08:43', 7, 7, 1, 1, 3, 'Carlos O. Santana Ortiz', 'INVENTARIO INICIAL', 'parcial', NULL, NULL, NULL, NULL, 'oc'),
	(60, 'ENT-METROP-60', 'Tiro Directo Altec', NULL, '12345', 'METROP-0208', NULL, '2023-05-24 11:09:53', '2023-05-24 11:09:54', 7, 7, 1, 1, 3, 'Carlos O. Santana Ortiz', 'INVENTARIO INICIAL', 'parcial', NULL, NULL, NULL, NULL, 'oc'),
	(61, 'ENT-METROP-61', 'Tiro Directo Altec', NULL, '12345', 'METROP-0208', NULL, '2023-05-24 11:10:07', '2023-05-24 11:10:07', 7, 7, 1, 1, 3, 'Carlos O. Santana Ortiz', 'INVENTARIO INICIAL', 'parcial', NULL, NULL, NULL, NULL, 'oc'),
	(62, 'ENT-METROP-62', 'Tiro Directo Altec', NULL, '12346', 'METROP-0208', NULL, '2023-05-24 11:10:26', '2023-05-24 11:10:27', 7, 7, 1, 1, 3, 'Carlos O. Santana Ortiz', 'INVENTARIO INICIAL', 'parcial', NULL, NULL, NULL, NULL, 'oc'),
	(63, 'ENT-METROP-63', 'Tiro Directo Altec', NULL, '12346', 'METROP-0208', NULL, '2023-05-24 11:11:11', '2023-05-24 11:11:11', 7, 7, 1, 1, 3, 'Carlos O. Santana Ortiz', 'INVENTARIO INICIAL', 'parcial', NULL, NULL, NULL, NULL, 'oc'),
	(64, 'ENT-METROP-64', 'Tiro Directo Altec', NULL, '12346', 'METROP-0208', NULL, '2023-05-24 11:16:55', '2023-05-24 11:19:31', 7, 7, 1, 1, 3, 'Carlos O. Santana Ortiz', 'INVENTARIO INICIAL', 'parcial', NULL, NULL, 1, 7, 'oc'),
	(65, 'ENT-METROP-65', 'Tiro Directo Altec', NULL, '123456', 'METROP-0212', NULL, '2023-05-24 11:49:21', '2023-05-24 11:49:22', 7, 7, 1, 1, 3, 'Carlos O. Santana Ortiz', 'INVENTARIO INICIAL', 'parcial', NULL, NULL, NULL, NULL, 'oc'),
	(66, 'ENT-METROP-66', 'Tiro Directo Altec', NULL, '123456', 'METROP-0212', NULL, '2023-05-24 11:52:03', '2023-05-24 11:52:03', 7, 7, 1, 1, 1, 'Dayanis Duani Leira', 'INVENTARIO INICIAL', 'parcial', NULL, NULL, NULL, NULL, 'oc'),
	(67, 'ENT-METROP-67', 'Tiro Directo Altec', NULL, '123456', 'METROP-0212', NULL, '2023-05-24 11:52:17', '2023-05-24 11:52:17', 7, 7, 1, 1, 3, 'Carlos O. Santana Ortiz', 'INVENTARIO INICIAL', 'parcial', NULL, NULL, NULL, NULL, 'oc'),
	(68, 'ENT-METROP-68', 'Tiro Directo Altec', NULL, '123456', 'METROP-0212', NULL, '2023-05-24 11:53:06', '2023-05-24 11:53:06', 7, 7, 1, 1, 3, 'Carlos O. Santana Ortiz', 'INVENTARIO INICIAL', 'parcial', NULL, NULL, NULL, NULL, 'oc'),
	(69, 'ENT-METROP-69', 'Tiro Directo Altec', NULL, '123456', 'METROP-0212', NULL, '2023-05-24 11:54:42', '2023-05-24 11:54:42', 7, 7, 1, 1, 3, 'Carlos O. Santana Ortiz', 'INVENTARIO INICIAL', 'parcial', NULL, NULL, NULL, NULL, 'oc'),
	(70, 'ENT-METROP-70', 'Tiro Directo Altec', NULL, '123456', 'METROP-0212', NULL, '2023-05-24 11:57:45', '2023-05-24 11:57:45', 7, 7, 1, 1, 3, 'Carlos O. Santana Ortiz', 'INVENTARIO INICIAL', 'parcial', NULL, NULL, NULL, NULL, 'oc'),
	(71, 'ENT-METROP-71', 'Tiro Directo Altec', NULL, '123456', 'METROP-0212', NULL, '2023-05-24 12:01:47', '2023-06-01 08:10:31', 7, 7, 1, 1, 3, 'Carlos O. Santana Ortiz', 'INVENTARIO INICIAL', 'parcial', NULL, NULL, 1, 7, 'oc'),
	(72, 'ENT-METROP-72', 'Despacho de Almacén', 'Vale de Salida', '05384', NULL, NULL, '2023-05-24 16:30:01', '2023-05-24 16:31:06', 7, 7, 1, 1, 9, 'Yanelis Hernández Cordova', NULL, 'total', NULL, 1, NULL, NULL, 'dispatch'),
	(73, 'ENT-METROP-73', 'Despacho de Almacén', 'Orden de Despacho', '05482', NULL, NULL, '2023-05-24 16:34:03', '2023-05-24 16:34:45', 7, 7, 1, 1, 9, 'Yanelis Hernández Cordova', NULL, 'total', NULL, 1, NULL, NULL, 'dispatch'),
	(74, 'ENT-METROP-74', 'Despacho de Almacén', 'Vale de Salida', '05500', NULL, NULL, '2023-05-24 16:50:03', '2023-05-24 16:57:36', 7, 7, 1, 1, 9, 'Yanelis Hernández Cordova', NULL, 'total', NULL, 1, NULL, NULL, 'dispatch'),
	(75, 'ENT-METROP-75', 'Despacho de Almacén', 'Vale de Salida', '05501', NULL, NULL, '2023-05-24 16:59:36', '2023-05-24 17:00:18', 7, 7, 1, 1, 9, 'Yanelis Hernández Cordova', NULL, 'parcial', NULL, 1, NULL, NULL, 'dispatch'),
	(76, 'ENT-METROP-76', 'Despacho de Almacén', 'Vale de Salida', '05445', NULL, NULL, '2023-05-24 17:04:16', '2023-05-24 18:03:14', 7, 7, 1, 1, 9, 'Yanelis Hernández Cordova', NULL, 'total', NULL, 1, NULL, NULL, 'dispatch'),
	(77, 'ENT-METROP-77', 'Despacho de Almacén', 'Vale de Salida', '05491', NULL, NULL, '2023-05-24 17:06:49', '2023-05-24 18:16:35', 7, 7, 1, 1, 9, 'Yanelis Hernández Cordova', NULL, 'total', NULL, 1, NULL, NULL, 'dispatch'),
	(78, 'ENT-METROP-78', 'Despacho de Almacén', 'Vale de Salida', '05509', NULL, NULL, '2023-05-24 17:11:02', '2023-05-24 18:21:15', 7, 7, 1, 1, 10, 'Felipe Flores Barroso', NULL, 'total', NULL, 1, NULL, NULL, 'dispatch'),
	(79, 'ENT-METROP-79', 'Despacho de Almacén', 'Vale de Salida', '05481', NULL, NULL, '2023-05-24 17:13:49', '2023-05-24 18:22:00', 7, 7, 1, 1, 1, 'Dayanis Duani Leira', NULL, 'total', NULL, 1, NULL, NULL, 'dispatch'),
	(80, 'ENT-METROP-80', 'Despacho de Almacén', 'Vale de Salida', '05339', NULL, NULL, '2023-05-24 18:00:53', '2023-05-24 18:23:00', 7, 7, 1, 1, 10, 'Felipe Flores Barroso', NULL, 'total', NULL, 1, NULL, NULL, 'dispatch'),
	(81, 'ENT-METROP-81', 'Despacho de Almacén', 'Vale de Salida', '05540', NULL, NULL, '2023-05-24 18:15:47', '2023-05-24 18:24:23', 7, 7, 1, 1, 2, 'Yosvanis González Pérez', NULL, 'total', NULL, 1, NULL, NULL, 'dispatch'),
	(82, 'ENT-METROP-82', 'Despacho de Almacén', 'Vale de Salida', '05286', NULL, NULL, '2023-05-25 09:41:37', '2023-05-25 09:42:26', 7, 7, 1, 1, 2, 'Yosvanis González Pérez', NULL, 'total', NULL, 1, NULL, NULL, 'dispatch'),
	(83, 'ENT-METROP-83', 'Despacho de Almacén', 'Vale de Salida', '05392', NULL, NULL, '2023-05-25 10:41:18', '2023-05-25 10:42:45', 7, 7, 1, 1, 10, 'Felipe Flores Barroso', NULL, 'total', NULL, 1, NULL, NULL, 'dispatch'),
	(84, 'ENT-METROP-84', 'Despacho de Almacén', 'Vale de Salida', '05399', NULL, NULL, '2023-05-25 12:22:41', '2023-05-25 12:49:18', 7, 7, 1, 1, 8, 'Alejandro Miguel Rodríguez Quiala', NULL, 'total', NULL, 1, NULL, NULL, 'dispatch'),
	(85, 'ENT-METROP-85', 'Despacho de Almacén', 'Vale de Salida', '05387', NULL, NULL, '2023-05-25 12:48:03', '2023-05-25 12:50:12', 7, 7, 1, 1, 10, 'Felipe Flores Barroso', NULL, 'total', NULL, 1, NULL, NULL, 'dispatch'),
	(86, 'ENT-METROP-86', 'Despacho de Almacén', 'Vale de Salida', '05385', NULL, NULL, '2023-05-25 12:55:49', '2023-05-25 12:56:39', 7, 7, 1, 1, 10, 'Felipe Flores Barroso', NULL, 'total', NULL, 1, NULL, NULL, 'dispatch'),
	(87, 'ENT-METROP-87', 'Despacho de Almacén', 'Vale de Salida', '05386', NULL, NULL, '2023-05-25 13:17:52', '2023-05-25 13:18:49', 7, 7, 1, 1, 8, 'Alejandro Miguel Rodríguez Quiala', NULL, 'total', NULL, 1, NULL, NULL, 'dispatch'),
	(88, 'ENT-METROP-88', 'Despacho de Almacén', 'Vale de Salida', '05379', NULL, NULL, '2023-05-25 13:34:43', '2023-05-25 13:35:30', 7, 7, 1, 1, 9, 'Yanelis Hernández Cordova', NULL, 'total', NULL, 1, NULL, NULL, 'dispatch'),
	(89, 'ENT-METROP-89', 'Despacho de Almacén', 'Vale de Salida', '05566', NULL, NULL, '2023-05-25 15:39:47', '2023-05-25 15:41:04', 7, 7, 1, 1, 3, 'Carlos O. Santana Ortiz', NULL, 'total', NULL, 1, NULL, NULL, 'dispatch'),
	(90, 'ENT-METROP-90', 'Despacho de Almacén', 'Vale de Salida', '05538', NULL, NULL, '2023-05-25 16:14:57', '2023-05-25 16:16:03', 7, 7, 1, 1, 3, 'Carlos O. Santana Ortiz', NULL, 'total', NULL, 1, NULL, NULL, 'dispatch'),
	(91, 'ENT-METROP-91', 'Despacho de Almacén', 'Vale de Salida', '05565', NULL, NULL, '2023-05-25 16:20:21', '2023-05-25 16:21:12', 7, 7, 1, 1, 8, 'Alejandro Miguel Rodríguez Quiala', NULL, 'total', NULL, 1, NULL, NULL, 'dispatch'),
	(92, 'ENT-METROP-92', 'Despacho de Almacén', 'Vale de Salida', '05564', NULL, NULL, '2023-05-25 16:26:41', '2023-05-25 16:27:37', 7, 7, 1, 1, 8, 'Alejandro Miguel Rodríguez Quiala', NULL, 'total', NULL, 1, NULL, NULL, 'dispatch'),
	(93, 'ENT-METROP-93', 'Despacho de Almacén', 'Vale de Salida', '05455', NULL, NULL, '2023-05-25 16:32:35', '2023-05-25 16:50:34', 7, 7, 1, 1, 8, 'Alejandro Miguel Rodríguez Quiala', NULL, 'total', NULL, 1, NULL, NULL, 'dispatch'),
	(94, 'ENT-METROP-94', 'Despacho de Almacén', 'Vale de Salida', '05273', NULL, NULL, '2023-05-25 16:49:19', '2023-05-25 16:52:23', 8, 8, 1, 1, 8, 'Alejandro Miguel Rodríguez Quiala', NULL, 'total', NULL, 1, NULL, NULL, 'dispatch'),
	(95, 'ENT-METROP-95', 'Despacho de Almacén', 'Vale de Salida', '05541', NULL, NULL, '2023-05-25 17:38:52', '2023-05-25 17:40:30', 7, 7, 1, 1, 8, 'Alejandro Miguel Rodríguez Quiala', NULL, 'total', NULL, 1, NULL, NULL, 'dispatch'),
	(96, 'ENT-METROP-96', 'Despacho de Almacén', 'Vale de Salida', '05314', NULL, NULL, '2023-05-25 17:55:36', '2023-05-25 17:57:19', 7, 7, 1, 1, 2, 'Yosvanis González Pérez', NULL, 'total', NULL, 1, NULL, NULL, 'dispatch'),
	(97, 'ENT-METROP-97', 'Despacho de Almacén', 'Vale de Salida', '05257', NULL, NULL, '2023-05-25 18:13:18', '2023-05-25 18:14:28', 7, 7, 1, 1, 8, 'Alejandro Miguel Rodríguez Quiala', NULL, 'total', NULL, 1, NULL, NULL, 'dispatch'),
	(98, 'ENT-METROP-98', 'Despacho de Almacén', 'Vale de Salida', '05559', NULL, NULL, '2023-05-25 18:20:11', '2023-05-25 18:22:16', 7, 7, 1, 1, 3, 'Carlos O. Santana Ortiz', NULL, 'total', NULL, 1, NULL, NULL, 'dispatch'),
	(99, 'ENT-METROP-99', 'Despacho de Almacén', 'Vale de Salida', '05266', NULL, NULL, '2023-05-25 19:10:17', '2023-05-25 19:11:47', 7, 7, 1, 1, 8, 'Alejandro Miguel Rodríguez Quiala', NULL, 'total', NULL, 1, NULL, NULL, 'dispatch'),
	(100, 'ENT-METROP-100', 'Despacho de Almacén', 'Vale de Salida', '05301', NULL, NULL, '2023-05-25 19:18:56', '2023-05-25 19:20:13', 7, 7, 1, 1, 8, 'Alejandro Miguel Rodríguez Quiala', NULL, 'parcial', NULL, 1, NULL, NULL, 'dispatch'),
	(101, 'ENT-METROP-101', 'Despacho de Almacén', 'Vale de Salida', '05498', NULL, NULL, '2023-05-25 19:25:11', '2023-05-25 19:26:36', 8, 8, 1, 1, 8, 'Alejandro Miguel Rodríguez Quiala', NULL, 'total', NULL, 1, NULL, NULL, 'dispatch'),
	(102, 'ENT-METROP-102', 'Despacho de Almacén', 'Vale de Salida', '05275', NULL, NULL, '2023-05-26 10:42:03', '2023-05-26 10:43:07', 8, 8, 1, 1, 8, 'Alejandro Miguel Rodríguez Quiala', NULL, 'total', NULL, 1, NULL, NULL, 'dispatch'),
	(103, 'ENT-METROP-103', 'Despacho de Almacén', 'Vale de Salida', '05270', NULL, NULL, '2023-05-26 11:25:11', '2023-05-26 11:26:21', 8, 8, 1, 1, 8, 'Alejandro Miguel Rodríguez Quiala', NULL, 'total', NULL, 1, NULL, NULL, 'dispatch'),
	(104, 'ENT-METROP-104', 'Despacho de Almacén', 'Vale de Salida', '05281', NULL, NULL, '2023-05-26 12:15:36', '2023-05-26 12:32:13', 8, 8, 1, 1, 8, 'Alejandro Miguel Rodríguez Quiala', NULL, 'total', NULL, 1, NULL, NULL, 'dispatch'),
	(105, 'ENT-METROP-105', 'Despacho de Almacén', 'Vale de Salida', '05624', NULL, NULL, '2023-05-26 13:40:13', '2023-05-26 13:41:23', 7, 7, 1, 1, 9, 'Yanelis Hernández Cordova', NULL, 'total', NULL, 1, NULL, NULL, 'dispatch'),
	(106, 'ENT-METROP-106', 'Despacho de Almacén', 'Vale de Salida', '05515', NULL, NULL, '2023-05-26 14:46:19', '2023-05-26 14:50:00', 8, 8, 1, 1, 2, 'Yosvanis González Pérez', NULL, 'total', NULL, 1, NULL, NULL, 'dispatch'),
	(107, 'ENT-METROP-107', 'Despacho de Almacén', 'Vale de Salida', '05618', NULL, NULL, '2023-05-26 15:05:38', '2023-05-26 15:07:21', 7, 7, 1, 1, 3, 'Carlos O. Santana Ortiz', NULL, 'total', NULL, 1, NULL, NULL, 'dispatch'),
	(108, 'ENT-METROP-108', 'Despacho de Almacén', 'Vale de Salida', '05562', NULL, NULL, '2023-05-26 15:18:42', '2023-05-26 15:52:15', 8, 8, 1, 1, 1, 'Dayanis Duani Leira', NULL, 'total', NULL, 1, NULL, NULL, 'dispatch'),
	(109, 'ENT-METROP-109', 'Despacho de Almacén', 'Vale de Salida', '05535', NULL, NULL, '2023-05-26 15:49:50', '2023-05-26 15:53:36', 8, 8, 1, 1, 3, 'Carlos O. Santana Ortiz', NULL, 'total', NULL, 1, NULL, NULL, 'dispatch'),
	(110, 'ENT-METROP-110', 'Despacho de Almacén', 'Vale de Salida', '05613', NULL, NULL, '2023-05-26 16:00:54', '2023-05-26 16:02:27', 7, 7, 1, 1, 1, 'Dayanis Duani Leira', NULL, 'total', NULL, 1, NULL, NULL, 'dispatch'),
	(111, 'ENT-METROP-111', 'Despacho de Almacén', 'Vale de Salida', '05606', NULL, NULL, '2023-05-26 16:04:40', '2023-05-26 16:06:35', 8, 8, 1, 1, 1, 'Dayanis Duani Leira', NULL, 'total', NULL, 1, NULL, NULL, 'dispatch'),
	(112, 'ENT-METROP-112', 'Despacho de Almacén', 'Vale de Salida', '05547', NULL, NULL, '2023-05-26 16:11:25', '2023-05-26 16:13:04', 7, 7, 1, 1, 8, 'Alejandro Miguel Rodríguez Quiala', NULL, 'total', NULL, 1, NULL, NULL, 'dispatch'),
	(113, 'ENT-METROP-113', 'Despacho de Almacén', 'Vale de Salida', '05605', NULL, NULL, '2023-05-26 16:34:49', '2023-05-26 16:36:17', 8, 8, 1, 1, 1, 'Dayanis Duani Leira', NULL, 'total', NULL, 1, NULL, NULL, 'dispatch'),
	(114, 'ENT-METROP-114', 'Despacho de Almacén', 'Vale de Salida', '05458', NULL, NULL, '2023-05-26 17:17:39', '2023-05-26 17:19:07', 8, 8, 1, 1, 3, 'Carlos O. Santana Ortiz', NULL, 'parcial', NULL, 1, NULL, NULL, 'dispatch'),
	(115, 'ENT-METROP-115', 'Despacho de Almacén', 'Vale de Salida', '05572', NULL, NULL, '2023-05-26 17:30:13', '2023-05-26 17:31:22', 8, 8, 1, 1, 8, 'Alejandro Miguel Rodríguez Quiala', NULL, 'total', NULL, 1, NULL, NULL, 'dispatch'),
	(116, 'ENT-METROP-116', 'Despacho de Almacén', 'Vale de Salida', '05635', NULL, NULL, '2023-05-26 17:58:31', '2023-05-26 17:59:59', 8, 8, 1, 1, 1, 'Dayanis Duani Leira', NULL, 'total', NULL, 1, NULL, NULL, 'dispatch'),
	(117, 'ENT-METROP-117', 'Despacho de Almacén', 'Vale de Salida', '05412', NULL, NULL, '2023-05-26 18:07:43', '2023-05-26 18:09:12', 8, 8, 1, 1, 1, 'Dayanis Duani Leira', NULL, 'total', NULL, 1, NULL, NULL, 'dispatch'),
	(118, 'ENT-METROP-118', 'Despacho de Almacén', 'Vale de Salida', '05629', NULL, NULL, '2023-05-26 18:08:24', '2023-05-26 18:11:44', 7, 7, 1, 1, 9, 'Yanelis Hernández Cordova', NULL, 'total', NULL, 1, NULL, NULL, 'dispatch'),
	(119, 'ENT-METROP-119', 'Despacho de Almacén', 'Vale de Salida', '05602', NULL, NULL, '2023-05-26 18:20:07', '2023-05-26 18:21:17', 7, 7, 1, 1, 9, 'Yanelis Hernández Cordova', NULL, 'total', NULL, 1, NULL, NULL, 'dispatch'),
	(120, 'ENT-METROP-120', 'Despacho de Almacén', 'Vale de Salida', '05595', NULL, NULL, '2023-05-26 18:25:59', '2023-05-26 18:27:51', 8, 8, 1, 1, 8, 'Alejandro Miguel Rodríguez Quiala', NULL, 'total', NULL, 1, NULL, NULL, 'dispatch'),
	(121, 'ENT-METROP-121', 'Despacho de Almacén', 'Vale de Salida', '05604', NULL, NULL, '2023-05-26 18:27:45', '2023-05-26 18:29:20', 7, 7, 1, 1, 8, 'Alejandro Miguel Rodríguez Quiala', NULL, 'total', NULL, 1, NULL, NULL, 'dispatch'),
	(122, 'ENT-METROP-122', 'Despacho de Almacén', 'Vale de Salida', '05497', NULL, NULL, '2023-05-29 10:31:30', '2023-05-29 10:35:53', 7, 7, 1, 1, 10, 'Felipe Flores Barroso', 'OD CON 36 ARTICULOS DE LA HIDRO LIMPIADORA', 'total', NULL, 1, NULL, NULL, 'dispatch'),
	(123, 'ENT-METROP-123', 'Despacho de Almacén', 'Vale de Salida', '05612', NULL, NULL, '2023-05-29 13:50:48', '2023-05-29 13:52:00', 7, 7, 1, 1, 2, 'Yosvanis González Pérez', NULL, 'total', NULL, 1, NULL, NULL, 'dispatch'),
	(124, 'ENT-METROP-124', 'Despacho de Almacén', 'Vale de Salida', '05610', NULL, NULL, '2023-05-29 14:03:45', '2023-05-29 14:04:56', 7, 7, 1, 1, 2, 'Yosvanis González Pérez', NULL, 'total', NULL, 1, NULL, NULL, 'dispatch'),
	(125, 'ENT-METROP-125', 'Despacho de Almacén', 'Vale de Salida', '05614', NULL, NULL, '2023-05-29 14:11:05', '2023-05-29 14:13:57', 7, 7, 1, 1, 2, 'Yosvanis González Pérez', NULL, 'total', NULL, 1, NULL, NULL, 'dispatch'),
	(126, 'ENT-METROP-126', 'Tiro Directo Altec', NULL, '12345', 'METROP-0212', NULL, '2023-05-29 14:18:14', '2023-05-29 14:20:02', 7, 7, 1, 1, 3, 'Carlos O. Santana Ortiz', 'INVENTARIO INICIAL', 'parcial', NULL, NULL, 1, 7, 'oc'),
	(127, 'ENT-METROP-127', 'Despacho de Almacén', 'Orden de Despacho', '05591', NULL, NULL, '2023-05-29 16:40:51', '2023-05-29 16:42:35', 8, 8, 1, 1, 9, 'Yanelis Hernández Cordova', NULL, 'total', NULL, 1, NULL, NULL, 'dispatch'),
	(128, 'ENT-METROP-128', 'Tiro Directo Altec', NULL, '12345', 'METROP-0213', NULL, '2023-05-29 18:58:47', '2023-05-29 18:58:47', 7, 7, 1, 1, 3, 'Carlos O. Santana Ortiz', NULL, 'parcial', NULL, NULL, NULL, NULL, 'oc'),
	(129, 'ENT-METROP-129', 'Despacho de Almacén', 'Vale de Salida', '05638', NULL, NULL, '2023-05-30 16:12:34', '2023-05-30 16:16:44', 8, 8, 1, 1, 1, 'Dayanis Duani Leira', NULL, 'total', NULL, 1, NULL, NULL, 'dispatch'),
	(130, 'ENT-METROP-130', 'Despacho de Almacén', 'Orden de Despacho', '05664', NULL, NULL, '2023-05-30 18:01:51', '2023-05-30 18:03:13', 8, 8, 1, 1, 9, 'Yanelis Hernández Cordova', NULL, 'total', NULL, 1, NULL, NULL, 'dispatch'),
	(131, 'ENT-METROP-131', 'Despacho de Almacén', 'Orden de Despacho', '05660', NULL, NULL, '2023-05-30 18:13:08', '2023-05-30 18:14:45', 8, 8, 1, 1, 9, 'Yanelis Hernández Cordova', NULL, 'total', NULL, 1, NULL, NULL, 'dispatch'),
	(132, 'ENT-METROP-132', 'Despacho de Almacén', 'Orden de Despacho', '05598', NULL, NULL, '2023-05-30 18:21:33', '2023-05-30 18:22:53', 8, 8, 1, 1, 2, 'Yosvanis González Pérez', NULL, 'total', NULL, 1, NULL, NULL, 'dispatch'),
	(133, 'ENT-METROP-133', 'Despacho de Almacén', 'Vale de Salida', '05576', NULL, NULL, '2023-05-30 18:27:15', '2023-05-30 18:28:29', 7, 7, 1, 1, 9, 'Yanelis Hernández Cordova', NULL, 'total', NULL, 1, NULL, NULL, 'dispatch'),
	(134, 'ENT-METROP-134', 'Despacho de Almacén', 'Vale de Salida', '05239', NULL, NULL, '2023-05-30 18:28:59', '2023-05-30 18:28:59', 8, 8, 1, 1, 9, 'Yanelis Hernández Cordova', NULL, 'total', NULL, NULL, NULL, NULL, 'dispatch'),
	(135, 'ENT-METROP-135', 'Despacho de Almacén', 'Orden de Despacho', '05651', NULL, NULL, '2023-05-30 18:36:14', '2023-05-30 18:37:40', 8, 8, 1, 1, 2, 'Yosvanis González Pérez', NULL, 'total', NULL, 1, NULL, NULL, 'dispatch'),
	(136, 'ENT-METROP-136', 'Despacho de Almacén', 'Orden de Despacho', '05630', NULL, NULL, '2023-05-30 18:41:15', '2023-05-30 18:43:59', 8, 8, 1, 1, 2, 'Yosvanis González Pérez', NULL, 'total', NULL, 1, NULL, NULL, 'dispatch'),
	(137, 'ENT-METROP-137', 'Despacho de Almacén', 'Vale de Salida', '05526', NULL, NULL, '2023-05-30 18:51:22', '2023-05-30 18:53:58', 8, 8, 1, 1, 9, 'Yanelis Hernández Cordova', NULL, 'total', NULL, 1, NULL, NULL, 'dispatch'),
	(138, 'ENT-METROP-138', 'Despacho de Almacén', 'Vale de Salida', '05409', NULL, NULL, '2023-05-30 18:53:57', '2023-05-30 18:55:18', 7, 7, 1, 1, 10, 'Felipe Flores Barroso', NULL, 'total', NULL, 1, NULL, NULL, 'dispatch'),
	(139, 'ENT-METROP-139', 'Tiro Directo Altec', NULL, '12345', 'IW330202', NULL, '2023-05-31 16:29:34', '2023-05-31 16:36:41', 7, 7, 1, 1, 1, 'Dayanis Duani Leira', NULL, 'parcial', NULL, 1, NULL, NULL, 'oc'),
	(140, 'ENT-METROP-140', 'Tiro Directo Altec', NULL, '913-ALTEC-23', 'METROP-1238', NULL, '2023-06-01 11:07:35', '2023-06-01 11:23:46', 7, 7, 1, 1, 9, 'Yanelis Hernández Cordova', NULL, 'total', NULL, 1, NULL, NULL, 'oc'),
	(141, 'ENT-METROP-141', 'Despacho de Almacén', 'Orden de Despacho', '05623', NULL, NULL, '2023-06-01 11:19:05', '2023-06-01 11:54:54', 8, 8, 1, 1, 11, 'Mayra Mena Cedeño', NULL, 'total', NULL, 1, NULL, NULL, 'dispatch'),
	(142, 'ENT-METROP-142', 'Despacho de Almacén', 'Orden de Despacho', '05636', NULL, NULL, '2023-06-01 16:18:17', '2023-06-01 16:19:59', 7, 7, 1, 1, 1, 'Dayanis Duani Leira', NULL, 'total', NULL, 1, NULL, NULL, 'dispatch'),
	(143, 'ENT-METROP-143', 'Despacho de Almacén', 'Orden de Despacho', '05674', NULL, NULL, '2023-06-01 16:30:47', '2023-06-01 16:54:23', 8, 8, 1, 1, 1, 'Dayanis Duani Leira', NULL, 'total', NULL, 1, NULL, NULL, 'dispatch'),
	(144, 'ENT-METROP-144', 'Despacho de Almacén', 'Orden de Despacho', '05680', NULL, NULL, '2023-06-01 16:52:52', '2023-06-02 17:39:51', 8, 8, 1, 1, 1, 'Dayanis Duani Leira', NULL, 'total', NULL, 1, NULL, NULL, 'dispatch'),
	(145, 'ENT-METROP-145', 'Tiro Directo Altec', NULL, '04961', 'METROP-1106', NULL, '2023-06-02 15:53:11', '2023-06-02 15:54:42', 8, 8, 1, 1, 11, 'Mayra Mena Cedeño', NULL, 'parcial', NULL, 1, NULL, NULL, 'oc'),
	(146, 'ENT-METROP-146', 'Tiro Directo Altec', NULL, '04882', 'METROP-1028', NULL, '2023-06-02 17:36:39', '2023-06-02 17:38:22', 8, 8, 1, 1, 11, 'Mayra Mena Cedeño', NULL, 'total', NULL, 1, NULL, NULL, 'oc'),
	(147, 'ENT-METROP-147', 'Tiro Directo Altec', NULL, '04960', 'METROP-1099', NULL, '2023-06-02 17:48:08', '2023-06-02 17:52:41', 8, 8, 1, 1, 11, 'Mayra Mena Cedeño', NULL, 'total', NULL, 1, NULL, NULL, 'oc');

-- Volcando estructura para tabla semtinel.logistics_receipt_items_dispatch
CREATE TABLE IF NOT EXISTS `logistics_receipt_items_dispatch` (
  `id` int unsigned NOT NULL AUTO_INCREMENT,
  `id_receipt` int DEFAULT NULL,
  `odoo_id_stock_move` int DEFAULT NULL,
  `odoo_id_stock_picking` int DEFAULT NULL,
  `oc` varchar(50) COLLATE utf8mb4_general_ci DEFAULT NULL,
  `product_code` varchar(50) COLLATE utf8mb4_general_ci DEFAULT NULL,
  `category_name` varchar(50) COLLATE utf8mb4_general_ci DEFAULT NULL,
  `category_complete_name` varchar(255) COLLATE utf8mb4_general_ci DEFAULT NULL,
  `docnum` varchar(50) COLLATE utf8mb4_general_ci DEFAULT NULL,
  `item_description` text CHARACTER SET utf8mb4 COLLATE utf8mb4_general_ci,
  `um` varchar(50) COLLATE utf8mb4_general_ci DEFAULT NULL,
  `product_quantity` decimal(8,3) DEFAULT NULL,
  `received_quantity` decimal(8,3) DEFAULT NULL,
  `stowage_card` varchar(50) COLLATE utf8mb4_general_ci DEFAULT NULL,
  `price_unit` decimal(8,2) DEFAULT NULL,
  `price_total` decimal(8,2) DEFAULT NULL,
  `comment` text COLLATE utf8mb4_general_ci,
  `created_at` datetime DEFAULT NULL,
  `updated_at` datetime DEFAULT NULL,
  PRIMARY KEY (`id`)
) ENGINE=InnoDB DEFAULT CHARSET=utf8mb4 COLLATE=utf8mb4_general_ci;

-- Volcando datos para la tabla semtinel.logistics_receipt_items_dispatch: ~231 rows (aproximadamente)
INSERT INTO `logistics_receipt_items_dispatch` (`id`, `id_receipt`, `odoo_id_stock_move`, `odoo_id_stock_picking`, `oc`, `product_code`, `category_name`, `category_complete_name`, `docnum`, `item_description`, `um`, `product_quantity`, `received_quantity`, `stowage_card`, `price_unit`, `price_total`, `comment`, `created_at`, `updated_at`) VALUES
	(1, 5, 1112430, 202218, 'BARC61-1601', 'EST-CUBI-IMPE-0128', 'IMPE', 'EST / CUBIERTA / IMPERMEABLE', 'METROP/OUT/05496', '[EST-CUBI-IMPE-0128] ESCUDO SBS/15 M4 VERDE SP, Lámina de 1 m x 10 m y 4 kg/m2 de betún modificado con elastómeros, con armadura de fieltro de poliéster no tejido y reforzado, acabado interior plástico y exterior gránulos minerales o pizarra.\nColocar por adhesión median', 'M2', 250.000, 250.000, '10233', 4.27, 1069.38, NULL, '2023-05-18 09:32:59', '2023-05-18 09:32:59'),
	(2, 54, 1111022, 201813, 'PRA70B-0098', 'ELE-LUMI-TECN-4976', 'TECN', 'ELE / LUMINARIAS / TECNICAS', 'METROP/OUT/05474', '[ELE-LUMI-TECN-4976] Proyector de LED Cuerpo de aluminio a presión, pintado color blanco o negro. IP65, con elemento de fijación orientable sobre el eje vertical, aprietacable para usos profesionales (1 m.).\nPuede ser conectado a sensores de movimiento o crepusculares. Aparato con Clase 1, Led de 30W 2650 lumen 4000K apertura del haz 120°, horas de vida 25,000, alimentacion 220-240V 60Hz Factor de potencia 0,98', 'Unit(s)', 20.000, 20.000, '2137913', 16.35, 327.14, NULL, '2023-05-23 14:07:13', '2023-05-23 14:07:13'),
	(3, 72, 1105117, 200187, 'PAKY23-0550', 'ACA-5309', 'ACA', 'ACA', 'METROP/OUT/05384', '[ACA-5309] ULTRABOND ECO V4 SP/ Adhesivo Universal en dispersion acuosa (cubeta 16 kg).', 'KILOGRAMOS', 240.000, 240.000, '2158118', 6.16, 1478.66, NULL, '2023-05-24 16:30:01', '2023-05-24 16:30:01'),
	(4, 72, 1105116, 200187, 'PAKY23-0822', 'ACA-5688', 'AISLANTE', 'ACA / ENCHAPE / AISLANTE', 'METROP/OUT/05384', '[ACA-5688] MAPESONIC CR - Espesor 2 mm - Rollos de 30ml x 1ml ancho (M2)', 'M2', 400.000, 400.000, '2158119', 9.72, 3888.00, NULL, '2023-05-24 16:30:01', '2023-05-24 16:30:01'),
	(5, 73, 1111539, 202004, 'ROCAN1-0332', 'ACA-REVE-0002', 'REVE', 'ACA / REVESTIMIENTO', 'METROP/OUT/05482', '[ACA-REVE-0002] PAVIMIENTO RESINA EPOXICA - GENERICO (KG)', 'kg', 2404.000, 2404.000, '2158120', 0.72, 1745.04, NULL, '2023-05-24 16:34:04', '2023-05-24 16:34:04'),
	(6, 74, 1113143, 202390, 'METROP-0456', 'ACA-4997', 'ACA', 'ACA', 'METROP/OUT/05500', '[ACA-4997] Serie BARCELONA - Dispensador papel higienico brillo', 'UNIDAD', 29.000, 29.000, '2158121', 14.77, 428.59, NULL, '2023-05-24 16:50:03', '2023-05-24 16:50:03'),
	(7, 74, 1113145, 202390, 'METROP-0456', 'ACA-4998', 'ACA', 'ACA', 'METROP/OUT/05500', '[ACA-4998] Serie BARCELONA - Percha', 'UNIDAD', 57.000, 57.000, '2158123', 8.60, 490.42, NULL, '2023-05-24 16:50:04', '2023-05-24 16:50:04'),
	(8, 74, 1113144, 202390, 'METROP-0456', 'MOB-ACCE-BAÑO-0573', 'BAÑO', 'MOB / ACCESORIOS / BAÑO', 'METROP/OUT/05500', '[MOB-ACCE-BAÑO-0573] Serie BARCELONA - Dispensador de papel162x85x50 mm.', 'UNIDAD', 29.000, 29.000, '2158122', 11.25, 326.41, NULL, '2023-05-24 16:50:04', '2023-05-24 16:50:04'),
	(9, 74, 1113149, 202390, 'METROP-0456', 'MOB-ACCE-BAÑO-0583', 'BAÑO', 'MOB / ACCESORIOS / BAÑO', 'METROP/OUT/05500', '[MOB-ACCE-BAÑO-0583] Serie BARCELONA - Repisa de vidrio 530x155x64', 'UNIDAD', 2.000, 2.000, '2158128', 22.16, 44.33, NULL, '2023-05-24 16:50:04', '2023-05-24 16:50:04'),
	(10, 74, 1113147, 202390, 'METROP-0456', 'MOB-ACCE-BAÑO-0586', 'BAÑO', 'MOB / ACCESORIOS / BAÑO', 'METROP/OUT/05500', '[MOB-ACCE-BAÑO-0586] Serie BARCELONA - Toallero 630x80x50', 'UNIDAD', 37.000, 37.000, '2158125', 19.21, 710.84, NULL, '2023-05-24 16:50:04', '2023-05-24 16:50:04'),
	(11, 74, 1113146, 202390, 'METROP-0456', 'MOB-ACCE-BAÑO-0587', 'BAÑO', 'MOB / ACCESORIOS / BAÑO', 'METROP/OUT/05500', '[MOB-ACCE-BAÑO-0587] Serie BARCELONA - Toallero aro 184x70x180', 'UNIDAD', 8.000, 8.000, '2158124', 12.49, 99.98, NULL, '2023-05-24 16:50:04', '2023-05-24 16:50:04'),
	(12, 74, 1113148, 202390, 'METROP-0456', 'MOB-ACCE-BAÑO-0669', 'BAÑO', 'MOB / ACCESORIOS / BAÑO', 'METROP/OUT/05500', '[MOB-ACCE-BAÑO-0669] Serie SIENA - Asidero angular con jaboneralaton cromado', 'UNIDAD', 26.000, 26.000, '2158127', 30.67, 797.66, NULL, '2023-05-24 16:50:04', '2023-05-24 16:50:04'),
	(13, 75, 1113289, 202405, 'SALIN2-0574', 'HID-TUAC-CPBL-0372', 'CPBL', 'HID / TUBERÍA Y ACCESORIO / CPVC BLAZE MASTER', 'METROP/OUT/05501', '[HID-TUAC-CPBL-0372] Brida Loca de CPVC Blaze Master de 2 1/2"', 'UNIDAD', 34.000, 2.000, '2158129', 10.97, 21.94, NULL, '2023-05-24 16:59:37', '2023-05-24 16:59:37'),
	(14, 76, 1108085, 201132, 'ROCAN1-0719', 'ACA-ENCH-1266', 'ENCH', 'ACA / ENCHAPE', 'METROP/OUT/05445', '[ACA-ENCH-1266] "Encimera con 1cl biselado y brillado a\n4mm. Brillado por la superficie inferior hasta\n100mm de profundidad. Ver planos. Sin orificio.Roca Semidura con TratamientoCrema ValleBrillado1820 x 600 x 30"', 'UNIDAD', 2.000, 2.000, '2158131', 207.36, 414.72, NULL, '2023-05-24 17:04:16', '2023-05-24 17:04:16'),
	(15, 76, 1108064, 201132, 'METROP-0148', 'ACA-MARM-ENCI-0452', 'ENCI', 'ACA / MARMOL / ENCIMERA', 'METROP/OUT/05445', '[ACA-MARM-ENCI-0452] Faldon de marmol para encimera', 'Unit(s)', 11.000, 11.000, '2158130', 36.75, 404.35, NULL, '2023-05-24 17:04:16', '2023-05-24 17:04:16'),
	(16, 77, 1112275, 202181, 'ROCAN2-0188', 'ACA-3673', 'ACA', 'ACA', 'METROP/OUT/05491', '[ACA-3673] ENCIMERA DE PIEDRA RECONSTRUIDA TIPO SILESTONEACABADO PULIDO COLOR WHITE STORM.LOS HUECOS PARA CONEXIONES DE LAVAMANOS NO INCLUIDOS (SE HARÁN EN OBRA)DIMENSIONES:50X1570X700', 'UNIDAD', 7.000, 7.000, '2158132', 24.63, 172.42, NULL, '2023-05-24 17:06:49', '2023-05-24 17:06:49'),
	(17, 78, 1113795, 202520, 'IW350602', 'EQU-11512', 'EQU', 'EQU', 'METROP/OUT/05509', '[EQU-11512] Lijadoras de pared y techo Metabo LSV 5-225, 220-240 V, 50 - 60 Hz, Ref. 600103000', 'UNIDAD', 4.000, 4.000, '2158133', 500.77, 2003.12, NULL, '2023-05-24 17:11:03', '2023-05-24 17:11:03'),
	(18, 78, 1113794, 202520, 'BAR61A-0865', 'HER-MANU-5569', 'MANU', 'HER / MANUALES', 'METROP/OUT/05509', '[HER-MANU-5569] MEZCLADORA RUBIMIX-9 N 210-240V 50-60 Hz. RUBI. Ref. 25940', 'UNIDAD', 2.000, 2.000, '2158134', 111.22, 222.44, NULL, '2023-05-24 17:11:03', '2023-05-24 17:11:03'),
	(19, 79, 1111514, 201995, 'METROP-0491', 'ACA-2729', 'ACA', 'ACA', 'METROP/OUT/05481', '[ACA-2729] "326 MorcemColor Junta Universal 20 Kg Blanca 154. EL PRECIO DEL PRODUCTO MORCEMCOLOR ES VALIDO PARA LOS COLORES AMARILLO 150, BLANCO 154, BEIGE 172, \nGRIS 156, MACAEL 157, SALMON 162, HUESO 183"', 'KILOGRAMOS', 125.000, 125.000, '2158135', 4.04, 505.30, NULL, '2023-05-24 17:13:49', '2023-05-24 17:13:49'),
	(20, 80, 1097846, 198584, 'METROP-0033', 'ACA-3683', 'ACA', 'ACA', 'METROP/OUT/05339', '[ACA-3683] ESPATULA MANGO BIMATERIAL EBESA HP0056', 'UNIDAD', 40.000, 40.000, '2158139', 7.99, 319.92, NULL, '2023-05-24 18:00:54', '2023-05-24 18:00:54'),
	(21, 80, 1097844, 198584, 'ROCAN2-1415', 'ACA-4040', 'ACA', 'ACA', 'METROP/OUT/05339', '[ACA-4040] Llana de goma blanda BELLOTA Ref.5888', 'UNIDAD', 17.000, 17.000, '2158138', 6.28, 106.87, NULL, '2023-05-24 18:00:54', '2023-05-24 18:00:54'),
	(22, 80, 1097854, 198584, 'METROP-0033', 'CON-8981', 'CON', 'CON', 'METROP/OUT/05339', '[CON-8981] Regle de aluminio reforzado de 100x20mm,longitud 2mts. NOGOSA.', 'UNIDAD', 10.000, 10.000, '2484', 8.74, 87.40, NULL, '2023-05-24 18:00:54', '2023-05-24 18:00:54'),
	(23, 80, 1097841, 198584, 'METROP-0033', 'ELE-5327', 'ELE', 'ELE', 'METROP/OUT/05339', '[ELE-5327] Espatula rigida', 'UNIDAD', 22.000, 22.000, '2158136', 0.70, 15.42, NULL, '2023-05-24 18:00:54', '2023-05-24 18:00:54'),
	(24, 80, 1097851, 198584, 'METROP-0033', 'EQU-10326', 'EQU', 'EQU', 'METROP/OUT/05339', '[EQU-10326] Espatula acero inox mango madera 100 mm. 7301-10 ZUBI-ONDO', 'UNIDAD', 10.000, 10.000, '2483', 13.44, 134.47, NULL, '2023-05-24 18:00:54', '2023-05-24 18:00:54'),
	(25, 80, 1097842, 198584, 'IW930016', 'EQU-10330', 'EQU', 'EQU', 'METROP/OUT/05339', '[EQU-10330] Espatula mango madera 100 mm ALYCO', 'UNIDAD', 19.000, 19.000, '2158137', 1.54, 29.31, NULL, '2023-05-24 18:00:54', '2023-05-24 18:00:54'),
	(26, 80, 1097847, 198584, 'BARC61-0208', 'EST-3908', 'EST', 'EST', 'METROP/OUT/05339', '[EST-3908] ESPATULA HR M/BICOMPONENTE 100 MM', 'UNIDAD', 25.000, 25.000, '2158140', 2.06, 51.55, NULL, '2023-05-24 18:00:55', '2023-05-24 18:00:55'),
	(27, 80, 1097849, 198584, 'IW750705', 'HER-MANU-4690', 'MANU', 'HER / MANUALES', 'METROP/OUT/05339', '[HER-MANU-4690] Espatula mango madera 100 mm ALYCO / FERROTECH', 'UNIDAD', 10.000, 10.000, '2482', 8.62, 86.25, NULL, '2023-05-24 18:00:55', '2023-05-24 18:00:55'),
	(28, 80, 1097848, 198584, '1ERAYB-0873', 'HER-MANU-6246', 'MANU', 'HER / MANUALES', 'METROP/OUT/05339', '[HER-MANU-6246] Raspador Mortero 240x144 Colotool 20215', 'UNIDAD', 10.000, 10.000, '2481', 7.68, 76.82, NULL, '2023-05-24 18:00:55', '2023-05-24 18:00:55'),
	(29, 81, 1117661, 203203, 'CAGAEI-0070', 'ELE-15739', 'ELE', 'ELE', 'METROP/OUT/05540', '[ELE-15739] Marco Embellecedor SE8000 Plata', 'Unit(s)', 20.000, 20.000, '2489', 1.11, 22.23, NULL, '2023-05-24 18:15:47', '2023-05-24 18:15:47'),
	(30, 81, 1117659, 203203, 'METROP-0230', 'ELE-31629', 'ELE', 'ELE', 'METROP/OUT/05540', '[ELE-31629] Embellecedor doble barra estándar, 3mm, Zamak cromado', 'Unit(s)', 224.000, 224.000, '2488', 1.11, 249.01, NULL, '2023-05-24 18:15:47', '2023-05-24 18:15:47'),
	(31, 81, 1117658, 203203, 'PAKY23-0023', 'GAS-2951', 'GAS', 'GAS - GASTRONOMIA', 'METROP/OUT/05540', '[GAS-2951] ROCIADOR CUADRADO 300X300 MM, FABRICADO EN LATONCROMADO DE ALTA CALIDAD LATON CONTENIENDO: CU = 60 %.PURO Y BAJO CONTENIDO EN PLOMO. CAPA DE CROMO FORMADOPOR : NI =10 ƒªM + CR = 0.20 ƒªM,', 'UNIDAD', 274.000, 274.000, '2490', 3.16, 868.28, NULL, '2023-05-24 18:15:47', '2023-05-24 18:15:47'),
	(32, 81, 1117656, 203203, 'METROP-0159', 'HID-14481', 'HID', 'HID', 'METROP/OUT/05540', '[HID-14481] Latiguillo flexible de 500 mm de 1/2" H-H.', 'UNIDAD', 170.000, 170.000, '2485', 14.96, 2544.08, NULL, '2023-05-24 18:15:48', '2023-05-24 18:15:48'),
	(33, 81, 1117660, 203203, 'IW750587', 'HID-16672', 'HID', 'HID', 'METROP/OUT/05540', '[HID-16672] Rociador colgante (pendent) tipo oculto Modelo GL5606.', 'UNIDAD', 100.000, 100.000, '2491', 3.42, 342.43, NULL, '2023-05-24 18:15:48', '2023-05-24 18:15:48'),
	(34, 81, 1117657, 203203, '730264', 'HID-GRIF-3517', 'GRIF', 'HID / GRIFERIA', 'METROP/OUT/05540', '[HID-GRIF-3517] ROCIADOR COB.ESTAN. 1/2" K80 PARED BLANCO 9010 RESP. RAPIDA 68 C NPT HOMOLOGADO FM APROVVED, UL LISTED, LPCB, VDS, CE, SBSC, Gost MAXIMUM WORKING PRESSURE 12.1 bar (175 psi) (SSC080PWQ2)', 'Unit(s)', 384.000, 384.000, '2486', 3.15, 1211.21, NULL, '2023-05-24 18:15:48', '2023-05-24 18:15:48'),
	(35, 82, 1094291, 197574, 'ROCAN2-0472', 'ACA-4161', 'ACA', 'ACA', 'METROP/OUT/05286', '[ACA-4161] MONOMANDO LAVABO MODELO BALANCE CON DESAGÜE AUTOMÁTICO, CON CARTUCHO ECÓLOGICO, ENLACE DE ALIMENTACIÓN FLEXIBLE DE 3/8" Y AIREADOR ECOLÓGICO CON LIMITADOR DE CAUDAL', 'UNIDAD', 8.000, 8.000, '2158160', 62.84, 502.76, NULL, '2023-05-25 09:41:38', '2023-05-25 09:41:38'),
	(36, 82, 1094294, 197574, 'METROP-0408', 'CON-5108', 'CON', 'CON', 'METROP/OUT/05286', '[CON-5108] (TR-035) Brazo en ángulo recto de 45cms de longitud y chapetón para regadera de plato grande, en latón cromado. fr. aranc. 8481.80.00', 'UNIDAD', 8.000, 8.000, '2158161', 10.17, 81.43, NULL, '2023-05-25 09:41:38', '2023-05-25 09:41:38'),
	(37, 82, 1094296, 197574, 'METROP-0408', 'CON-5110', 'CON', 'CON', 'METROP/OUT/05286', '[CON-5110] 0002.30.74182000007 - LATIGUILLO FLE+D306XIBLE DE 1/2 L= 20 CM DC 9050', 'UNIDAD', 16.000, 16.000, '2158162', 15.74, 251.93, NULL, '2023-05-25 09:41:38', '2023-05-25 09:41:38'),
	(38, 82, 1094290, 197574, 'BAR61A-0350', 'CON-5684', 'CON', 'CON', 'METROP/OUT/05286', '[CON-5684] Alargadera con embellecedor de acero inox 120x120 mm Ref 31449', 'UNIDAD', 8.000, 8.000, '2158163', 5.59, 44.73, NULL, '2023-05-25 09:41:38', '2023-05-25 09:41:38'),
	(39, 82, 1094299, 197574, 'METROP-0248', 'COR-CCTV-0242', 'CCTV', 'COR / CCTV', 'METROP/OUT/05286', '[COR-CCTV-0242] LATIGUILLOS RJ45 LSZH - Cat.6 UTP - 1.00m', 'UNIDAD', 10.000, 10.000, '2158164', 1.89, 18.92, NULL, '2023-05-25 09:41:38', '2023-05-25 09:41:38'),
	(40, 82, 1094293, 197574, 'IW340059', 'GAS-1771', 'GAS', 'GAS - GASTRONOMIA', 'METROP/OUT/05286', '[GAS-1771] BRAZO DE DUCHA A MURO FABRICADO ACERO INOXIDABLECALIDAD ASI 304 TERMINACIÓN BRILLO, REDONDO LONGITUD400 MM. MARCA PAFFONI', 'UNIDAD', 8.000, 8.000, '2158165', 18.55, 148.42, NULL, '2023-05-25 09:41:39', '2023-05-25 09:41:39'),
	(41, 82, 1094287, 197574, 'IW340059', 'GAS-2605', 'GAS', 'GAS - GASTRONOMIA', 'METROP/OUT/05286', '[GAS-2605] MEZCLADORA DE DUCHA P/EMPOTRAR, INVERSOR, 2 ENTRADASDE 1/2" RH P/AGUA FRIA Y CALIENTE. CON 2 SALIDAS RH 1/2Y 3/4. CON PLACA EMBELLECEDORA ƒ³170 CM REDONDA YLEVAS FABRICADO EN LATON CROMADO DE ALTA CALIDAD. MARCA TEOREMA', 'UNIDAD', 6.000, 6.000, '2158166', 48.88, 293.29, NULL, '2023-05-25 09:41:39', '2023-05-25 09:41:39'),
	(42, 82, 1094292, 197574, 'PAKY23-0023', 'GAS-2951', 'GAS', 'GAS - GASTRONOMIA', 'METROP/OUT/05286', '[GAS-2951] ROCIADOR CUADRADO 300X300 MM, FABRICADO EN LATONCROMADO DE ALTA CALIDAD LATON CONTENIENDO: CU = 60 %.PURO Y BAJO CONTENIDO EN PLOMO. CAPA DE CROMO FORMADOPOR : NI =10 ƒªM + CR = 0.20 ƒªM,', 'UNIDAD', 8.000, 8.000, '2158167', 17.45, 139.62, NULL, '2023-05-25 09:41:39', '2023-05-25 09:41:39'),
	(43, 82, 1094289, 197574, 'CORONA-0292', 'HID-18834', 'HID', 'HID', 'METROP/OUT/05286', '[HID-18834] Valvula de desague automatica clik-clak 1-1/4" de laton cromado. LUXE', 'UNIDAD', 6.000, 6.000, '2158168', 7.79, 46.75, NULL, '2023-05-25 09:41:39', '2023-05-25 09:41:39'),
	(44, 82, 1094295, 197574, 'P1RAYD-0590', 'HID-GRIF-2638', 'GRIF', 'HID / GRIFERIA', 'METROP/OUT/05286', '[HID-GRIF-2638] Llave de angulo de 1/4 de vuelta con floron, rosca macho de 1/2" x 1/2" con cierre de arco. Fabricado en laton cromado de alta calidad y bajo contenido de Plomo. Aleacion CW617N con Cu = 59%. Con capa cromada de espesor: Cr=(0.15 a 0.60) fim + Ni =', 'UNIDAD', 8.000, 8.000, '2158169', 3.48, 27.90, NULL, '2023-05-25 09:41:39', '2023-05-25 09:41:39'),
	(45, 82, 1094288, 197574, '1RAY70-0006', 'HID-GRIF-3255', 'GRIF', 'HID / GRIFERIA', 'METROP/OUT/05286', '[HID-GRIF-3255] Sifon lavabo 1-1/4" con floron de laton cromado, orientable para agujeros desplazados Cromado laton: 15 micras de espesor de niquel, 0,6 micras de cromo (REF 810379366)', 'UNIDAD', 6.000, 6.000, '2158170', 10.90, 65.46, NULL, '2023-05-25 09:41:39', '2023-05-25 09:41:39'),
	(46, 82, 1094298, 197574, '1RAY70-0682', 'HID-GRIF-3554', 'GRIF', 'HID / GRIFERIA', 'METROP/OUT/05286', '[HID-GRIF-3554] Valvula desague vertedero 1-1/4" con tapon, cadena y anilla', 'Unit(s)', 10.000, 10.000, '2158171', 4.57, 45.76, NULL, '2023-05-25 09:41:40', '2023-05-25 09:41:40'),
	(47, 83, 1105367, 200320, NULL, 'HER-MANU-5148', 'MANU', 'HER / MANUALES', 'METROP/OUT/05392', '[HER-MANU-5148] Kit pistola de aire para compresor.Composición del juego: - 1 Pistola de soplar. - 1 Hinchador de neumáticos. - Espiral 5M. - Juego de 3 boquillas. - Conexión rápida. CEVIK.', 'UNIDAD', 1.000, 1.000, '2158172', 22.11, 22.11, NULL, '2023-05-25 10:41:18', '2023-05-25 10:41:18'),
	(48, 84, 1105507, 200374, 'IW350597', 'TUAC-COBR-GLP-0913', 'GLP', 'HID / TUBERÍA Y ACCESORIO / COBRE / GAS LICUADO', 'METROP/OUT/05399', '[TUAC-COBR-GLP-0913] Brida polo nylon largo mm. 302 x ancho mm. 3,6 en paquetes de 100 piezas.', 'PAQUETE', 965.000, 965.000, '2158173', 1.58, 1524.70, NULL, '2023-05-25 12:22:41', '2023-05-25 12:22:41'),
	(49, 84, 1105508, 200374, 'IW350597', 'TUAC-COBR-GLP-0919', 'GLP', 'HID / TUBERÍA Y ACCESORIO / COBRE / GAS LICUADO', 'METROP/OUT/05399', '[TUAC-COBR-GLP-0919] Calso antivibratorio para unidad evaporadora paso 8 mm.', 'UNIDAD', 30.000, 30.000, '2158174', 0.51, 15.60, NULL, '2023-05-25 12:22:41', '2023-05-25 12:22:41'),
	(50, 84, 1105509, 200374, '1ERAYB-0861', 'TUAC-COBR-GLP-0920', 'GLP', 'HID / TUBERÍA Y ACCESORIO / COBRE / GAS LICUADO', 'METROP/OUT/05399', '[TUAC-COBR-GLP-0920] Calzo antivibratorio de caucho color negro, con esparrago de 35 mm, conexion M8, adecuado para unidades condensadoras hasta 50 kg.', 'UNIDAD', 30.000, 30.000, '2158175', 0.46, 14.10, NULL, '2023-05-25 12:22:42', '2023-05-25 12:22:42'),
	(51, 84, 1105510, 200374, 'IW350597', 'TUAC-COBR-GLP-0953', 'GLP', 'HID / TUBERÍA Y ACCESORIO / COBRE / GAS LICUADO', 'METROP/OUT/05399', '[TUAC-COBR-GLP-0953] Fijacion de tuberia aisladas modelo grip locks tipo 1 para tuberia de cobre de diametro 1/4\'\' hasta diametro 1/2\'\'.', 'UNIDAD', 30.000, 30.000, '2158176', 1.17, 35.40, NULL, '2023-05-25 12:22:42', '2023-05-25 12:22:42'),
	(52, 84, 1105511, 200374, 'IW350597', 'TUAC-COBR-GLP-0954', 'GLP', 'HID / TUBERÍA Y ACCESORIO / COBRE / GAS LICUADO', 'METROP/OUT/05399', '[TUAC-COBR-GLP-0954] Fijacion de tuberia aisladas modelo grip locks tipo 2 para tuberia de cobre de diametro 3/8\'\' hasta diametro 5/8\'\'.', 'UNIDAD', 30.000, 30.000, '2158177', 1.21, 36.30, NULL, '2023-05-25 12:22:42', '2023-05-25 12:22:42'),
	(53, 84, 1105512, 200374, 'IW350597', 'TUAC-COBR-GLP-0965', 'GLP', 'HID / TUBERÍA Y ACCESORIO / COBRE / GAS LICUADO', 'METROP/OUT/05399', '[TUAC-COBR-GLP-0965] Manguito de Union para tuberia de cobre diametro 1/2\'\' HH.', 'UNIDAD', 40.000, 40.000, '2158178', 0.50, 20.00, NULL, '2023-05-25 12:22:42', '2023-05-25 12:22:42'),
	(54, 84, 1105514, 200374, 'IW350597', 'TUAC-COBR-GLP-0966', 'GLP', 'HID / TUBERÍA Y ACCESORIO / COBRE / GAS LICUADO', 'METROP/OUT/05399', '[TUAC-COBR-GLP-0966] Manguito de Union para tuberia de cobre diametro 3/4\'\' HH.', 'UNIDAD', 40.000, 40.000, '2158179', 1.23, 49.20, NULL, '2023-05-25 12:22:42', '2023-05-25 12:22:42'),
	(55, 84, 1105513, 200374, 'IW350597', 'TUAC-COBR-GLP-0967', 'GLP', 'HID / TUBERÍA Y ACCESORIO / COBRE / GAS LICUADO', 'METROP/OUT/05399', '[TUAC-COBR-GLP-0967] Manguito de Union para tuberia de cobre diametro 1/4\'\' HH.', 'UNIDAD', 40.000, 40.000, '2158180', 0.25, 10.40, NULL, '2023-05-25 12:22:42', '2023-05-25 12:22:42'),
	(56, 84, 1105515, 200374, 'IW350597', 'TUAC-COBR-GLP-0968', 'GLP', 'HID / TUBERÍA Y ACCESORIO / COBRE / GAS LICUADO', 'METROP/OUT/05399', '[TUAC-COBR-GLP-0968] Manguito de Union para tuberia de cobre diametro 3/8\'\' HH.', 'UNIDAD', 40.000, 40.000, '2158181', 0.27, 10.80, NULL, '2023-05-25 12:22:43', '2023-05-25 12:22:43'),
	(57, 84, 1105516, 200374, 'IW350597', 'TUAC-COBR-GLP-0969', 'GLP', 'HID / TUBERÍA Y ACCESORIO / COBRE / GAS LICUADO', 'METROP/OUT/05399', '[TUAC-COBR-GLP-0969] Manguito de Union para tuberia de cobre diametro 5/8\'\' HH.', 'UNIDAD', 40.000, 40.000, '2158182', 0.50, 20.40, NULL, '2023-05-25 12:22:43', '2023-05-25 12:22:43'),
	(58, 84, 1105517, 200374, 'COMHAB-0675', 'TUAC-COBR-GLP-1151', 'GLP', 'HID / TUBERÍA Y ACCESORIO / COBRE / GAS LICUADO', 'METROP/OUT/05399', '[TUAC-COBR-GLP-1151] Tuerca para tuberia de cobre conexion roscada diametro 1/2\'\'.', 'UNIDAD', 30.000, 30.000, '2158183', 0.91, 27.30, NULL, '2023-05-25 12:22:43', '2023-05-25 12:22:43'),
	(59, 84, 1105519, 200374, 'IW350597', 'TUAC-COBR-GLP-1153', 'GLP', 'HID / TUBERÍA Y ACCESORIO / COBRE / GAS LICUADO', 'METROP/OUT/05399', '[TUAC-COBR-GLP-1153] Tuerca para tuberia de cobre conexion roscada diametro 3/4\'\'.', 'UNIDAD', 30.000, 30.000, '2158184', 2.39, 71.70, NULL, '2023-05-25 12:22:43', '2023-05-25 12:22:43'),
	(60, 84, 1105518, 200374, 'COMHAB-0675', 'TUAC-COBR-GLP-1154', 'GLP', 'HID / TUBERÍA Y ACCESORIO / COBRE / GAS LICUADO', 'METROP/OUT/05399', '[TUAC-COBR-GLP-1154] Tuerca para tuberia de cobre conexion roscada diametro 1/4\'\'.', 'UNIDAD', 30.000, 30.000, '0002492', 0.50, 15.00, NULL, '2023-05-25 12:22:43', '2023-05-25 12:22:43'),
	(61, 84, 1105520, 200374, 'COMHAB-0675', 'TUAC-COBR-GLP-1155', 'GLP', 'HID / TUBERÍA Y ACCESORIO / COBRE / GAS LICUADO', 'METROP/OUT/05399', '[TUAC-COBR-GLP-1155] Tuerca para tuberia de cobre conexion roscada diametro 3/8\'\'.', 'UNIDAD', 50.000, 50.000, '0002493', 0.80, 40.00, NULL, '2023-05-25 12:22:43', '2023-05-25 12:22:43'),
	(62, 84, 1105521, 200374, 'IW350597', 'TUAC-COBR-GLP-1156', 'GLP', 'HID / TUBERÍA Y ACCESORIO / COBRE / GAS LICUADO', 'METROP/OUT/05399', '[TUAC-COBR-GLP-1156] Tuerca para tuberia de cobre conexion roscada diametro 5/8\'\'.', 'UNIDAD', 30.000, 30.000, '0002494', 1.44, 43.20, NULL, '2023-05-25 12:22:43', '2023-05-25 12:22:43'),
	(63, 85, 1105341, 200304, 'IW930017', 'HER-MANU-4097', 'MANU', 'HER / MANUALES', 'METROP/OUT/05387', '[HER-MANU-4097] CORTATUBOS TUBO BR-AL-CU DIAM 3-30 MM COD. 111510', 'UNIDAD', 4.000, 4.000, '0002495', 6.84, 27.36, NULL, '2023-05-25 12:48:03', '2023-05-25 12:48:03'),
	(64, 85, 1105342, 200304, 'QUEB24-0889', 'HER-MANU-4112', 'MANU', 'HER / MANUALES', 'METROP/OUT/05387', '[HER-MANU-4112] CUCHILLA CORTATUBOS CU-BR-AL PARA 111511 COD 111534', 'UNIDAD', 10.000, 10.000, '0002496', 2.06, 20.70, NULL, '2023-05-25 12:48:03', '2023-05-25 12:48:03'),
	(65, 85, 1105343, 200304, 'ROCAN2-1415', 'HER-MANU-6027', 'MANU', 'HER / MANUALES', 'METROP/OUT/05387', '[HER-MANU-6027] Pie de rey de 150MM acero inoxidable, graduado en mm y pulgadas, escala Vernier para 1/128" y 1/20mm, cierre rápido. LIMIT.', 'UNIDAD', 1.000, 1.000, '0002497', 12.18, 12.18, NULL, '2023-05-25 12:48:04', '2023-05-25 12:48:04'),
	(66, 85, 1105344, 200304, 'FATMPA-0001', 'HER-MANU-6731', 'MANU', 'HER / MANUALES', 'METROP/OUT/05387', '[HER-MANU-6731] Zinc brillante 400ml. MEDID [TO ARCHIVE]', 'UNIDAD', 40.000, 40.000, '0002498', 5.42, 216.80, NULL, '2023-05-25 12:48:04', '2023-05-25 12:48:04'),
	(67, 86, 1105284, 200281, 'QUEB24-0918', 'EQU-13181', 'EQU', 'EQU', 'METROP/OUT/05385', '[EQU-13181] Roscadora univ. portatil SUPER EGO / ROTHENBERGER Supertronic 2000, Ref. 864223200', 'UNIDAD', 2.000, 2.000, '2499', 778.46, 1556.92, NULL, '2023-05-25 12:55:49', '2023-05-25 12:55:49'),
	(68, 87, 1105306, 200293, NULL, 'HER-ELEC-3812', 'ELEC', 'HER / ELECTRICAS', 'METROP/OUT/05386', '[HER-ELEC-3812] Cuchillas (Threading Dies). Ref: Rothenberger2017, Precision Threading Dies 2" No.070946X.', 'UNIDAD', 6.000, 6.000, '2500', 47.68, 286.08, NULL, '2023-05-25 13:17:53', '2023-05-25 13:17:53'),
	(69, 87, 1105305, 200293, NULL, 'HER-ELEC-3813', 'ELEC', 'HER / ELECTRICAS', 'METROP/OUT/05386', '[HER-ELEC-3813] Cuchillas (Threading Dies). Ref: Rothenberger2017, Precision Threading Dies 1/2", No 070918X', 'UNIDAD', 6.000, 6.000, '2501', 47.68, 286.08, NULL, '2023-05-25 13:17:53', '2023-05-25 13:17:53'),
	(70, 87, 1105307, 200293, NULL, 'HER-ELEC-3814', 'ELEC', 'HER / ELECTRICAS', 'METROP/OUT/05386', '[HER-ELEC-3814] Cuchillas (Threading Dies). Ref: Rothenberger2017, Precision Threading Dies 3/4", No 070919X', 'UNIDAD', 4.000, 4.000, '2502', 47.68, 190.72, NULL, '2023-05-25 13:17:53', '2023-05-25 13:17:53'),
	(71, 87, 1105308, 200293, NULL, 'HER-ELEC-3815', 'ELEC', 'HER / ELECTRICAS', 'METROP/OUT/05386', '[HER-ELEC-3815] Cuchillas (Threading Dies). Ref:Rothenberger2017, Precision Threading Dies 1.1/2" No.070945X.', 'UNIDAD', 6.000, 6.000, '2503', 47.68, 286.08, NULL, '2023-05-25 13:17:53', '2023-05-25 13:17:53'),
	(72, 87, 1105303, 200293, NULL, 'HER-ELEC-3816', 'ELEC', 'HER / ELECTRICAS', 'METROP/OUT/05386', '[HER-ELEC-3816] Cuchillas (Threading Dies). Ref: Rothenberger2017, Precision Threading Dies 1" No.070920X.', 'UNIDAD', 6.000, 6.000, '2504', 47.68, 286.08, NULL, '2023-05-25 13:17:53', '2023-05-25 13:17:53'),
	(73, 87, 1105304, 200293, NULL, 'HER-ELEC-3817', 'ELEC', 'HER / ELECTRICAS', 'METROP/OUT/05386', '[HER-ELEC-3817] Cuchillas (Threading Dies). Ref: Rothenberger2017, Precision Threading Dies 1.1/4" No.070921X.', 'UNIDAD', 6.000, 6.000, '2505', 47.68, 286.08, NULL, '2023-05-25 13:17:54', '2023-05-25 13:17:54'),
	(74, 87, 1105309, 200293, NULL, 'HER-ELEC-5228', 'ELEC', 'HER / ELECTRICAS', 'METROP/OUT/05386', '[HER-ELEC-5228] Set de expandidores ROTHENBERGER ref.12310', 'UNIDAD', 1.000, 1.000, '2506', 558.52, 558.52, NULL, '2023-05-25 13:17:54', '2023-05-25 13:17:54'),
	(75, 88, 1103710, 199904, 'METROP-0531', 'ACA-DECO-MOLD-0318', 'MOLD', 'ACA / DECORACION / MOLDURAS', 'METROP/OUT/05379', '[ACA-DECO-MOLD-0318] Moldura Especial 100x90x1200. Ref 080490100', 'METRO', 836.200, 836.200, '2158185', 9.02, 7544.23, NULL, '2023-05-25 13:34:43', '2023-05-25 13:34:43'),
	(76, 88, 1103709, 199904, 'METROP-0531', 'ACA-DECO-MOLD-0331', 'MOLD', 'ACA / DECORACION / MOLDURAS', 'METROP/OUT/05379', '[ACA-DECO-MOLD-0331] PASAMANOS PARA ESCALERAS DE ACCESO A PISCINA. TIPO 2. TUBO 0 50mm. ACERO INOXIDABLE AISI 316. INCLUYE ELEMENTOS DE FIJACIÓN. FABRICADO SEGÚN PLANO.', 'UNIDAD', 4.000, 4.000, '2158186', 347.38, 1389.54, NULL, '2023-05-25 13:34:43', '2023-05-25 13:34:43'),
	(77, 89, 1122225, 204201, 'CTOMCO-0084', 'ELE-LUMI-TECN-5094', 'TECN', 'ELE / LUMINARIAS / TECNICAS', 'METROP/OUT/05566', '[ELE-LUMI-TECN-5094] Conector de union tira LED 5050 220V', 'Unit(s)', 100.000, 100.000, '2158187', 0.89, 89.66, NULL, '2023-05-25 15:39:47', '2023-05-25 15:39:47'),
	(78, 89, 1122224, 204201, 'METROP-0795', 'ELE-LUMI-TECN-5100', 'TECN', 'ELE / LUMINARIAS / TECNICAS', 'METROP/OUT/05566', '[ELE-LUMI-TECN-5100] Tira flexible monocolor 120 LED/m Rollo 50 mts 2700 K 2835 17w 220v, IP67,1550 lm/m, 50,000 h vida útil, temp de trabajo -20 a 50 grados, CRI > 80, ángulo de apertura 110°, tira 50000 x 12 x 4 mm, corte a 10 cm sin necesidad de fuente de alimentación, ni perfil  de aluminio para disipar el calor', 'ML', 1000.000, 1000.000, '2158188', 13.17, 13176.70, NULL, '2023-05-25 15:39:47', '2023-05-25 15:39:47'),
	(79, 89, 1122226, 204201, 'CTOMCO-0084', 'ELE-LUMI-TECN-5103', 'TECN', 'ELE / LUMINARIAS / TECNICAS', 'METROP/OUT/05566', '[ELE-LUMI-TECN-5103] Conector inicial con tornillo para tira 230VAC corte 10cm', 'Unit(s)', 250.000, 250.000, '2158189', 2.83, 707.80, NULL, '2023-05-25 15:39:47', '2023-05-25 15:39:47'),
	(80, 89, 1122227, 204201, 'CTOMCO-0084', 'ELE-LUMI-TECN-5104', 'TECN', 'ELE / LUMINARIAS / TECNICAS', 'METROP/OUT/05566', '[ELE-LUMI-TECN-5104] Tapón inicial para tira 230VAC corte 10cm', 'Unit(s)', 250.000, 250.000, '2158190', 0.73, 182.85, NULL, '2023-05-25 15:39:48', '2023-05-25 15:39:48'),
	(81, 89, 1122228, 204201, 'CTOMCO-0084', 'ELE-LUMI-TECN-5105', 'TECN', 'ELE / LUMINARIAS / TECNICAS', 'METROP/OUT/05566', '[ELE-LUMI-TECN-5105] Tapón final para tira 230VAC corte 10cm', 'Unit(s)', 250.000, 250.000, '2158191', 0.57, 144.50, NULL, '2023-05-25 15:39:48', '2023-05-25 15:39:48'),
	(82, 90, 1117495, 203169, 'BARC61-0413', 'ELE-LUMI-TECN-2809', 'TECN', 'ELE / LUMINARIAS / TECNICAS', 'METROP/OUT/05538', '[ELE-LUMI-TECN-2809] Conector de union tira LED 5050 220V', 'UNIDAD', 160.000, 160.000, '2158192', 0.90, 144.86, NULL, '2023-05-25 16:14:58', '2023-05-25 16:14:58'),
	(83, 90, 1117496, 203169, 'IW350718', 'ELE-LUMI-TECN-2822', 'SOFI', 'CON / SOPORTERIA Y FIJACION', 'METROP/OUT/05538', '[ELE-LUMI-TECN-2822] Conector inicial con tornillo para tira 230VAC corte 10cm', 'UNIDAD', 360.000, 360.000, '2158193', 2.85, 1029.28, NULL, '2023-05-25 16:14:58', '2023-05-25 16:14:58'),
	(84, 90, 1117498, 203169, 'CORONA-0421', 'ELE-LUMI-TECN-4459', 'TECN', 'ELE / LUMINARIAS / TECNICAS', 'METROP/OUT/05538', '[ELE-LUMI-TECN-4459] Tapón final para tira 230VAC corte 10cm', 'UNIDAD', 410.000, 410.000, '2158104', 0.58, 239.32, NULL, '2023-05-25 16:14:58', '2023-05-25 16:14:58'),
	(85, 90, 1117497, 203169, 'CORONA-0421', 'ELE-LUMI-TECN-4467', 'TECN', 'ELE / LUMINARIAS / TECNICAS', 'METROP/OUT/05538', '[ELE-LUMI-TECN-4467] Tapón inicial para tira 230VAC corte 10cm', 'UNIDAD', 410.000, 410.000, '2158105', 0.73, 302.83, NULL, '2023-05-25 16:14:58', '2023-05-25 16:14:58'),
	(86, 90, 1117494, 203169, 'IW350718', 'ELE-LUMI-TECN-4505', 'TECN', 'ELE / LUMINARIAS / TECNICAS', 'METROP/OUT/05538', '[ELE-LUMI-TECN-4505] Tira flexible monocolor 120 LED/m Rollo 50 mts 2700 K 2835 17w 220v, IP67,1550 lm/m, 50,000 h vida útil, temp de trabajo -20 a 50 grados, CRI > 80, ángulo de apertura 110°, tira 50000 x 12 x 4 mm, corte a 10 cm sin necesidad de fuente de alimentación', 'METRO', 1500.000, 1500.000, '2158106', 13.30, 19960.35, NULL, '2023-05-25 16:14:58', '2023-05-25 16:14:58'),
	(87, 91, 1121463, 204151, '1RAY70-1740', 'CON-ESTR-3635', 'ESTR', 'CON / ESTRUCTURA', 'METROP/OUT/05565', '[CON-ESTR-3635] OXIGENO', 'M3', 1.500, 1.500, '2158197', 1.24, 1.86, NULL, '2023-05-25 16:20:21', '2023-05-25 16:20:21'),
	(88, 92, 1121462, 204150, '1RAY70-1740', 'CON-ESTR-3635', 'ESTR', 'CON / ESTRUCTURA', 'METROP/OUT/05564', '[CON-ESTR-3635] OXIGENO', 'M3', 6.000, 6.000, '2158198', 1.23, 7.42, NULL, '2023-05-25 16:26:41', '2023-05-25 16:26:41'),
	(89, 93, 1108961, 201391, 'METROP-0082', 'HID-TUAC-ACNE-0998', 'ACNE', 'HID / TUBERÍA Y ACCESORIO / ACERO NEGRO', 'METROP/OUT/05455', '[HID-TUAC-ACNE-0998] Tubería de acero negro con costura ERW extremos ranurados, ASTM A 795 SCH40 1 1/4". Medida 42,2 mm espesor 3,56 mm. Color rojo. Longitud 5.80 m.', 'METRO', 58.000, 58.000, '2158199', 7.34, 426.13, NULL, '2023-05-25 16:32:35', '2023-05-25 16:32:35'),
	(90, 94, 1092741, 197249, 'METROP-0598', 'HID-18680', 'HID', 'HID', 'METROP/OUT/05273', '[HID-18680] Unión universal de bronce para soldar de diámetro 35mm, fabricado a NORMA COBRE.', 'UNIDAD', 10.000, 10.000, '0002508', 15.40, 154.04, NULL, '2023-05-25 16:49:19', '2023-05-25 16:49:19'),
	(91, 94, 1092749, 197249, 'IW750648', 'TUAC-COBR-GLP-0628', 'GLP', 'HID / TUBERÍA Y ACCESORIO / COBRE / GAS LICUADO', 'METROP/OUT/05273', '[TUAC-COBR-GLP-0628] Adactador de bronce para soldar RM de diametro 42 x 1"1/2 (Rosca GAS BSP), fabricado a NORMA COBRE.', 'UNIDAD', 10.000, 10.000, '0002509', 7.08, 70.88, NULL, '2023-05-25 16:49:19', '2023-05-25 16:49:19'),
	(92, 94, 1092744, 197249, 'METROP-0598', 'TUAC-COBR-GLP-0980', 'GLP', 'HID / TUBERÍA Y ACCESORIO / COBRE / GAS LICUADO', 'METROP/OUT/05273', '[TUAC-COBR-GLP-0980] Manguito reducido de acero galvanizado diam. 3/8\'\' M x 1/2\'\' H.', 'UNIDAD', 20.000, 20.000, '0002510', 1.51, 30.38, NULL, '2023-05-25 16:49:20', '2023-05-25 16:49:20'),
	(93, 94, 1092743, 197249, 'IW730221', 'TUAC-COBR-GLP-0981', 'GLP', 'HID / TUBERÍA Y ACCESORIO / COBRE / GAS LICUADO', 'METROP/OUT/05273', '[TUAC-COBR-GLP-0981] Manguito reducido de acero galvanizado diam. 1/4\'\' M x 1/2\'\' H. Nota: Articolo suministrable aunque no presente en el catalogo.', 'UNIDAD', 20.000, 20.000, '0002511', 2.24, 44.84, NULL, '2023-05-25 16:49:20', '2023-05-25 16:49:20'),
	(94, 94, 1092742, 197249, 'METROP-0598', 'TUAC-COBR-GLP-1003', 'GLP', 'HID / TUBERÍA Y ACCESORIO / COBRE / GAS LICUADO', 'METROP/OUT/05273', '[TUAC-COBR-GLP-1003] Nipples de laton diam. W20 x 1\'\' 1/4 Sx.x 1/2\'\' M Rosca GAS.', 'UNIDAD', 20.000, 20.000, '0002512', 2.26, 45.32, NULL, '2023-05-25 16:49:20', '2023-05-25 16:49:20'),
	(95, 94, 1092747, 197249, 'METROP-0598', 'TUAC-COBR-GLP-1009', 'GLP', 'HID / TUBERÍA Y ACCESORIO / COBRE / GAS LICUADO', 'METROP/OUT/05273', '[TUAC-COBR-GLP-1009] Nudo de laton diam. 3/4\'\' HH Rosca Gas.', 'UNIDAD', 10.000, 10.000, '0002513', 1.44, 14.47, NULL, '2023-05-25 16:49:20', '2023-05-25 16:49:20'),
	(96, 94, 1092745, 197249, 'BARC61-1011', 'TUAC-COBR-GLP-1010', 'GLP', 'HID / TUBERÍA Y ACCESORIO / COBRE / GAS LICUADO', 'METROP/OUT/05273', '[TUAC-COBR-GLP-1010] Nudo de laton diam. 1\'\' HH Rosca Gas.', 'UNIDAD', 60.000, 60.000, '0002514', 2.79, 167.78, NULL, '2023-05-25 16:49:20', '2023-05-25 16:49:20'),
	(97, 94, 1092750, 197249, 'METROP-0598', 'TUAC-COBR-GLP-1167', 'GLP', 'HID / TUBERÍA Y ACCESORIO / COBRE / GAS LICUADO', 'METROP/OUT/05273', '[TUAC-COBR-GLP-1167] Unión universal de bronce diametro 1\'\' 1/4 HH Rosca GAS, fabricado a NORMA COBRE.', 'UNIDAD', 20.000, 20.000, '0002515', 14.54, 290.98, NULL, '2023-05-25 16:49:20', '2023-05-25 16:49:20'),
	(98, 95, 1117666, 203209, 'METROP-0390', 'MEC-PRFR-FANC-0001', 'FANC', 'MEC / PRODUCCION DE FRIO / FANCOIL', 'METROP/OUT/05541', '[MEC-PRFR-FANC-0001] FAN COIL - GENERICO', 'Unit(s)', 17.000, 17.000, '2158200', 542.58, 9223.90, NULL, '2023-05-25 17:38:52', '2023-05-25 17:38:52'),
	(99, 96, 1095455, 197945, '1RAY70-1065', 'HID-10822', 'HID', 'HID', 'METROP/OUT/05314', '[HID-10822] BRIDA AJUSTABLE PVC SCH 80 3 SOLDAR', 'UNIDAD', 20.000, 20.000, '2158201', 10.15, 203.20, NULL, '2023-05-25 17:55:36', '2023-05-25 17:55:36'),
	(100, 96, 1095456, 197945, 'METROP-0878', 'MEC-VALV-4141', 'VALV', 'MEC / VALVULA', 'METROP/OUT/05314', '[MEC-VALV-4141] Válvula de compuerta ligera 2 1/2". Cuerpo y compuerta en latón. Junta de PTFE. Volante acero. Extremos roscados H-H NPT. Temperatura máxima de trabajo: 110ºC.', 'UNIDAD', 5.000, 5.000, '2158202', 31.08, 155.44, NULL, '2023-05-25 17:55:36', '2023-05-25 17:55:36'),
	(101, 96, 1095457, 197945, 'IW320204', 'MEC-VALV-4149', 'VALV', 'MEC / VALVULA', 'METROP/OUT/05314', '[MEC-VALV-4149] Válvula de compuerta ligera 4". Cuerpo y compuerta en latón. Junta de PTFE. Volante acero. Extremos roscados H-H NPT. Temperatura máxima de trabajo: 110ºC.', 'UNIDAD', 6.000, 6.000, '2158203', 70.94, 425.65, NULL, '2023-05-25 17:55:36', '2023-05-25 17:55:36'),
	(102, 97, 1092237, 197088, '1RAY70-0394', 'GAS-3242', 'GAS', 'GAS - GASTRONOMIA', 'METROP/OUT/05257', '[GAS-3242] Tubo de cobre rígido de diámetro 20/22mm (3/4") y 5m de largo (ESPESOR SEGUN NORMA).', 'METRO', 80.000, 80.000, '2158204', 8.57, 685.62, NULL, '2023-05-25 18:13:18', '2023-05-25 18:13:18'),
	(103, 97, 1092238, 197088, 'METROP-0598', 'TUAC-COBR-GLP-1135', 'GLP', 'HID / TUBERÍA Y ACCESORIO / COBRE / GAS LICUADO', 'METROP/OUT/05257', '[TUAC-COBR-GLP-1135] Tubo de cobre rígido tipo L de diámetro 32/35mm (1"1/4) y 5m de largo (ESPESOR SEGUN NORMA).', 'METRO', 50.000, 50.000, '2158205', 20.73, 1036.63, NULL, '2023-05-25 18:13:18', '2023-05-25 18:13:18'),
	(104, 97, 1092239, 197088, 'METROP-0598', 'TUAC-COBR-GLP-1141', 'GLP', 'HID / TUBERÍA Y ACCESORIO / COBRE / GAS LICUADO', 'METROP/OUT/05257', '[TUAC-COBR-GLP-1141] Tubo de cobre rígido tipo L de diámetro 39/42mm (1"1/2) y 5m de largo (ESPESOR SEGUN NORMA).', 'METRO', 50.000, 50.000, '2158206', 25.18, 1259.01, NULL, '2023-05-25 18:13:18', '2023-05-25 18:13:18'),
	(105, 98, 1121244, 204073, 'CAGAEI-0175', 'ELE-ACEL-0241', 'ACCESORIOS ELECTRICOS', 'ELE / ACCESORIOS ELECTRICOS', 'METROP/OUT/05559', '[ELE-ACEL-0241] Soporte REYMO de Pared plegable con movimiento Vertical, Horizontal. Incluye tornillos. Validos para TV hasta 75, ya que soporta hasta 40 kg de peso.', 'Unit(s)', 100.000, 100.000, '2158207', 29.73, 2973.11, NULL, '2023-05-25 18:20:11', '2023-05-25 18:20:11'),
	(106, 99, 1092409, 197148, 'PAKY23-0487', 'GAS-3216', 'GAS', 'GAS - GASTRONOMIA', 'METROP/OUT/05266', '[GAS-3216] Te de cobre para soldar diámetro 35 mm', 'UNIDAD', 10.000, 10.000, '2158208', 7.19, 71.96, NULL, '2023-05-25 19:10:17', '2023-05-25 19:10:17'),
	(107, 99, 1092403, 197148, 'METROP-0598', 'HID-12442', 'HID', 'HID', 'METROP/OUT/05266', '[HID-12442] Codo de cobre de 90° para soldar de diam. 22 mm', 'UNIDAD', 50.000, 50.000, '2158209', 0.84, 42.19, NULL, '2023-05-25 19:10:18', '2023-05-25 19:10:18'),
	(108, 99, 1092405, 197148, 'METROP-0598', 'HID-12443', 'HID', 'HID', 'METROP/OUT/05266', '[HID-12443] Codo de cobre de 90° para soldar de diam. 35 mm', 'UNIDAD', 20.000, 20.000, '2158210', 3.92, 78.59, NULL, '2023-05-25 19:10:18', '2023-05-25 19:10:18'),
	(109, 99, 1092404, 197148, 'METROP-0598', 'HID-12444', 'HID', 'HID', 'METROP/OUT/05266', '[HID-12444] Codo de cobre de 90° para soldar de diam. 28 mm', 'UNIDAD', 20.000, 20.000, '2158211', 1.56, 31.34, NULL, '2023-05-25 19:10:18', '2023-05-25 19:10:18'),
	(110, 99, 1092406, 197148, 'METROP-0598', 'HID-12445', 'HID', 'HID', 'METROP/OUT/05266', '[HID-12445] Codo de cobre de 90° para soldar de diam. 42 mm', 'UNIDAD', 20.000, 20.000, '2158212', 5.40, 108.00, NULL, '2023-05-25 19:10:18', '2023-05-25 19:10:18'),
	(111, 99, 1092407, 197148, 'METROP-0598', 'HID-17949', 'HID', 'HID', 'METROP/OUT/05266', '[HID-17949] Te de cobre para soldar diámetro 22 mm', 'UNIDAD', 20.000, 20.000, '2158213', 1.51, 30.38, NULL, '2023-05-25 19:10:18', '2023-05-25 19:10:18'),
	(112, 99, 1092410, 197148, 'METROP-0598', 'HID-17953', 'HID', 'HID', 'METROP/OUT/05266', '[HID-17953] Te de cobre para soldar diámetro 42 mm', 'UNIDAD', 10.000, 10.000, '2158214', 11.64, 116.44, NULL, '2023-05-25 19:10:18', '2023-05-25 19:10:18'),
	(113, 99, 1092408, 197148, 'QUE21B-1263', 'TUAC-COBR-GLP-1111', 'GLP', 'HID / TUBERÍA Y ACCESORIO / COBRE / GAS LICUADO', 'METROP/OUT/05266', '[TUAC-COBR-GLP-1111] Te de cobre para soldar diámetro 28 mm', 'UNIDAD', 20.000, 20.000, '2158215', 3.23, 64.61, NULL, '2023-05-25 19:10:19', '2023-05-25 19:10:19'),
	(114, 100, 1094668, 197706, 'BARC61-0661', 'ELE-CANA-2504', 'CANA', 'ELE / CANALIZACIONES', 'METROP/OUT/05301', '[ELE-CANA-2504] Tubería de acero negro sin costura Sch 40 de 2". Pintada de rojo con extremos ranurados. Pintada de Rojo. Tramos de 5.8 m. Medidas 60,3 x 3,91 mm.', 'METRO', 50.800, 50.800, '2158216', 11.79, 599.39, NULL, '2023-05-25 19:18:57', '2023-05-25 19:18:57'),
	(115, 101, 1112893, 202356, 'PAKY23-0402', 'ACA-3913', 'ACA', 'ACA', 'METROP/OUT/05498', '[ACA-3913] JUNTA ACOPL. GEKA', 'UNIDAD', 2.000, 2.000, '0002516', 6.61, 13.23, NULL, '2023-05-25 19:25:11', '2023-05-25 19:25:11'),
	(116, 101, 1112881, 202356, 'METROP-0498', 'ACA-ENCH-PERF-0676', 'PERF', 'ACA / ENCHAPE / PERFILES', 'METROP/OUT/05498', '[ACA-ENCH-PERF-0676] JUNTA - GENERICO (U)', 'Unit(s)', 4.000, 4.000, '0002517', 43.23, 172.95, NULL, '2023-05-25 19:25:11', '2023-05-25 19:25:11'),
	(117, 101, 1112892, 202356, 'METROP-0498', 'CON-5114', 'CON', 'CON', 'METROP/OUT/05498', '[CON-5114] 0006.30.184749058 - BRIDA MOTOR REF 990750706', 'UNIDAD', 2.000, 2.000, '0002518', 60.72, 121.45, NULL, '2023-05-25 19:25:11', '2023-05-25 19:25:11'),
	(118, 101, 1112889, 202356, 'METROP-0498', 'CON-5227', 'CON', 'CON', 'METROP/OUT/05498', '[CON-5227] 20100-02-008 - ADAPTADOR HEMBRA 1 1/4', 'UNIDAD', 1.000, 1.000, '0002519', 207.75, 207.75, NULL, '2023-05-25 19:25:12', '2023-05-25 19:25:12'),
	(119, 101, 1112883, 202356, 'METROP-0498', 'CON-5500', 'CON', 'CON', 'METROP/OUT/05498', '[CON-5500] 88124714 VALVULA SOLENOIDE 12V', 'UNIDAD', 3.000, 3.000, '0002520', 541.66, 1624.98, NULL, '2023-05-25 19:25:12', '2023-05-25 19:25:12'),
	(120, 101, 1112895, 202356, 'METROP-0498', 'CON-6016', 'CON', 'CON', 'METROP/OUT/05498', '[CON-6016] Bobina Electrovalvula', 'UNIDAD', 4.000, 4.000, '2158141', 46.98, 187.95, NULL, '2023-05-25 19:25:12', '2023-05-25 19:25:12'),
	(121, 101, 1112891, 202356, 'METROP-0498', 'CON-9921', 'CON', 'CON', 'METROP/OUT/05498', '[CON-9921] Valvula', 'UNIDAD', 2.000, 2.000, '2158143', 1400.93, 2801.87, NULL, '2023-05-25 19:25:12', '2023-05-25 19:25:12'),
	(122, 101, 1112882, 202356, 'METROP-0498', 'CON-INST-0015', 'CON', 'CON', 'METROP/OUT/05498', '[CON-INST-0015] TORNILLO - GENERICO', 'Unit(s)', 6.000, 6.000, '2158144', 27.46, 164.78, NULL, '2023-05-25 19:25:12', '2023-05-25 19:25:12'),
	(123, 101, 1112880, 202356, 'CORONA-0745', 'CON-INST-0016', 'TUAC', 'HID / TUBERÍA Y ACCESORIO', 'METROP/OUT/05498', '[CON-INST-0016] BRIDA - GENERICO', 'Unit(s)', 1.000, 1.000, '2158145', 109.57, 109.57, NULL, '2023-05-25 19:25:12', '2023-05-25 19:25:12'),
	(124, 101, 1112887, 202356, 'METROP-0498', 'EQU-14333', 'EQU', 'EQU', 'METROP/OUT/05498', '[EQU-14333] W-54517-56 - BRIDA SOPORTE SELLO MOTORES DE IZAJE', 'UNIDAD', 4.000, 4.000, '2158146', 279.64, 1118.60, NULL, '2023-05-25 19:25:13', '2023-05-25 19:25:13'),
	(125, 101, 1112879, 202356, 'METROP-0498', 'HID-18924', 'HID', 'HID', 'METROP/OUT/05498', '[HID-18924] VÁLVULA TÉRMICA DE 3 VÍAS,TODO/NADA (3/4"),MONTADA EN EL FAN- COIL. INCLUYE LATIGUILLOS Y LLAVES DE CORTEMODELO CT2+C2 3/4"\nSE INSTALARÁN ACTUADORES DE VÁLVULAS A 120V-I-60HZ', 'UNIDAD', 1.000, 1.000, '2158147', 5238.35, 5238.35, NULL, '2023-05-25 19:25:13', '2023-05-25 19:25:13'),
	(126, 101, 1112888, 202356, 'METROP-0498', 'HID-GRIF-3453', 'GRIF', 'HID / GRIFERIA', 'METROP/OUT/05498', '[HID-GRIF-3453] Valvula mezcladora para grifo electronico', 'UNIDAD', 1.000, 1.000, '2158148', 93.14, 93.14, NULL, '2023-05-25 19:25:13', '2023-05-25 19:25:13'),
	(127, 101, 1112884, 202356, 'METROP-0498', 'MEC-VALV-6536', 'VALV', 'MEC / VALVULA', 'METROP/OUT/05498', '[MEC-VALV-6536] "ISB 65-10e Ion Scale Buster, montaje mediante bridas DN65. ISB Diámetro interior DN 65 (2½’’) Diámetro del cuerpo 112mm Longitud 445mm Presión', 'Unit(s)', 3.000, 3.000, '2158149', 74.79, 224.38, NULL, '2023-05-25 19:25:13', '2023-05-25 19:25:13'),
	(128, 102, 1093037, 197281, 'METROP-0598', 'GAS-3011', 'GAS', 'GAS - GASTRONOMIA', 'METROP/OUT/05275', '[GAS-3011] Reducidos concéntricos de cobre de diámetro 28 mm x 14 mm', 'UNIDAD', 30.000, 30.000, '2158217', 1.31, 39.41, NULL, '2023-05-26 10:42:04', '2023-05-26 10:42:04'),
	(129, 102, 1093033, 197281, '1RAY70-0394', 'HID-16413', 'HID', 'HID', 'METROP/OUT/05275', '[HID-16413] Reducido de laton rosca MH de diametro 1" x 3/4" , fabricado a NORMA COBRE', 'UNIDAD', 20.000, 20.000, '2158219', 1.38, 27.72, NULL, '2023-05-26 10:42:04', '2023-05-26 10:42:04'),
	(130, 102, 1093028, 197281, 'METROP-0598', 'HID-16420', 'HID', 'HID', 'METROP/OUT/05275', '[HID-16420] Reducido de laton rosca MM de diametro 1" x 1/2" , fabricado a NORMA COBRE', 'UNIDAD', 15.000, 15.000, '2158220', 1.97, 29.66, NULL, '2023-05-26 10:42:04', '2023-05-26 10:42:04'),
	(131, 102, 1093029, 197281, 'TELGFO-0251', 'HID-16423', 'HID', 'HID', 'METROP/OUT/05275', '[HID-16423] Reducido de laton rosca MM de diametro 1" x 3/4" , fabricado a NORMA COBRE', 'UNIDAD', 30.000, 30.000, '2158221', 2.03, 61.12, NULL, '2023-05-26 10:42:04', '2023-05-26 10:42:04'),
	(132, 102, 1093027, 197281, 'METROP-0598', 'HID-16428', 'HID', 'HID', 'METROP/OUT/05275', '[HID-16428] Reducido de laton rosca MM de diametro 3/4" x 1/2", fabricado a NORMA COBRE', 'UNIDAD', 30.000, 30.000, '2158222', 1.18, 35.44, NULL, '2023-05-26 10:42:04', '2023-05-26 10:42:04'),
	(133, 102, 1093026, 197281, 'METROP-0598', 'HID-16429', 'HID', 'HID', 'METROP/OUT/05275', '[HID-16429] Reducido de laton rosca MM de diametro 1/2" x 3/8", fabricado a NORMA COBRE', 'UNIDAD', 30.000, 30.000, '2158223', 0.79, 23.87, NULL, '2023-05-26 10:42:04', '2023-05-26 10:42:04'),
	(134, 102, 1093036, 197281, 'IW750648', 'TUAC-COBR-GLP-1035', 'GLP', 'HID / TUBERÍA Y ACCESORIO / COBRE / GAS LICUADO', 'METROP/OUT/05275', '[TUAC-COBR-GLP-1035] Reducido de laton rosca MH de diametro 1"1/2 x 1"1/4, fabricado a NORMA COBRE', 'UNIDAD', 20.000, 20.000, '2158224', 2.49, 49.91, NULL, '2023-05-26 10:42:05', '2023-05-26 10:42:05'),
	(135, 102, 1093034, 197281, 'BAR61A-1563', 'TUAC-COBR-GLP-1036', 'GLP', 'HID / TUBERÍA Y ACCESORIO / COBRE / GAS LICUADO', 'METROP/OUT/05275', '[TUAC-COBR-GLP-1036] Reducido de laton rosca MH de diametro 1"1/4 3/4", fabricado a NORMA COBRE', 'UNIDAD', 10.000, 10.000, '2158225', 3.29, 32.91, NULL, '2023-05-26 10:42:05', '2023-05-26 10:42:05'),
	(136, 102, 1093035, 197281, 'METROP-0598', 'TUAC-COBR-GLP-1039', 'GLP', 'HID / TUBERÍA Y ACCESORIO / COBRE / GAS LICUADO', 'METROP/OUT/05275', '[TUAC-COBR-GLP-1039] Reducido de laton rosca MH de diametro 1"1/4 x 1", fabricado a NORMA COBRE', 'UNIDAD', 20.000, 20.000, '2158226', 2.79, 55.93, NULL, '2023-05-26 10:42:05', '2023-05-26 10:42:05'),
	(137, 102, 1093031, 197281, 'METROP-0598', 'TUAC-COBR-GLP-1051', 'GLP', 'HID / TUBERÍA Y ACCESORIO / COBRE / GAS LICUADO', 'METROP/OUT/05275', '[TUAC-COBR-GLP-1051] Reducido de laton rosca MM de diametro 1"1/2 x 1"1/4, fabricado a NORMA COBRE', 'UNIDAD', 30.000, 30.000, '2158227', 4.80, 144.29, NULL, '2023-05-26 10:42:05', '2023-05-26 10:42:05'),
	(138, 102, 1093025, 197281, 'BAR61A-2245', 'TUAC-COBR-GLP-1052', 'GLP', 'HID / TUBERÍA Y ACCESORIO / COBRE / GAS LICUADO', 'METROP/OUT/05275', '[TUAC-COBR-GLP-1052] Reducido de laton rosca MM de diametro 1"1/4 x 1", fabricado a NORMA COBRE', 'UNIDAD', 40.000, 40.000, '2158228', 3.15, 126.32, NULL, '2023-05-26 10:42:05', '2023-05-26 10:42:05'),
	(139, 102, 1093030, 197281, 'METROP-0598', 'TUAC-COBR-GLP-1057', 'GLP', 'HID / TUBERÍA Y ACCESORIO / COBRE / GAS LICUADO', 'METROP/OUT/05275', '[TUAC-COBR-GLP-1057] Reducido de laton rosca MM de diametro 1"1/4 x 3/4", fabricado a NORMA COBRE', 'UNIDAD', 27.000, 27.000, '2158229', 5.06, 136.69, NULL, '2023-05-26 10:42:05', '2023-05-26 10:42:05'),
	(140, 103, 1092663, 197226, 'METROP-0598', 'HID-10276', 'HID', 'HID', 'METROP/OUT/05270', '[HID-10276] Adactador de bronce para soldar RM de diametro 14 x 1/2", fabricado a NORMA COBRE. (Adactador de cobre no disponible a catalogo).', 'UNIDAD', 30.000, 30.000, '2158230', 1.15, 34.71, NULL, '2023-05-26 11:25:12', '2023-05-26 11:25:12'),
	(141, 103, 1092665, 197226, 'METROP-0598', 'HID-10278', 'HID', 'HID', 'METROP/OUT/05270', '[HID-10278] Adactador de bronce para soldar RM de diametro 28 x 1", fabricado a NORMA COBRE. (Adactador de cobre no disponible a catalogo).', 'UNIDAD', 100.000, 100.000, '2158231', 3.14, 314.61, NULL, '2023-05-26 11:25:12', '2023-05-26 11:25:12'),
	(142, 103, 1092666, 197226, 'METROP-0598', 'HID-10284', 'HID', 'HID', 'METROP/OUT/05270', '[HID-10284] Adactador de bronce para soldar RM de diametro 35 x 1"1/4, fabricado a NORMA COBRE. (Adactador de cobre no disponible a catalogo).', 'UNIDAD', 20.000, 20.000, '2158232', 3.59, 71.84, NULL, '2023-05-26 11:25:12', '2023-05-26 11:25:12'),
	(143, 103, 1092656, 197226, 'METROP-0598', 'HID-14896', 'HID', 'HID', 'METROP/OUT/05270', '[HID-14896] Manguito de cobre para soldar diámetro 28mm HH.', 'UNIDAD', 100.000, 100.000, '2158233', 1.07, 107.27, NULL, '2023-05-26 11:25:12', '2023-05-26 11:25:12'),
	(144, 103, 1092657, 197226, 'METROP-0598', 'HID-14898', 'HID', 'HID', 'METROP/OUT/05270', '[HID-14898] Manguito de cobre para soldar diámetro 35mm HH.', 'UNIDAD', 20.000, 20.000, '2158234', 1.85, 37.12, NULL, '2023-05-26 11:25:12', '2023-05-26 11:25:12'),
	(145, 103, 1092658, 197226, 'METROP-0598', 'HID-14899', 'HID', 'HID', 'METROP/OUT/05270', '[HID-14899] Manguito de cobre para soldar diámetro 42mm HH.', 'UNIDAD', 20.000, 20.000, '2158235', 2.94, 58.82, NULL, '2023-05-26 11:25:12', '2023-05-26 11:25:12'),
	(146, 103, 1092655, 197226, 'METROP-0598', 'HID-14900', 'HID', 'HID', 'METROP/OUT/05270', '[HID-14900] Manguito de cobre para soldar diámetro 22mm HH.', 'UNIDAD', 100.000, 100.000, '2158236', 0.40, 40.99, NULL, '2023-05-26 11:25:12', '2023-05-26 11:25:12'),
	(147, 103, 1092664, 197226, 'QUE21B-1263', 'TUAC-COBR-GLP-0630', 'GLP', 'HID / TUBERÍA Y ACCESORIO / COBRE / GAS LICUADO', 'METROP/OUT/05270', '[TUAC-COBR-GLP-0630] Adactador de bronce para soldar RM de diametro 22 x 3/4", fabricado a NORMA COBRE. (Adactador de cobre no disponible a catalogo).', 'UNIDAD', 100.000, 100.000, '2158237', 1.03, 103.67, NULL, '2023-05-26 11:25:13', '2023-05-26 11:25:13'),
	(148, 103, 1092660, 197226, 'IW750648', 'TUAC-COBR-GLP-0994', 'GLP', 'HID / TUBERÍA Y ACCESORIO / COBRE / GAS LICUADO', 'METROP/OUT/05270', '[TUAC-COBR-GLP-0994] Nipple de bronce rosca MM de diametro 1" , fabricado a NORMA COBRE', 'UNIDAD', 30.000, 30.000, '2158238', 1.77, 53.16, NULL, '2023-05-26 11:25:13', '2023-05-26 11:25:13'),
	(149, 103, 1092662, 197226, 'METROP-0598', 'TUAC-COBR-GLP-0995', 'GLP', 'HID / TUBERÍA Y ACCESORIO / COBRE / GAS LICUADO', 'METROP/OUT/05270', '[TUAC-COBR-GLP-0995] Nipple de bronce rosca MM de diametro 1"1/2, fabricado a NORMA COBRE', 'UNIDAD', 10.000, 10.000, '2158239', 4.20, 42.07, NULL, '2023-05-26 11:25:13', '2023-05-26 11:25:13'),
	(150, 103, 1092661, 197226, 'BAR61A-1563', 'TUAC-COBR-GLP-1000', 'GLP', 'HID / TUBERÍA Y ACCESORIO / COBRE / GAS LICUADO', 'METROP/OUT/05270', '[TUAC-COBR-GLP-1000] Nipple de bronce rosca MM de diametro 1"1/4, fabricado a NORMA COBRE', 'UNIDAD', 10.000, 10.000, '2158240', 3.29, 32.90, NULL, '2023-05-26 11:25:13', '2023-05-26 11:25:13'),
	(151, 103, 1092659, 197226, 'IW750648', 'TUAC-COBR-GLP-1002', 'GLP', 'HID / TUBERÍA Y ACCESORIO / COBRE / GAS LICUADO', 'METROP/OUT/05270', '[TUAC-COBR-GLP-1002] Nipple de bronce rosca MM de diametro 3/4", fabricado a NORMA COBRE', 'UNIDAD', 30.000, 30.000, '2158241', 1.12, 33.63, NULL, '2023-05-26 11:25:13', '2023-05-26 11:25:13'),
	(152, 103, 1092667, 197226, 'METROP-0598', 'TUAC-COBR-GLP-1170', 'GLP', 'HID / TUBERÍA Y ACCESORIO / COBRE / GAS LICUADO', 'METROP/OUT/05270', '[TUAC-COBR-GLP-1170] Unión universal de bronce para soldar de diámetro 28mm, fabricado a NORMA COBRE', 'UNIDAD', 30.000, 30.000, '2158242', 10.33, 309.91, NULL, '2023-05-26 11:25:13', '2023-05-26 11:25:13'),
	(153, 104, 1093663, 197447, 'METROP-0598', 'GAS-3009', 'GAS', 'GAS - GASTRONOMIA', 'METROP/OUT/05281', '[GAS-3009] Reducidos concéntricos de cobre de diámetro 22 mm x 14 mm', 'UNIDAD', 50.000, 50.000, '2158243', 1.41, 70.52, NULL, '2023-05-26 12:15:36', '2023-05-26 12:15:36'),
	(154, 104, 1093664, 197447, 'METROP-0598', 'GAS-3012', 'GAS', 'GAS - GASTRONOMIA', 'METROP/OUT/05281', '[GAS-3012] Reducidos concéntricos de cobre de diámetro 28 mm x 22 mm', 'UNIDAD', 50.000, 50.000, '2158150', 1.07, 53.63, NULL, '2023-05-26 12:15:37', '2023-05-26 12:15:37'),
	(155, 104, 1093665, 197447, '1RAY70-0394', 'GAS-3013', 'GAS', 'GAS - GASTRONOMIA', 'METROP/OUT/05281', '[GAS-3013] Reducidos concéntricos de cobre de diámetro 35 mm x 22 mm', 'UNIDAD', 50.000, 50.000, '2158151', 2.53, 126.56, NULL, '2023-05-26 12:15:37', '2023-05-26 12:15:37'),
	(156, 104, 1093662, 197447, '1RAY70-0394', 'GAS-3015', 'GAS', 'GAS - GASTRONOMIA', 'METROP/OUT/05281', '[GAS-3015] Reducidos concéntricos de cobre de diámetro 35 mm x 28 mm', 'UNIDAD', 100.000, 100.000, '2158152', 2.43, 243.49, NULL, '2023-05-26 12:15:37', '2023-05-26 12:15:37'),
	(157, 104, 1093666, 197447, 'METROP-0598', 'HID-16456', 'HID', 'HID', 'METROP/OUT/05281', '[HID-16456] Reducidos concéntrico de cobre de diámetro 42 mm x 35 mm', 'UNIDAD', 20.000, 20.000, '2158153', 3.96, 79.32, NULL, '2023-05-26 12:15:37', '2023-05-26 12:15:37'),
	(158, 104, 1093667, 197447, 'METROP-0598', 'HID-16462', 'HID', 'HID', 'METROP/OUT/05281', '[HID-16462] Reducidos concéntricos de cobre de diámetro 42 mm x 22 mm', 'UNIDAD', 30.000, 30.000, '2158154', 5.03, 151.15, NULL, '2023-05-26 12:15:37', '2023-05-26 12:15:37'),
	(159, 104, 1093668, 197447, 'METROP-0598', 'TUAC-COBR-GLP-1020', 'GLP', 'HID / TUBERÍA Y ACCESORIO / COBRE / GAS LICUADO', 'METROP/OUT/05281', '[TUAC-COBR-GLP-1020] Reduccion de laton diam. 1/2\'\' M x 1 H Rosca Gas.', 'UNIDAD', 52.000, 52.000, '2158155', 1.97, 102.80, NULL, '2023-05-26 12:15:38', '2023-05-26 12:15:38'),
	(160, 104, 1093673, 197447, 'METROP-0598', 'TUAC-COBR-GLP-1021', 'GLP', 'HID / TUBERÍA Y ACCESORIO / COBRE / GAS LICUADO', 'METROP/OUT/05281', '[TUAC-COBR-GLP-1021] Reduccion de laton diam. 1\'\' 1/4\'\' H x 3/4\'\' M Rosca Gas.', 'UNIDAD', 10.000, 10.000, '2158156', 3.91, 39.18, NULL, '2023-05-26 12:15:38', '2023-05-26 12:15:38'),
	(161, 104, 1093669, 197447, 'METROP-0598', 'TUAC-COBR-GLP-1022', 'GLP', 'HID / TUBERÍA Y ACCESORIO / COBRE / GAS LICUADO', 'METROP/OUT/05281', '[TUAC-COBR-GLP-1022] Reduccion de acero galvanizado diam. 3/4\'\' M x 1/2\'\' H Rosca GAS.', 'UNIDAD', 12.000, 12.000, '2158157', 0.72, 8.67, NULL, '2023-05-26 12:15:38', '2023-05-26 12:15:38'),
	(162, 104, 1093672, 197447, 'METROP-0598', 'TUAC-COBR-GLP-1023', 'GLP', 'HID / TUBERÍA Y ACCESORIO / COBRE / GAS LICUADO', 'METROP/OUT/05281', '[TUAC-COBR-GLP-1023] Reduccion de laton diam. 1\'\' 1/4\'\' H x 1\'\' M Rosca Gas.', 'UNIDAD', 10.000, 10.000, '2158158', 3.15, 31.58, NULL, '2023-05-26 12:15:38', '2023-05-26 12:15:38'),
	(163, 105, 1128996, 205917, 'IW330144', 'EQU-8649', 'EQU', 'EQU', 'METROP/OUT/05624', '[EQU-8649] Broca DRYGRES Ø 6 mm ref. 05988', 'UNIDAD', 20.000, 20.000, '2158311', 10.14, 203.00, NULL, '2023-05-26 13:40:14', '2023-05-26 13:40:14'),
	(164, 106, 1114991, 202661, 'BARC61-0661', 'ELE-CANA-2504', 'CANA', 'ELE / CANALIZACIONES', 'METROP/OUT/05515', '[ELE-CANA-2504] Tubería de acero negro sin costura Sch 40 de 2". Pintada de rojo con extremos ranurados. Pintada de Rojo. Tramos de 5.8 m. Medidas 60,3 x 3,91 mm.', 'METRO', 87.000, 87.000, '2158153', 11.79, 1026.51, NULL, '2023-05-26 14:46:20', '2023-05-26 14:46:20'),
	(165, 106, 1114992, 202661, 'PAKY23-0371', 'HID-TUAC-ACNE-0979', 'ACNE', 'HID / TUBERÍA Y ACCESORIO / ACERO NEGRO', 'METROP/OUT/05515', '[HID-TUAC-ACNE-0979] Tubería de Acero Negro(A/N) ASTM A 53 Sch 40, sin costura, bordes biselados para soldar a tope. DN80 3¨ 88,9x 5,49 mm. Tramos de 5,8 metros.(acero negro SCH-40 extremos biselados para soldar)', 'METRO', 23.800, 23.800, '2158244', 25.48, 606.48, NULL, '2023-05-26 14:46:20', '2023-05-26 14:46:20'),
	(166, 106, 1114990, 202661, 'METROP-0082', 'HID-TUAC-ACNE-0998', 'ACNE', 'HID / TUBERÍA Y ACCESORIO / ACERO NEGRO', 'METROP/OUT/05515', '[HID-TUAC-ACNE-0998] Tubería de acero negro con costura ERW extremos ranurados, ASTM A 795 SCH40 1 1/4". Medida 42,2 mm espesor 3,56 mm. Color rojo. Longitud 5.80 m.', 'METRO', 58.000, 58.000, '2158245', 7.34, 426.13, NULL, '2023-05-26 14:46:20', '2023-05-26 14:46:20'),
	(167, 107, 1128820, 205844, 'METROP-0246', 'ELE-LUMI-ILEX-0007', 'ILUMINACION EXTERIOR', 'ELE / LUMINARIAS / ILUMINACION EXTERIOR', 'METROP/OUT/05618', '[ELE-LUMI-ILEX-0007] Trick efecto Lama 180° Luminaria de pared y techo con óptica efecto lama de luz 180º patentada. El producto incorpora base de soporte y apantallamiento. La base ha sido realizada en aleación de aluminio y sometida a fosfocromatación. Esmaltado con pintura acrílica gris, para garantizar una alta resistencia a los agentes atmosféricos y a los rayos UV. La óptica de material termoplástico está fijada al cuerpo con un cárter de zamak. Todos los tornillos son de acero inoxidable A2. Potencia 3W, alimentador electrónico No Incluido a 350 mA, luz blanca cálida 3000K, 103 lm, CRI 80, IP- 66 IK-07, vida aproximada de 50 000 horas (L80), aislamiento clase 3. Dimensiones: Ø89x57 mm.', 'Unit(s)', 140.000, 140.000, '2158312', 156.98, 21978.31, NULL, '2023-05-26 15:05:38', '2023-05-26 15:05:38'),
	(168, 107, 1128821, 205844, 'METROP-0246', 'ELE-LUMI-ILEX-0008', 'ILUMINACION EXTERIOR', 'ELE / LUMINARIAS / ILUMINACION EXTERIOR', 'METROP/OUT/05618', '[ELE-LUMI-ILEX-0008] Accesorio base ajustable para luminarias Trick (BU16, BU24, BU25, BU27, BU28, BW06).', 'Unit(s)', 140.000, 140.000, '2158313', 58.92, 8249.96, NULL, '2023-05-26 15:05:38', '2023-05-26 15:05:38'),
	(169, 107, 1128822, 205844, 'METROP-0246', 'ELE-LUMI-ILEX-0010', 'ILUMINACION EXTERIOR', 'ELE / LUMINARIAS / ILUMINACION EXTERIOR', 'METROP/OUT/05618', '[ELE-LUMI-ILEX-0010] Transformador electrónico de 7W, Vin 100-240Vac / 50/60Hz, Vout 24Vdc, 350 / 500 mA, IP-20. Dimensiones: 42x40x21 mm.', 'Unit(s)', 80.000, 80.000, '2158314', 16.03, 1282.95, NULL, '2023-05-26 15:05:38', '2023-05-26 15:05:38'),
	(170, 108, 1121425, 204127, '1RAY70-1622', 'CON-7361', 'CON', 'CON', 'METROP/OUT/05562', '[CON-7361] Gas Licuado 45 Kg', 'KILOGRAMOS', 45.000, 45.000, '2158247', 1.23, 55.66, NULL, '2023-05-26 15:18:43', '2023-05-26 15:18:43'),
	(171, 109, 1117452, 203166, 'P1RAYD-0333', 'ELE-5749', 'ELE', 'ELE', 'METROP/OUT/05535', '[ELE-5749] MO-PULS INVERSOR 6A 2M BL SERIGRA. "MASTER" (077041)', 'UNIDAD', 100.000, 100.000, '2158248', 15.30, 1530.00, NULL, '2023-05-26 15:49:50', '2023-05-26 15:49:50'),
	(172, 110, 1127949, 205589, 'PAKY23-1067', 'EQU-11691', 'MORT', 'EST / MORTERO', 'METROP/OUT/05613', '[EQU-11691] MAPEGROUT T60/ Mortero tixotrópico, fibroreforzado, de retraccion compensada, resistente a los sulfatos, para el saneamiento del hormigon, de resistencia media, 60 Mpa. Incluye en su composición aditivos especiales, también, para una óptima adhesión', 'KILOGRAMOS', 2400.000, 2400.000, '2158318', 0.57, 1374.72, NULL, '2023-05-26 16:00:55', '2023-05-26 16:00:55'),
	(173, 111, 1127199, 205390, 'METROP-1136', 'HER-MANU-5857', 'CON', 'CON', 'METROP/OUT/05606', '[HER-MANU-5857] PALETINA 1 1/2" MANGO PLASTICO', 'UNIDAD', 15.000, 15.000, '2158250', 0.47, 7.20, NULL, '2023-05-26 16:04:40', '2023-05-26 16:04:40'),
	(174, 112, 1118341, 203422, 'METROP-1066', 'HID-11747', 'HID', 'HID', 'METROP/OUT/05547', '[HID-11747] COMPUERTA CORTA FUEGO, COMPUERTA DE REARME MANUAL Y CIERRE AUTOMÁTICO POR TEMPERATURA, POR FUSIBLE TÉRMICO TARADO A 72ºC - MEDIDA CUELLO: 100MMCOMPUERTA CORTAFUEGO PARA CONDUCTO CIRCULAR DE MÍNIMA PÉRDIDA DE CARGA; ENSAYADA SEGÚN NORMA EN 1350 1-3', 'UNIDAD', 11.000, 11.000, '2158319', 125.10, 1376.20, NULL, '2023-05-26 16:11:25', '2023-05-26 16:11:25'),
	(175, 113, 1127194, 205387, 'METROP-1190', 'ACA-PINT-EXTE-1347', 'EXTE', 'ACA / PINTURA / EXTERIOR', 'METROP/OUT/05605', '[ACA-PINT-EXTE-1347] MAPEFIX EP 385/ Fijación química para cargas estructurales a base de resina epoxi pura. Conforme a la norma CE, ETA opción 1, ETA opción 7. Partida arancelaria: 35069100.', 'UNIDAD', 62.000, 62.000, '2158251', 21.21, 1315.61, NULL, '2023-05-26 16:34:50', '2023-05-26 16:34:50'),
	(176, 113, 1127196, 205387, 'METROP-1190', 'EST-4720', 'EST', 'EST', 'METROP/OUT/05605', '[EST-4720] PISTOLA DE APLICACIÓN', 'UNIDAD', 3.000, 3.000, '2158252', 76.57, 229.73, NULL, '2023-05-26 16:34:50', '2023-05-26 16:34:50'),
	(177, 114, 1109089, 201416, 'PAKY23-0305', 'COR-CABL-0669', 'CABL', 'COR / CABLES', 'METROP/OUT/05458', '[COR-CABL-0669] Cable SUMCAB Sumsave AS RZ1-K 0,6/1KV 3G1,5mm2', 'METRO', 3830.000, 3.830, '2158253', 0.96, 3.70, NULL, '2023-05-26 17:17:39', '2023-05-26 17:17:39'),
	(178, 115, 1122966, 204384, '1ERAYB-0505', 'MEC-VEEX-COAC-2049', 'COAC', 'MEC / VENTILACION Y EXTRACCION / CONDUCTOS ACCESORIOS', 'METROP/OUT/05572', '[MEC-VEEX-COAC-2049] Perfil invisible de aluminio de 20 mm (paquete de 40 m). P3Ductal', 'METRO', 320.000, 320.000, '2158249', 2.26, 724.73, NULL, '2023-05-26 17:30:13', '2023-05-26 17:30:13'),
	(179, 116, 1132812, 206832, 'IW200025', 'HER-MANU-6037', 'CON', 'CON', 'METROP/OUT/05635', '[HER-MANU-6037] Pincel C/L Redondo S. Morada 20. Mezcla cerda/fibras. CIRET, COD 50046', 'UNIDAD', 24.000, 24.000, '2158254', 2.00, 48.00, NULL, '2023-05-26 17:58:31', '2023-05-26 17:58:31'),
	(180, 117, 1106021, 200546, 'METROP-0476', 'EQU-11693', 'EQU', 'EQU', 'METROP/OUT/05412', '[EQU-11693] MAPENET EM CONNECTOR/ Conectores preformados en L de fibra de vidrio, resistente a los álcalis, y resina termoendurecible de tipo vinilester- epoxidica, disponible en diferentes longitudes (7 x 200 x 100 mm). Cajas de 100 pz.', 'PIEZA', 50.000, 50.000, '2158255', 2.31, 116.00, NULL, '2023-05-26 18:07:43', '2023-05-26 18:07:43'),
	(181, 118, 1130024, 206123, 'METROP-0102', 'ACA-3159', 'ACA', 'ACA', 'METROP/OUT/05629', '[ACA-3159] BOCALLAVE 1 ROSETA DE 53 INOX 18/8. Ref.- 5235 Incluye tornillos', 'JUEGO', 5.000, 5.000, '2158320', 13.38, 66.91, NULL, '2023-05-26 18:08:25', '2023-05-26 18:08:25'),
	(182, 118, 1130026, 206123, 'BAR61A-0546', 'ACA-CAMA-PUJA-0488', 'PUJA', 'ACA / CARPINTERIA MADERA / PUERTA Y JAMBAS', 'METROP/OUT/05629', '[ACA-CAMA-PUJA-0488] Mirilla Optica', 'UNIDAD', 29.000, 29.000, '2158321', 1.46, 42.52, NULL, '2023-05-26 18:08:25', '2023-05-26 18:08:25'),
	(183, 118, 1130027, 206123, 'BAR61A-0539', 'ACA-CAMA-PUJA-0789', 'PUJA', 'ACA / CARPINTERIA MADERA / PUERTA Y JAMBAS', 'METROP/OUT/05629', '[ACA-CAMA-PUJA-0789] Tope de Piso', 'UNIDAD', 5.000, 5.000, '2158322', 1.89, 9.47, NULL, '2023-05-26 18:08:25', '2023-05-26 18:08:25'),
	(184, 118, 1130022, 206123, 'METROP-0102', 'ACA-HERR-CEEL-0083', 'CEEL', 'ACA / HERRAJE / CERRADURA ELECTRICA', 'METROP/OUT/05629', '[ACA-HERR-CEEL-0083] CPTS EMBU TEX14 EN1154 F1-4 PL. Ref.- TEX14PL', 'UNIDAD', 5.000, 5.000, '2158323', 0.45, 2.28, NULL, '2023-05-26 18:08:25', '2023-05-26 18:08:25'),
	(185, 118, 1130023, 206123, 'METROP-0102', 'ACA-HERR-CERR-0683', 'CERR', 'ACA / HERRAJE / CERRADURA', 'METROP/OUT/05629', '[ACA-HERR-CERR-0683] CT1800 FZA24 CERT EN1154-CE PL. Ref.- CT180034PL', 'UNIDAD', 5.000, 5.000, '2158324', 5.80, 29.01, NULL, '2023-05-26 18:08:26', '2023-05-26 18:08:26'),
	(186, 118, 1130021, 206123, 'P1RAYD-0096', 'ACA-HERR-CERR-0905', 'CERR', 'ACA / HERRAJE / CERRADURA', 'METROP/OUT/05629', '[ACA-HERR-CERR-0905] PASADOR 401/160MM INOX', 'UNIDAD', 20.000, 20.000, '2158325', 1.35, 27.14, NULL, '2023-05-26 18:08:26', '2023-05-26 18:08:26'),
	(187, 118, 1130020, 206123, 'CORONA-0618', 'ACA-HERR-CERR-1007', 'CERR', 'ACA / HERRAJE / CERRADURA', 'METROP/OUT/05629', '[ACA-HERR-CERR-1007] TIRADOR EMBUTIR C/C 150X50 INOX', 'UNIDAD', 30.000, 30.000, '2158326', 2.87, 86.26, NULL, '2023-05-26 18:08:26', '2023-05-26 18:08:26'),
	(188, 118, 1130025, 206123, 'BAR61A-0564', 'MOB-2215', 'MOB', 'MOB', 'METROP/OUT/05629', '[MOB-2215] CERRADURA 331/50 INOX 304 + CILINDRO 30X10 NIQUEL TRIANGULO - MARCA INTHER', 'UNIDAD', 5.000, 5.000, '2158327', 12.68, 63.40, NULL, '2023-05-26 18:08:26', '2023-05-26 18:08:26'),
	(189, 119, 1126696, 205245, 'CORONA-0832', 'ACA-CAAL-PUER-1912', 'PUER', 'ACA / CARPINTERIA ALUMINIO / PUERTA', 'METROP/OUT/05602', '[ACA-CAAL-PUER-1912] Puerta 1hoja con Chapa AL y Louver AL3 700X2100', 'UNIDAD', 1.000, 1.000, '2158328', 30.91, 30.91, NULL, '2023-05-26 18:20:08', '2023-05-26 18:20:08'),
	(190, 119, 1126695, 205245, '1RAY70-0236', 'ACA-CAAL-PUER-2312', 'PUER', 'ACA / CARPINTERIA ALUMINIO / PUERTA', 'METROP/OUT/05602', '[ACA-CAAL-PUER-2312] Puerta de aluminio de una hoja', 'Unit(s)', 6.000, 6.000, '2158329', 215.03, 1290.19, NULL, '2023-05-26 18:20:08', '2023-05-26 18:20:08'),
	(191, 120, 1126118, 205087, '1RAY70-0277', 'MEC-VEEX-COAC-1193', 'COAC', 'MEC / VENTILACION Y EXTRACCION / CONDUCTOS ACCESORIOS', 'METROP/OUT/05595', '[MEC-VEEX-COAC-1193] \'Conducto flexible insulado termicamente y foneticamente de 204 mm y 10 m de longitud. (PRECIO ESPECIAL POR CANTIDAD, VALIDO SOLO PARA ESTA OFERTA) Cód: Tecnoventil. T4-A', 'METRO', 300.000, 300.000, '2158256', 3.38, 1014.00, NULL, '2023-05-26 18:26:00', '2023-05-26 18:26:00'),
	(192, 121, 1127181, 205381, 'IW200026', 'MEC-VEEX-COAC-1729', 'COAC', 'MEC / VENTILACION Y EXTRACCION / CONDUCTOS ACCESORIOS', 'METROP/OUT/05604', '[MEC-VEEX-COAC-1729] Collarin de aluminio de Ø 250 mm.P3Ductal', 'UNIDAD', 200.000, 200.000, '2158257', 4.28, 858.00, NULL, '2023-05-26 18:27:45', '2023-05-26 18:27:45'),
	(193, 121, 1127182, 205381, 'IW200026', 'MEC-VEEX-COAC-1730', 'COAC', 'MEC / VENTILACION Y EXTRACCION / CONDUCTOS ACCESORIOS', 'METROP/OUT/05604', '[MEC-VEEX-COAC-1730] Collarin de aluminio de Ø 200 mm. P3Ductal', 'UNIDAD', 300.000, 300.000, '2158258', 4.21, 1263.00, NULL, '2023-05-26 18:27:45', '2023-05-26 18:27:45'),
	(194, 122, 1112584, 202256, 'METROP-0169', 'EQU-LIMP-0627', 'LIMP', 'EQU / LIMPIEZA', 'METROP/OUT/05497', '[EQU-LIMP-0627] HIDROLIMPIADORA KARCHER K3 PREMIUM FULL CONTROL *EU.220-240V 1PH 50/60 HZ.HOME & GARDEN', 'UNIDAD', 36.000, 36.000, '2507', 30.47, 1097.18, NULL, '2023-05-29 10:31:30', '2023-05-29 10:31:30'),
	(195, 123, 1127910, 205569, 'CAGAEI-0110', 'MEC-VALV-3614', 'VALV', 'MEC / VALVULA', 'METROP/OUT/05612', '[MEC-VALV-3614] V. FLOTADOR SIN BOYA 3/4"', 'UNIDAD', 2.000, 2.000, '2158330', 32.63, 65.27, NULL, '2023-05-29 13:50:49', '2023-05-29 13:50:49'),
	(196, 123, 1127909, 205569, 'CAGAEI-0110', 'MEC-VALV-3619', 'VALV', 'MEC / VALVULA', 'METROP/OUT/05612', '[MEC-VALV-3619] V. FLOTADOR SIN BOYA 1/2"', 'UNIDAD', 2.000, 2.000, '2158331', 29.65, 59.30, NULL, '2023-05-29 13:50:49', '2023-05-29 13:50:49'),
	(197, 124, 1127756, 205539, 'METROP-1128', 'ACA-3275', 'ACA', 'ACA', 'METROP/OUT/05610', '[ACA-3275] Bañera plástica portátil niños, plegable . Medidas cerrada:86x48x5 cm. Abierta: 86x48x23 cm.', 'UNIDAD', 3.000, 3.000, '2158332', 3072.80, 9218.41, NULL, '2023-05-29 14:03:45', '2023-05-29 14:03:45'),
	(198, 124, 1127757, 205539, 'PAKY23-0212', 'HID-18728', 'HID', 'HID', 'METROP/OUT/05610', '[HID-18728] VALVULA DE DESAGUE', 'UNIDAD', 3.000, 3.000, '2158333', 40.92, 122.76, NULL, '2023-05-29 14:03:46', '2023-05-29 14:03:46'),
	(199, 125, 1127956, 205594, 'CORONA-0365', 'MEC-VALV-4375', 'VALV', 'MEC / VALVULA', 'METROP/OUT/05614', '[MEC-VALV-4375] Válvula de flotador 1/2". Boya incluida. Cuerpo en acero Inoxidable AISI 316. Flotador en acero Inoxidable AISI 316. Junta NBR. Extremo roscado M NPT.', 'UNIDAD', 1.000, 1.000, '21583334', 65.37, 65.37, NULL, '2023-05-29 14:11:06', '2023-05-29 14:11:06'),
	(200, 125, 1127957, 205594, 'CORONA-0365', 'MEC-VALV-4384', 'VALV', 'MEC / VALVULA', 'METROP/OUT/05614', '[MEC-VALV-4384] Válvula de flotador 3/4". Boya incluida. Cuerpo en acero Inoxidable AISI 316. Flotador en acero Inoxidable AISI 316. Junta NBR. Extremo roscado M NPT.', 'UNIDAD', 2.000, 2.000, '2158259', 89.87, 179.76, NULL, '2023-05-29 14:11:06', '2023-05-29 14:11:06'),
	(201, 127, 1125994, 205033, 'METROP-0474', 'ACA-4988', 'ACA', 'ACA', 'METROP/OUT/05591', '[ACA-4988] Sellador poliuretano y estanquiedad de juntas(K-500 PLUS). BLANCO', 'UNIDAD', 144.000, 144.000, '2158276', 3.24, 466.75, NULL, '2023-05-29 16:40:52', '2023-05-29 16:40:52'),
	(202, 129, 1132828, 206845, 'IW330202', 'EQU-11989', 'EQU', 'EQU', 'METROP/OUT/05638', '[EQU-11989] Mortero de enfoscado transpirable, a base de cal natural y Eco-Puzolana, para aplicar como primera capa en la realización de revoques deshumidificadores, transpirables y estructurales. CE EN 998-1, GP-CS IV, EC1. Saco 25 kg. Área 4387 m2, espesor 1', 'KILOGRAMOS', 5000.000, 5000.000, '2158277', 0.67, 3382.50, NULL, '2023-05-30 16:12:35', '2023-05-30 16:12:35'),
	(203, 130, 1136298, 207817, 'METROP-1181', 'ACA-DECO-MOLD-0367', 'MOLD', 'ACA / DECORACION / MOLDURAS', 'METROP/OUT/05664', '[ACA-DECO-MOLD-0367] Saco cola Alteron (10 Kgs)', 'KILOGRAMOS', 300.000, 300.000, '2158278', 0.00, 0.00, NULL, '2023-05-30 18:01:52', '2023-05-30 18:01:52'),
	(204, 131, 1135718, 207598, 'IW320193', 'HER-MANU-5363', 'MANU', 'HER / MANUALES', 'METROP/OUT/05660', '[HER-MANU-5363] Llana rectangular inox 280x125 m/bimat.ALYCO', 'UNIDAD', 60.000, 60.000, '2158279', 0.00, 0.00, NULL, '2023-05-30 18:13:09', '2023-05-30 18:13:09'),
	(205, 132, 1126407, 205163, 'ROCAN2-1453', 'MEC-VALV-3646', 'VALV', 'MEC / VALVULA', 'METROP/OUT/05598', '[MEC-VALV-3646] V. RED. DE PRESION 1"1/4 NPT', 'UNIDAD', 3.000, 3.000, '2158280', 46.70, 140.12, NULL, '2023-05-30 18:21:33', '2023-05-30 18:21:33'),
	(206, 133, 1123554, 204538, 'P1RAYD-0379', 'ACA-CAAL-1391', 'CAAL', 'ACA / CARPINTERIA ALUMINIO', 'METROP/OUT/05576', '[ACA-CAAL-1391] Taco laton M-6 (100 u)', 'CAJA', 600.000, 600.000, '2158260', 0.05, 32.88, NULL, '2023-05-30 18:27:15', '2023-05-30 18:27:15'),
	(207, 133, 1123552, 204538, '760193A', 'ACA-CAAL-1415', 'CAAL', 'ACA / CARPINTERIA ALUMINIO', 'METROP/OUT/05576', '[ACA-CAAL-1415] Tuerca M-6 (200 u/caja)', 'CAJA', 600.000, 600.000, '2158261', 0.01, 6.60, NULL, '2023-05-30 18:27:15', '2023-05-30 18:27:15'),
	(208, 133, 1123553, 204538, 'IW750721', 'ACA-ENCH-PERF-0366', 'PERF', 'ACA / ENCHAPE / PERFILES', 'METROP/OUT/05576', '[ACA-ENCH-PERF-0366] Arandela M-6 (200 unidades)', 'UNIDAD', 600.000, 600.000, '2158262', 0.01, 9.18, NULL, '2023-05-30 18:27:15', '2023-05-30 18:27:15'),
	(209, 133, 1123548, 204538, '1ERAYB-1095', 'ACA-ENCH-PERF-0412', 'PERF', 'ACA / ENCHAPE / PERFILES', 'METROP/OUT/05576', '[ACA-ENCH-PERF-0412] Desmontable nº 01 fisurada 24mm 60x60 vista Ligerplac', 'M2', 288.000, 288.000, '2158263', 2.16, 624.67, NULL, '2023-05-30 18:27:15', '2023-05-30 18:27:15'),
	(210, 133, 1123551, 204538, 'IW750721', 'ACA-ENCH-PERF-0533', 'PERF', 'ACA / ENCHAPE / PERFILES', 'METROP/OUT/05576', '[ACA-ENCH-PERF-0533] Perfil angular BLANCO 24x24x3000mm (30u/c) T', 'METRO', 270.000, 270.000, '2158264', 0.49, 134.57, NULL, '2023-05-30 18:27:16', '2023-05-30 18:27:16'),
	(211, 133, 1123549, 204538, 'IW750721', 'ACA-ENCH-PERF-0555', 'PERF', 'ACA / ENCHAPE / PERFILES', 'METROP/OUT/05576', '[ACA-ENCH-PERF-0555] Perfil primario BLANCO 24x38x3700mm (25u/c) T', 'METRO', 277.000, 277.000, '2158265', 0.57, 159.30, NULL, '2023-05-30 18:27:16', '2023-05-30 18:27:16'),
	(212, 133, 1123550, 204538, 'IW750721', 'ACA-ENCH-PERF-0556', 'PERF', 'ACA / ENCHAPE / PERFILES', 'METROP/OUT/05576', '[ACA-ENCH-PERF-0556] Perfil secundario BLANCO 24x38x1200 (50u/c) T', 'METRO', 72.000, 72.000, '2158267', 0.57, 41.41, NULL, '2023-05-30 18:27:16', '2023-05-30 18:27:16'),
	(213, 134, 1090429, 196646, 'METROP-1038', 'MOB-ENFE-0010', 'ENFE', 'MOB / ENFERMERIA', 'METROP/OUT/05239', '[MOB-ENFE-0010] Balanza digital de pesa persona profecional Mod Wunder RA 200 indicador de peso digital en ABS capac. Max 200 Kg divis. 50/100 gr dimens. 350 x 450 plataforma antiresbalante alimentacion; bateria con 50 horas de duracion y adaptador con 15Vdc 300mA', 'UNIDAD', 1.000, 1.000, '2158281', 915.90, 915.90, NULL, '2023-05-30 18:28:59', '2023-05-30 18:28:59'),
	(214, 135, 1134997, 207381, 'METROP-0255', 'HID-GRIF-2701', 'GRIF', 'HID / GRIFERIA', 'METROP/OUT/05651', '[HID-GRIF-2701] MAXIFLEX 1/2 X 1/2 X 55 P/FREGADERO AC.INOX.', 'UNIDAD', 155.000, 155.000, '2158282', 0.00, 0.00, NULL, '2023-05-30 18:36:14', '2023-05-30 18:36:14'),
	(215, 136, 1130028, 206124, '1ERAYB-0224', 'MEC-VALV-2798', 'VALV', 'MEC / VALVULA', 'METROP/OUT/05630', '[MEC-VALV-2798] FILTRO COLADOR "Y" NPT 3/4"', 'UNIDAD', 19.000, 19.000, '2158283', 0.00, 0.00, NULL, '2023-05-30 18:41:15', '2023-05-30 18:41:15'),
	(216, 137, 1116333, 203011, NULL, 'ACA-TABI-PLYE-0190', 'PLYE', 'ACA / TABIQUE / PLACA DE YESO', 'METROP/OUT/05526', '[ACA-TABI-PLYE-0190] CINTA GUARDAVIVOS ( ROLLOS DE 130 m) EN 14353', 'ROLLO', 64.000, 64.000, '2158284', 6.48, 415.36, NULL, '2023-05-30 18:51:22', '2023-05-30 18:51:22'),
	(217, 137, 1116334, 203011, NULL, 'ACA-TABI-PLYE-0192', 'PLYE', 'ACA / TABIQUE / PLACA DE YESO', 'METROP/OUT/05526', '[ACA-TABI-PLYE-0192] CINTA GUARDAVIVOS (rollo de 30 ml)', 'MLINEAL', 1080.000, 1080.000, '2158285', 0.21, 237.60, NULL, '2023-05-30 18:51:22', '2023-05-30 18:51:22'),
	(218, 138, 1105844, 200458, 'CORONA-0011', 'EQU-10580', 'EQU', 'EQU', 'METROP/OUT/05409', '[EQU-10580] Filtro Metabo Código 343440430', 'UNIDAD', 2.000, 2.000, '2158268', 22.14, 44.29, NULL, '2023-05-30 18:53:57', '2023-05-30 18:53:57'),
	(219, 138, 1105845, 200458, 'ROCAN2-0673', 'EQU-11011', 'EQU', 'EQU', 'METROP/OUT/05409', '[EQU-11011] Interruptor Metabo Código 343410680', 'UNIDAD', 2.000, 2.000, '2158269', 98.70, 197.41, NULL, '2023-05-30 18:53:57', '2023-05-30 18:53:57'),
	(220, 138, 1105841, 200458, 'COMHAB-0527', 'EQU-9538', 'EQU', 'EQU', 'METROP/OUT/05409', '[EQU-9538] Compresor Mega 400-50 W Código 601536000', 'UNIDAD', 2.000, 2.000, '2158270', 1238.20, 2476.40, NULL, '2023-05-30 18:53:57', '2023-05-30 18:53:57'),
	(221, 138, 1105842, 200458, 'IW330204', 'EQU-9544', 'EQU', 'EQU', 'METROP/OUT/05409', '[EQU-9544] Condensador Metabo Código 343254920', 'UNIDAD', 2.000, 2.000, '2158271', 33.15, 66.30, NULL, '2023-05-30 18:53:58', '2023-05-30 18:53:58'),
	(222, 138, 1105843, 200458, 'IW330204', 'EQU-9628', 'EQU', 'EQU', 'METROP/OUT/05409', '[EQU-9628] Correa trapezoidal METABO Código 344260390', 'UNIDAD', 2.000, 2.000, '2158272', 16.08, 32.17, NULL, '2023-05-30 18:53:58', '2023-05-30 18:53:58'),
	(223, 138, 1105846, 200458, 'IW760163', 'HER-ELEC-3689', 'HEEL', 'CON / HERRAMIENTA ELECTRICA', 'METROP/OUT/05409', '[HER-ELEC-3689] Cincel ancho con inserción SDS-MAX de 80 x 300 mm. IMCOINSA', 'UNIDAD', 5.000, 5.000, '2158273', 14.58, 72.92, NULL, '2023-05-30 18:53:58', '2023-05-30 18:53:58'),
	(224, 138, 1105848, 200458, 'QUEB24-0976', 'HER-ELEC-3693', 'MANU', 'HER / MANUALES', 'METROP/OUT/05409', '[HER-ELEC-3693] Cincel con inserción SDS-MAX de 25 x 600 mm. IMCOINSA.', 'UNIDAD', 5.000, 5.000, '2158274', 7.21, 36.10, NULL, '2023-05-30 18:53:58', '2023-05-30 18:53:58'),
	(225, 138, 1105847, 200458, 'QUEB24-0976', 'HER-ELEC-3695', 'MANU', 'HER / MANUALES', 'METROP/OUT/05409', '[HER-ELEC-3695] Cincel con inserción SDS-MAX de 25 x 400 mm. IMCOINSA.', 'UNIDAD', 5.000, 5.000, '2158286', 4.44, 22.20, NULL, '2023-05-30 18:53:58', '2023-05-30 18:53:58'),
	(226, 141, 1128944, 205902, 'PAKY23-1046', 'SST-MPI-1449', 'MPI', 'SST / MEDIOS DE PROTECCION INDIVIDUAL', 'METROP/OUT/05623', '[SST-MPI-1449] FAJA DE FUERZA LUMBAR CON REFUERZO Y TIRANTES,  ELASTICO,  CIERRE VELCRO, FARU PE10 TALLA M', 'Unit(s)', 5.000, 5.000, '2158315', 9.44, 47.23, NULL, '2023-06-01 11:19:05', '2023-06-01 11:19:05'),
	(227, 141, 1128945, 205902, 'PAKY23-1046', 'SST-MPI-1450', 'MPI', 'SST / MEDIOS DE PROTECCION INDIVIDUAL', 'METROP/OUT/05623', '[SST-MPI-1450] FAJA DE FUERZA LUMBAR CON REFUERZO Y TIRANTES,  ELASTICO,  CIERRE VELCRO, FARU PE10 TALLA L', 'Unit(s)', 5.000, 5.000, '2158316', 9.44, 47.23, NULL, '2023-06-01 11:19:05', '2023-06-01 11:19:05'),
	(228, 141, 1128946, 205902, 'PAKY23-1046', 'SST-MPI-1451', 'MPI', 'SST / MEDIOS DE PROTECCION INDIVIDUAL', 'METROP/OUT/05623', '[SST-MPI-1451] FAJA DE FUERZA LUMBAR CON REFUERZO Y TIRANTES,  ELASTICO,  CIERRE VELCRO, FARU PE10 TALLA XL', 'Unit(s)', 2.000, 2.000, '2158317', 9.44, 18.89, NULL, '2023-06-01 11:19:06', '2023-06-01 11:19:06'),
	(229, 142, 1132820, 206838, 'IW330202', 'EQU-13087', 'EQU', 'EQU', 'METROP/OUT/05636', '[EQU-13087] Revoque de fondo transpirante, a base de cal y Eco-Puzolana, para aplicar sobre albañilería existente, incluso de valor histórico. CE EN 998-1, GP-CS II. Saco 25 kg. . Área = 4387 m2, espesor considerado 30 mm. Sacos 25 Kg. Consumo: 15 kg/m2/cm de e', 'KILOGRAMOS', 5000.000, 5000.000, '2158289', 0.00, 0.00, NULL, '2023-06-01 16:18:17', '2023-06-01 16:18:17'),
	(230, 143, 1138429, 208289, 'IW350602', 'EQU-13514', 'EQU', 'EQU', 'METROP/OUT/05674', '[EQU-13514] Spray lubricante SUPER EGO / ROTHENBERGER "Oil Mineral" 600 ml Ref. 899100100', 'UNIDAD', 8.000, 8.000, '2158290', 0.00, 0.00, NULL, '2023-06-01 16:30:47', '2023-06-01 16:30:47'),
	(231, 144, 1138549, 208335, 'PAKY23-1423', 'EQU-12960', 'SOFI', 'CON / SOPORTERIA Y FIJACION', 'METROP/OUT/05680', '[EQU-12960] Rapitac 6/40 taco con tornillo incorporado [TO ARCHIVE]', 'MIL UNIDADES', 4.000, 4.000, '2158291', 0.00, 0.00, NULL, '2023-06-01 16:52:52', '2023-06-01 16:52:52');

-- Volcando estructura para tabla semtinel.logistics_receipt_items_oc
CREATE TABLE IF NOT EXISTS `logistics_receipt_items_oc` (
  `id` int unsigned NOT NULL AUTO_INCREMENT COMMENT 'ID del registro',
  `id_receipt` int DEFAULT NULL COMMENT 'ID de la recepción',
  `odoo_id_order_line` int DEFAULT NULL COMMENT 'ID del item en la tabla order_line',
  `odoo_id_order` int DEFAULT NULL COMMENT 'ID de la orden de compra',
  `product_code` varchar(50) CHARACTER SET utf8mb4 COLLATE utf8mb4_general_ci DEFAULT NULL COMMENT 'Código del producto padre',
  `category_name` varchar(50) COLLATE utf8mb4_general_ci DEFAULT NULL,
  `category_complete_name` varchar(255) COLLATE utf8mb4_general_ci DEFAULT NULL,
  `product_description` varchar(255) CHARACTER SET utf8mb4 COLLATE utf8mb4_general_ci DEFAULT NULL COMMENT 'Descripción del producto padre',
  `item_description` text CHARACTER SET utf8mb4 COLLATE utf8mb4_general_ci COMMENT 'Descripción del renglón',
  `um` varchar(50) CHARACTER SET utf8mb4 COLLATE utf8mb4_general_ci DEFAULT NULL COMMENT 'Unidad de medida',
  `received_quantity` decimal(8,3) DEFAULT NULL COMMENT 'Cantidad recibida',
  `stowage_card` varchar(50) CHARACTER SET utf8mb4 COLLATE utf8mb4_general_ci DEFAULT NULL COMMENT 'Tarjeta de estiba',
  `price_unit` decimal(8,6) DEFAULT NULL COMMENT 'Precio unitario',
  `price_total` decimal(8,2) DEFAULT NULL COMMENT 'Precio total',
  `sequence` decimal(8,2) DEFAULT NULL COMMENT 'Orden de aparición en el listado',
  `comment` text CHARACTER SET utf8mb4 COLLATE utf8mb4_general_ci COMMENT 'Comentario',
  `created_at` datetime DEFAULT NULL COMMENT 'Fecha de creación',
  `updated_at` datetime DEFAULT NULL COMMENT 'Fecha de modificación',
  PRIMARY KEY (`id`)
) ENGINE=InnoDB AUTO_INCREMENT=6 DEFAULT CHARSET=utf8mb4 COLLATE=utf8mb4_general_ci;

-- Volcando datos para la tabla semtinel.logistics_receipt_items_oc: ~5 rows (aproximadamente)
INSERT INTO `logistics_receipt_items_oc` (`id`, `id_receipt`, `odoo_id_order_line`, `odoo_id_order`, `product_code`, `category_name`, `category_complete_name`, `product_description`, `item_description`, `um`, `received_quantity`, `stowage_card`, `price_unit`, `price_total`, `sequence`, `comment`, `created_at`, `updated_at`) VALUES
	(1, 1, 421371, 30054, 'ACA-3332', 'ACA', 'ACA', 'Broca tungsteno para hormigón SDS-plus 2 filos. Ø 10 X 260 X 200 mm. IMCOINSA', '[ACA-3332] Broca tungsteno para hormigón SDS-plus 2 filos. Ø 10 X 260 X 200 mm. IMCOINSA', 'UNIDAD', 27.000, '137875', 1.710000, 46.17, 25.00, NULL, '2023-05-18 09:18:47', '2023-05-18 09:18:47'),
	(2, 1, 421372, 30054, 'ACA-3329', 'ACA', 'ACA', 'Broca tungsteno para hormigón SDS-PLUS, 2 filos.Ø 14X 210 X 150 mm. IMCOINSA.', '[ACA-3329] Broca tungsteno para hormigón SDS-PLUS, 2 filos.Ø 14X 210 X 150 mm. IMCOINSA.', 'UNIDAD', 40.000, '205534', 2.190000, 87.60, 26.00, NULL, '2023-05-18 09:18:47', '2023-05-18 09:18:47'),
	(3, 2, 263824, 26117, 'ACA-ENCH-CECO-0141', 'CECO', 'ACA / ENCHAPE / CEMENTO COLA Y REJUNTADO', 'MORTERO REJUNTADO PARA INTERIOR - GENERICO (U)', 'IGNIVER, SO 18K P64 (SACO DE 18 KG)', 'Unit(s)', 4.000, '137840', 5.170737, 20.68, 1.00, NULL, '2023-05-18 09:23:13', '2023-05-18 09:23:13'),
	(4, 3, 446843, 31656, 'EST-CUBI-IMPE-0106', 'IMPE', 'EST / CUBIERTA / IMPERMEABLE', '1924010 - CORDON BUTYL, (Caja 10ml - 52 cajas/palet )', '[EST-CUBI-IMPE-0106] 1924010 - CORDON BUTYL, (Caja 10ml - 52 cajas/palet )', 'MLINEAL', 50.000, '137723', 3.690000, 184.50, 2.00, NULL, '2023-05-18 09:26:09', '2023-05-18 09:26:09'),
	(5, 4, 421371, 30054, 'ACA-3332', 'ACA', 'ACA', 'Broca tungsteno para hormigón SDS-plus 2 filos. Ø 10 X 260 X 200 mm. IMCOINSA', '[ACA-3332] Broca tungsteno para hormigón SDS-plus 2 filos. Ø 10 X 260 X 200 mm. IMCOINSA', 'UNIDAD', 7.000, '137875', 1.710000, 11.97, 25.00, NULL, '2023-05-18 09:30:00', '2023-05-18 09:30:00'),
	(6, 4, 421373, 30054, 'CON-6186', 'CON', 'CON', 'Broca tungsteno para hormigón SDS-plus 2 filos Ø16x160x100mm. IMCOINSA.', '[CON-6186] Broca tungsteno para hormigón SDS-plus 2 filos Ø16x160x100mm. IMCOINSA.', 'UNIDAD', 8.000, '10488', 2.320000, 18.56, 27.00, NULL, '2023-05-18 09:30:00', '2023-05-18 09:30:00'),
	(7, 6, 296642, 26742, 'EST-ESME-0916', 'ESME', 'EST / ESTRUCTURA METALICA', 'Protecciòn Contra el Fuego Protección al fuego mediante la proyectaciòn de mezcla fibrosa a base de yeso \'KNAUF VERMIPLASTERP 91, para columnas, vigas, angulares y steel deck (Ver Ficha Tècnica en anexo \'KNAUF VERMIPLASTER\')', '[EST-ESME-0916] Protecciòn Contra el Fuego Protección al fuego mediante la proyectaciòn de mezcla fibrosa a base de yeso \'KNAUF VERMIPLASTERP 91, para columnas, vigas, angulares y steel deck (Ver Ficha Tècnica en anexo \'KNAUF VERMIPLASTER\')', 'KILOGRAMOS', 116.000, '9895', 1.050000, 121.80, 1.00, NULL, '2023-05-18 09:37:58', '2023-05-18 09:37:58'),
	(8, 7, 532583, 35442, 'EQU-14370', 'EQU', 'EQU', 'Winifibrecrete ST 850', '[EQU-14370] Winifibrecrete ST 850', 'KILOGRAMOS', 250.000, '114570', 5.890000, 1472.50, 1.00, NULL, '2023-05-18 09:41:39', '2023-05-18 09:41:39'),
	(9, 8, 201462, 22009, 'ACA-REVE-FACH-0325', 'FACH', 'ACA / REVESTIMIENTO / FACHADA', 'Bola esponja limpieza manguera diám. 25 mm interior 1107520', 'Bola esponja Ø 30 mm. fina. RV', 'UNIDAD', 70.000, '114512', 0.967592, 67.73, 3.00, NULL, '2023-05-18 09:45:27', '2023-05-18 09:45:27'),
	(10, 9, 201463, 22009, 'CON-ESTR-2478', 'ESTR', 'CON / ESTRUCTURA', 'Clavo con arandela', 'Clavo llesero acero punta templada 200 mm. RV', 'UNIDAD', 67.000, '114513', 2.498592, 167.41, 4.00, NULL, '2023-05-18 12:19:33', '2023-05-18 12:19:33'),
	(11, 9, 201477, 22009, 'ELE-4824', 'ELE', 'ELE', 'Carril modular W600', 'Carril media caña nº11. RV', 'UNIDAD', 11.000, '114525', 4.250056, 46.75, 18.00, NULL, '2023-05-18 12:19:33', '2023-05-18 12:19:33'),
	(12, 9, 201478, 22009, 'ELE-4824', 'ELE', 'ELE', 'Carril modular W600', 'Carril media caña nº21. RV', 'UNIDAD', 7.000, '114929', 4.360288, 30.52, 19.00, NULL, '2023-05-18 12:19:33', '2023-05-18 12:19:33'),
	(13, 9, 201479, 22009, 'ELE-4824', 'ELE', 'ELE', 'Carril modular W600', 'Carril media caña nº26. RV', 'UNIDAD', 8.000, '114514', 4.531760, 36.25, 20.00, NULL, '2023-05-18 12:19:33', '2023-05-18 12:19:33'),
	(14, 9, 201480, 22009, 'ELE-4824', 'ELE', 'ELE', 'Carril modular W600', 'Carril media caña nº12. RV', 'UNIDAD', 7.000, '114602', 4.531760, 31.72, 21.00, NULL, '2023-05-18 12:19:33', '2023-05-18 12:19:33'),
	(15, 9, 201481, 22009, 'ELE-4824', 'ELE', 'ELE', 'Carril modular W600', 'Carril media caña nº29. RV', 'UNIDAD', 5.000, '114803', 4.250056, 21.25, 22.00, NULL, '2023-05-18 12:19:33', '2023-05-18 12:19:33'),
	(16, 9, 201482, 22009, 'ELE-4824', 'ELE', 'ELE', 'Carril modular W600', 'Carril media caña nº18. RV', 'UNIDAD', 8.000, '114804', 4.250056, 34.00, 23.00, NULL, '2023-05-18 12:19:33', '2023-05-18 12:19:33'),
	(17, 9, 201483, 22009, 'ELE-4824', 'ELE', 'ELE', 'Carril modular W600', 'Carril media caña nº15. RV', 'UNIDAD', 6.000, '114805', 4.250056, 25.50, 24.00, NULL, '2023-05-18 12:19:34', '2023-05-18 12:19:34'),
	(18, 9, 201485, 22009, 'ELE-4824', 'ELE', 'ELE', 'Carril modular W600', 'Carril media caña nº10. RV', 'UNIDAD', 5.000, '114809', 4.250056, 21.25, 26.00, NULL, '2023-05-18 12:19:34', '2023-05-18 12:19:34'),
	(19, 9, 201486, 22009, 'ELE-CANA-1646', 'CANA', 'ELE / CANALIZACIONES', 'Carril modular W600', 'Carril diente basto nº13. RV', 'UNIDAD', 7.000, '21145', 4.531760, 31.72, 27.00, NULL, '2023-05-18 12:19:34', '2023-05-18 12:19:34'),
	(20, 9, 201487, 22009, 'ELE-4824', 'ELE', 'ELE', 'Carril modular W600', 'Carril dentado nº7. RV', 'UNIDAD', 6.000, '114807', 3.968352, 23.81, 28.00, NULL, '2023-05-18 12:19:34', '2023-05-18 12:19:34'),
	(21, 9, 201488, 22009, 'ELE-CANA-1646', 'CANA', 'ELE / CANALIZACIONES', 'Carril modular W600', 'Carril dentado nº1. RV', 'UNIDAD', 5.000, '114524', 3.968352, 19.84, 29.00, NULL, '2023-05-18 12:19:34', '2023-05-18 12:19:34'),
	(22, 9, 201489, 22009, 'ELE-4824', 'ELE', 'ELE', 'Carril modular W600', 'Carril dentado nº4. RV', 'UNIDAD', 5.000, '114608', 3.968352, 19.84, 30.00, NULL, '2023-05-18 12:19:34', '2023-05-18 12:19:34'),
	(23, 9, 201490, 22009, 'ELE-4824', 'ELE', 'ELE', 'Carril modular W600', 'Carril dentado nº6. RV', 'UNIDAD', 5.000, '114800', 4.250056, 21.25, 31.00, NULL, '2023-05-18 12:19:35', '2023-05-18 12:19:35'),
	(24, 9, 201491, 22009, 'ELE-4824', 'ELE', 'ELE', 'Carril modular W600', 'Carril pecho paloma nº30. RV', 'UNIDAD', 8.000, '114610', 9.100264, 72.80, 32.00, NULL, '2023-05-18 12:19:35', '2023-05-18 12:19:35'),
	(25, 10, 216432, 23464, 'EST-CUBI-IMPE-0180', 'IMPE', 'EST / CUBIERTA / IMPERMEABLE', 'REJILLA BAJANTES PLUC ACERO, Rejilla para bajantes pluviales y retenedores de hojas, realizado con acero galvanizado, y ajustable a las cazoletas. 80/100 mm', 'REJILLA BAJANTES PLUC ACERO, Rejilla para bajantes pluviales y retenedores de hojas, realizado con acero galvanizado, y ajustable a las cazoletas.', 'UNIDAD', 30.000, '119367', 4.844302, 145.33, 7.00, NULL, '2023-05-18 12:21:37', '2023-05-18 12:21:37'),
	(26, 11, 204516, 22388, 'EQU-11990', 'EQU', 'EQU', 'Mortero monocapa para revestimiento de fachadas, acabado fino. (CE EN 998-1, DIT Plus Instituto torroja, DITEC Nº. 669), espesor considerado 30 mm. Sacos de 25 kg. Área 2`814 m2. REF. SEGÚN CARTA MAPEI, COLOR BLANCO. Consumo: 1.25 kg/ m2 x cm de esp', 'QUITAPINTURAS MACY (DECAPANTE) ENVASE DE 4 LTS. BASE DISOLVENTE, LISTO AL USO', 'KILOGRAMOS', 51.000, '126560', 8.534975, 435.28, 1.00, NULL, '2023-05-18 12:23:29', '2023-05-18 12:23:29'),
	(27, 18, 201566, 22010, 'ACA-5188', 'ACA', 'ACA', 'Taco de lija grano 80 fino', 'Taco 100 x 70 x 25mm Gr. Fino', 'UNIDAD', 137.000, '114589', 0.330696, 45.31, 10.00, NULL, '2023-05-18 15:13:11', '2023-05-18 15:13:11'),
	(28, 19, 596443, 39968, 'EQU-11880', 'EQU', 'EQU', 'Marcador permanente en tubos de aerosol amarillo fluo 500 ml. FELTON. Ref.12121.', '[EQU-11880] Marcador permanente en tubos de aerosol amarillo fluo 500 ml. FELTON. Ref.12121.', 'UNIDAD', 7.000, '126722', 3.340000, 23.38, 2.00, NULL, '2023-05-18 15:15:07', '2023-05-18 15:15:07'),
	(29, 20, 247651, 24950, 'EQU-ANDA-0085', 'ANDA', 'EQU / ANDAMIOS', 'ARGOLLA 12x160', 'EDGE BOLT GRS 12/230   TORNILLO DE ARGOLLA', 'UNIDAD', 155.000, '190303', 1.398756, 216.81, 2.00, NULL, '2023-05-18 15:17:04', '2023-05-18 15:17:04'),
	(30, 21, 443463, 31361, 'EQU-8113', 'EQU', 'EQU', 'Anclaje rápido DOKA 16x125 mm ref,.588631000', 'ANCLAJE DOKA EXPRES 16 X 125 mm', 'UNIDAD', 1883.000, '136377', 11.240208, 21165.31, 1.00, NULL, '2023-05-18 15:19:47', '2023-05-18 15:19:47'),
	(31, 21, 443464, 31361, 'EQU-10339', 'EQU', 'EQU', 'Espiral DOKA 16 mm ref.588633000', 'ELEMENTO ESPARCIDOR DE CONSUMO DOKA Diametro 1.6 cm', 'UNIDAD', 186.000, '136378', 1.156400, 215.09, 2.00, NULL, '2023-05-18 15:19:47', '2023-05-18 15:19:47'),
	(32, 22, 628604, 43585, 'EQU-11846', 'EQU', 'EQU', 'Manguera para tolva de hormigon adaptable con las tolvas descriptivas - Tubo de 6 ml', '[EQU-11846] Manguera para tolva de hormigon adaptable con las tolvas descriptivas - Tubo de 6 ml', 'MLINEAL', 6.000, '136527', 60.590000, 363.54, 1.00, NULL, '2023-05-18 15:22:40', '2023-05-18 15:22:40'),
	(33, 22, 628605, 43585, 'EQU-8141', 'EQU', 'EQU', 'Anillo de fijacion para manguera sobre tolva de hormigon tipo TUC', '[EQU-8141] Anillo de fijacion para manguera sobre tolva de hormigon tipo TUC', 'UNIDAD', 4.000, '136528', 13.700000, 54.80, 2.00, NULL, '2023-05-18 15:22:40', '2023-05-18 15:22:40'),
	(34, 26, 390682, 27906, 'EQU-8844', 'ACAB', 'CON / ACABADOS', 'CAMISA D6-3MM MASTER AMARILLA', '[EQU-8844] CAMISA D6-3MM MASTER AMARILLA', 'UNIDAD', 15.000, '136570', 48.710000, 730.65, 1.00, NULL, '2023-05-18 17:08:03', '2023-05-18 17:08:03'),
	(35, 27, 632941, 36638, 'ACA-2749', 'ACA', 'ACA', '"Estructura Metàlica Portante Pantalla Acústica\n- N. 27 columnas portantes realizadas a lo largo del desarrollo vertical, galvanizadas por inmersiòn en caliente y pintadas de color RAL 9002 Parte vertical perfiles IPE 200 N. 54 Pletinas de anclaje 2', 'Estructura Metàlica para soporte de paneles acusticos a base de perfiles de acero conformados en frio, acero S250GD, de seccìòn canal, espesor 2 mm, con recubrimiento galvanizado por proceso en continuo Z275.', 'KILOGRAMOS', 4130.000, '2158116', 5.972568, 24666.71, 12.00, NULL, '2023-05-19 16:27:13', '2023-05-19 16:27:13'),
	(36, 27, 632942, 36638, 'ACA-2749', 'ACA', 'ACA', '"Estructura Metàlica Portante Pantalla Acústica\n- N. 27 columnas portantes realizadas a lo largo del desarrollo vertical, galvanizadas por inmersiòn en caliente y pintadas de color RAL 9002 Parte vertical perfiles IPE 200 N. 54 Pletinas de anclaje 2', 'Estructura Metàlica para soporte de paneles acusticos a base de perfiles de acero conformados en frio, acero S250GD, de seccìòn canal, espesor 2 mm, con recubrimiento galvanizado por proceso en continuo Z275.', 'KILOGRAMOS', 2320.000, '2158117', 3.057873, 7094.27, 13.00, NULL, '2023-05-19 16:27:13', '2023-05-19 16:27:13'),
	(37, 27, 632943, 36638, 'EQU-7447', 'EQU', 'EQU', '"Panel aislado para cubiertas (tipo sandwich) con tapacete,\nespesor 30mm, recubrimiento cara exterior Granite HDX (55\nmicras), color Blanco (RAL 9010) / recubrimiento cara\ninterior Estandar (25 micras), color Blanco (RAL 9002)"', 'Panel aislado con nucleo rigido de Polisocianurato para pantalla acustica, Mod HI-F, espesor 100 mm, recubrimiento cara exterior Granite HDX (55 micras, color Blanco RAL9010 /recubrimiento cara interior Granite HDX(55 micras color Blanco RAL 9010)', 'M2', 189.070, '2158114', 64.205106, 12139.26, 14.00, NULL, '2023-05-19 16:27:13', '2023-05-19 16:27:13'),
	(38, 27, 632944, 36638, 'ACA-CAAL-0797', 'CAAL', 'ACA / CARPINTERIA ALUMINIO', '"Perfil remate de umbral entrada. Acabado:\nALUMINIO cepillado, color cobre L: 2,70 m\n**con fijacion incluida"', 'Remate esquinero exterior de acero galvanizado Z275, espesor 0.60mm, acabado Granite HDX (55 micras) Longitud 3 m', 'METRO', 12.000, '2158101', 9.705423, 116.47, 15.00, NULL, '2023-05-19 16:27:13', '2023-05-19 16:27:13'),
	(39, 27, 632945, 36638, 'ACA-CAAL-0797', 'CAAL', 'ACA / CARPINTERIA ALUMINIO', '"Perfil remate de umbral entrada. Acabado:\nALUMINIO cepillado, color cobre L: 2,70 m\n**con fijacion incluida"', 'Remate esquinero interior de acero galvanizado Z275, espesor 0.60mm, acabado Granite HDX (55 micras) Longitud 3 m', 'METRO', 12.000, '2158102', 9.102030, 109.22, 16.00, NULL, '2023-05-19 16:27:13', '2023-05-19 16:27:13'),
	(40, 27, 632946, 36638, 'ACA-CAAL-0797', 'CAAL', 'ACA / CARPINTERIA ALUMINIO', '"Perfil remate de umbral entrada. Acabado:\nALUMINIO cepillado, color cobre L: 2,70 m\n**con fijacion incluida"', 'Remate superior panel de acero galvanizado Z275, espesor 0.60mm, acabado Granite HDX (55 micras) Longitud 3 m', 'METRO', 69.000, '2158103', 13.847358, 955.47, 17.00, NULL, '2023-05-19 16:27:13', '2023-05-19 16:27:13'),
	(41, 27, 632947, 36638, 'ACA-CAAL-0797', 'CAAL', 'ACA / CARPINTERIA ALUMINIO', '"Perfil remate de umbral entrada. Acabado:\nALUMINIO cepillado, color cobre L: 2,70 m\n**con fijacion incluida"', 'Remate inferior panel de acero galvanizado Z275, espesor 0.60mm, acabado Granite HDX (55 micras) Longitud 3 m', 'METRO', 69.000, '2158104', 10.063368, 694.37, 18.00, NULL, '2023-05-19 16:27:14', '2023-05-19 16:27:14'),
	(42, 27, 632948, 36638, 'ACA-CAAL-0797', 'CAAL', 'ACA / CARPINTERIA ALUMINIO', '"Perfil remate de umbral entrada. Acabado:\nALUMINIO cepillado, color cobre L: 2,70 m\n**con fijacion incluida"', 'Remate bota agua del panel de acero galvanizado Z275, espesor 0.60 mm, acabado Granite HDX (55 micras), Longitud 3 m', 'METRO', 69.000, '2158105', 8.958852, 618.16, 19.00, NULL, '2023-05-19 16:27:14', '2023-05-19 16:27:14'),
	(43, 27, 632949, 36638, 'ACA-CAAL-0797', 'CAAL', 'ACA / CARPINTERIA ALUMINIO', '"Perfil remate de umbral entrada. Acabado:\nALUMINIO cepillado, color cobre L: 2,70 m\n**con fijacion incluida"', 'Remate coronaciòn louver/muro 150 de acero galvanizado Z275, espesor 0.60 mm, acabado Granite HDX (55 micras), Longitud 3 m', 'METRO', 69.010, '2158106', 11.781504, 813.04, 20.00, NULL, '2023-05-19 16:27:14', '2023-05-19 16:27:14'),
	(44, 27, 632950, 36638, 'ACA-CAAL-0797', 'CAAL', 'ACA / CARPINTERIA ALUMINIO', '"Perfil remate de umbral entrada. Acabado:\nALUMINIO cepillado, color cobre L: 2,70 m\n**con fijacion incluida"', 'Remate inferior muro 200 de acero galvanizado Z275, espesor 0.60 mm, acabado Granite HDX (55 micras)', 'METRO', 33.000, '2158107', 12.538302, 413.76, 21.00, NULL, '2023-05-19 16:27:14', '2023-05-19 16:27:14'),
	(45, 27, 632951, 36638, 'ACA-CAAL-0797', 'CAAL', 'ACA / CARPINTERIA ALUMINIO', '"Perfil remate de umbral entrada. Acabado:\nALUMINIO cepillado, color cobre L: 2,70 m\n**con fijacion incluida"', 'Remate coronaciòn sobre muro seprarado 200 mm de acero galvanizado Z275, espesor 0.60 mm, acabado Granite HDX (55 micras), Longitud 3 m', 'METRO', 30.000, '2158108', 12.538302, 376.15, 22.00, NULL, '2023-05-19 16:27:14', '2023-05-19 16:27:14'),
	(46, 27, 632952, 36638, 'ACA-CAAL-0797', 'CAAL', 'ACA / CARPINTERIA ALUMINIO', '"Perfil remate de umbral entrada. Acabado:\nALUMINIO cepillado, color cobre L: 2,70 m\n**con fijacion incluida"', '"Remate superior louver /correa de acero galvanizado Z275, espesor 0.60 mm, acabado Granite HDX (55 micras), Longitud 3 m\n"', 'METRO', 189.000, '2158078', 12.528075, 2367.81, 23.00, NULL, '2023-05-19 16:27:14', '2023-05-19 16:27:14'),
	(47, 27, 632953, 36638, 'ACA-CAAL-0797', 'CAAL', 'ACA / CARPINTERIA ALUMINIO', '"Perfil remate de umbral entrada. Acabado:\nALUMINIO cepillado, color cobre L: 2,70 m\n**con fijacion incluida"', 'Remate inferior louver /muro correa de acero galvanizado Z275, espesor 0.60 mm, acabado Granite HDX (55 micras). Longitud 3 m', 'METRO', 189.000, '2158079', 11.914455, 2251.83, 24.00, NULL, '2023-05-19 16:27:14', '2023-05-19 16:27:14'),
	(48, 27, 632954, 36638, 'ACA-CAAL-0797', 'CAAL', 'ACA / CARPINTERIA ALUMINIO', '"Perfil remate de umbral entrada. Acabado:\nALUMINIO cepillado, color cobre L: 2,70 m\n**con fijacion incluida"', 'Angular de acero galvanizado Z275, 60x40mm, espesor 2 mm, colocaciòn de los louvers, Long 3 m', 'METRO', 150.000, '2158080', 6.800955, 1020.14, 25.00, NULL, '2023-05-19 16:27:15', '2023-05-19 16:27:15'),
	(49, 27, 632955, 36638, 'ACA-CAAL-1300', 'CAAL', 'ACA / CARPINTERIA ALUMINIO', 'Perfil angular de 15x15 aluminio\nanodizado plata ( tiras de 3m)', 'Angular uniòn de acero galvanizado Z275,( 60+40)x80mm, espesor 2 mm, sopocolocaciòn de los louvers, Long 3 m', 'UNIDAD', 200.000, '2158081', 7.077084, 1415.42, 26.00, NULL, '2023-05-19 16:27:15', '2023-05-19 16:27:15'),
	(50, 27, 632956, 36638, 'ACA-CAAL-0797', 'CAAL', 'ACA / CARPINTERIA ALUMINIO', '"Perfil remate de umbral entrada. Acabado:\nALUMINIO cepillado, color cobre L: 2,70 m\n**con fijacion incluida"', 'Remate de acero vierteaguas para muro de 200 mm, espesor= 0.60 mm, acabado Granite HDX(55 micras), Long. 3 m(solicitado por el cliente)', 'METRO', 150.000, '2158082', 12.528075, 1879.21, 27.00, NULL, '2023-05-19 16:27:15', '2023-05-19 16:27:15'),
	(51, 27, 632957, 36638, 'ACA-CAAL-0797', 'CAAL', 'ACA / CARPINTERIA ALUMINIO', '"Perfil remate de umbral entrada. Acabado:\nALUMINIO cepillado, color cobre L: 2,70 m\n**con fijacion incluida"', 'Remate de acero vierteaguas para muro de 150 mm, espesor= 0.60 mm, D370mm, acabado Granite HDX(55 micras), Long.3 m(solicitado por el cliente)', 'METRO', 60.000, '2158083', 11.914455, 714.87, 28.00, NULL, '2023-05-19 16:27:15', '2023-05-19 16:27:15'),
	(52, 27, 632958, 36638, 'ACA-CAAL-1300', 'CAAL', 'ACA / CARPINTERIA ALUMINIO', 'Perfil angular de 15x15 aluminio\nanodizado plata ( tiras de 3m)', 'Pieza soporte de vierteaguas para muro de 200mm, de espesor 1.5mm, galv Z275', 'UNIDAD', 160.000, '2158084', 7.250943, 1160.15, 29.00, NULL, '2023-05-19 16:27:15', '2023-05-19 16:27:15'),
	(53, 27, 632959, 36638, 'ACA-CAAL-1300', 'CAAL', 'ACA / CARPINTERIA ALUMINIO', 'Perfil angular de 15x15 aluminio\nanodizado plata ( tiras de 3m)', 'Pieza soporte de vierteaguas para muro de 150mm, de espesor 1.5mm, galv Z276', 'UNIDAD', 70.000, '2158085', 6.719139, 470.34, 30.00, NULL, '2023-05-19 16:27:15', '2023-05-19 16:27:15'),
	(54, 28, 216430, 23464, 'EST-CUBI-IMPE-0139', 'IMPE', 'EST / CUBIERTA / IMPERMEABLE', 'IDROMASTIK, cola de aplicación en frio. Para el aislamiento y láminas impermeabilizantes. bote 20', 'IDROMASTIK, cola de aplicación en frio. Para el aislamiento y láminas impermeabilizantes. bote 20', 'KILOGRAMOS', 120.000, '136523', 2.945047, 353.41, 5.00, NULL, '2023-05-20 09:18:27', '2023-05-20 09:18:27'),
	(55, 29, 504220, 32860, 'EQU-ELEV-0100', 'ESTR', 'CON / ESTRUCTURA', 'Bolsa tipo Big Bag para evacuar escombros, con boca abierta y fondo plano de: 950 x 950 x 1100 MM. Capacidad 2500 KG compatible con SECATRI', 'Big bags 90x90x120 cm para evacuar escombros. Ver especificaciones técnicas en adjunto.', 'UNIDAD', 63.000, '197213', 7.908162, 498.21, 1.00, NULL, '2023-05-20 09:20:17', '2023-05-20 09:20:17'),
	(56, 30, 607465, 41630, 'HER-MANU-4146', 'MANU', 'HER / MANUALES', 'Cabo sisal 4 cabos de 16 mm HERCULES (rollo de 100 mts.)', '[HER-MANU-4146] Cabo sisal 4 cabos de 16 mm HERCULES (rollo de 100 mts.)', 'UNIDAD', 2.000, '5860', 92.290000, 184.58, 1.00, NULL, '2023-05-20 09:22:21', '2023-05-20 09:22:21'),
	(57, 31, 421375, 30054, 'EQU-8666', 'HEEL', 'CON / HERRAMIENTA ELECTRICA', 'Broca SDS PLUS 2 puntas. IMCOINSA. Ø 12 x 600 x 520 mm.', '[EQU-8666] Broca SDS PLUS 2 puntas. IMCOINSA. Ø 12 x 600 x 520 mm.', 'UNIDAD', 139.000, '5839', 4.470000, 621.33, 29.00, NULL, '2023-05-20 09:35:10', '2023-05-20 09:35:10'),
	(58, 32, 608120, 41725, 'HER-MANU-5157', 'MANU', 'HER / MANUALES', 'LAPIZ PROFESIONAL 175 MM COD. 149050', '[HER-MANU-5157] LAPIZ PROFESIONAL 175 MM COD. 149050', 'UNIDAD', 105.000, '105847', 0.110000, 11.55, 2.00, NULL, '2023-05-20 09:37:07', '2023-05-20 09:37:07'),
	(59, 33, 652762, 46084, 'EQU-11992', 'EQU', 'EQU', 'Mortero tixotrópico predosificado ADIREPAR R4; de tipo R4 (UNE-EN 1504-3)', '[EQU-11992] Mortero tixotrópico predosificado ADIREPAR R4; de tipo R4 (UNE-EN 1504-3)', 'KILOGRAMOS', 2700.000, '137714', 0.462086, 1247.63, 1.00, NULL, '2023-05-20 09:45:11', '2023-05-20 09:45:11'),
	(60, 34, 421377, 30054, 'EQU-8664', 'HEEL', 'CON / HERRAMIENTA ELECTRICA', 'Broca SDS PLUS 2 puntas. IMCOINSA. Ø 16 x 600 x 550 mm.', '[EQU-8664] Broca SDS PLUS 2 puntas. IMCOINSA. Ø 16 x 600 x 550 mm.', 'UNIDAD', 10.000, '104879', 7.050000, 70.50, 31.00, NULL, '2023-05-20 09:58:21', '2023-05-20 09:58:21'),
	(61, 35, 216426, 23464, 'EST-CUBI-IMPE-0126', 'IMPE', 'EST / CUBIERTA / IMPERMEABLE', 'ESCUDO P3 Autoadesivo, Lámina de 1 m x 12 m y 3 kg/m2 de betún modificado con elastómeros adhesivos, con armadura de fieltro de poliéster no tejido, acabado interior plástico siliconado retirable y exterior plástico. Colocar por adhesión directa.', 'ESCUDO P3 Autoadesivo, Lámina de 1 m x 12 m y 3 kg/m2 de betún modificado con elastómeros adhesivos, con armadura de fieltro de poliéster no tejido, acabado interior plástico siliconado retirable y exterior plástico. Colocar por adhesión directa.', 'M2', 756.000, '136519', 3.642242, 2753.53, 1.00, NULL, '2023-05-20 10:08:55', '2023-05-20 10:08:55'),
	(62, 35, 216427, 23464, 'CON-ESTR-1789', 'ESTR', 'CON / ESTRUCTURA', '"ESCUDO SBS/15 M6 GRIS GS, Lámina de 1 m x 8 m y 6 kg/m2 (4 mm de espesor), de betún modificado con elastómeros, con armadura de fieltro de poliéster no tejido, de alta resistencia, acabado interior plástico y exterior gránulos minerales.\nColocar po', 'ESCUDO SBS/15 M6 Gris Oscuro, Lámina de 1 m x 8 m y 6 kg/m2 (4 mm de espesor),  de betún modificado con elastómeros, con armadura de fieltro de poliéster no tejido, de alta resistencia, acabado interior plástico y exterior gránulos minerales.', 'M2', 618.000, '136517', 4.688034, 2897.21, 2.00, NULL, '2023-05-20 10:08:55', '2023-05-20 10:08:55'),
	(63, 35, 216428, 23464, 'EST-CUBI-IMPE-0131', 'IMPE', 'EST / CUBIERTA / IMPERMEABLE', 'ESCUDO SBS/15 P 25 BANDA, Banda de lámina de betún asfáltico modificado con elastómero SBS, de superficie no protegida, con armadura de fieltro no tejido de poliéster, recubierta en ambas caras con mástico, y acabada con plástico 0,25 x 12ml', 'ESCUDO SBS/15 P 25 BANDA, Banda de lámina de betún asfáltico modificado con elastómero SBS, de superficie no protegida, con armadura de fieltro no tejido de poliéster, recubierta en ambas caras con mástico, y acabada con plástico 0,25 x 12ml', 'MLINEAL', 420.000, '136518', 0.961648, 403.89, 3.00, NULL, '2023-05-20 10:08:56', '2023-05-20 10:08:56'),
	(64, 35, 216430, 23464, 'EST-CUBI-IMPE-0139', 'IMPE', 'EST / CUBIERTA / IMPERMEABLE', 'IDROMASTIK, cola de aplicación en frio. Para el aislamiento y láminas impermeabilizantes. bote 20', 'IDROMASTIK, cola de aplicación en frio. Para el aislamiento y láminas impermeabilizantes. bote 20', 'KILOGRAMOS', 420.000, '136523', 2.945047, 1236.92, 5.00, NULL, '2023-05-20 10:08:56', '2023-05-20 10:08:56'),
	(65, 35, 216431, 23464, 'EST-CUBI-IMPE-0114', 'IMPE', 'EST / CUBIERTA / IMPERMEABLE', 'BAJANTES PLUVIALES en EPDM (Termopolimero de Etileno-Propileno-Dieno), Sumideros (Tragantes) para la evacuación de las aguas pluviales. Diam. 100 mm - H = 200 mm', 'BAJANTES PLUVIALES en EPDM (Termopolimero de Etileno-Propileno-Dieno), Sumideros (Tragantes)  para la evacuación de las aguas pluviales. Diam. 100 mm - H = 200 mm', 'UNIDAD', 62.000, '147208', 15.326265, 950.23, 6.00, NULL, '2023-05-20 10:08:56', '2023-05-20 10:08:56'),
	(66, 35, 216432, 23464, 'EST-CUBI-IMPE-0180', 'IMPE', 'EST / CUBIERTA / IMPERMEABLE', 'REJILLA BAJANTES PLUC ACERO, Rejilla para bajantes pluviales y retenedores de hojas, realizado con acero galvanizado, y ajustable a las cazoletas. 80/100 mm', 'REJILLA BAJANTES PLUC ACERO, Rejilla para bajantes pluviales y retenedores de hojas, realizado con acero galvanizado, y ajustable a las cazoletas.', 'UNIDAD', 60.000, '119367', 4.844302, 290.66, 7.00, NULL, '2023-05-20 10:08:56', '2023-05-20 10:08:56'),
	(67, 35, 216433, 23464, 'EST-CUBI-IMPE-0184', 'IMPE', 'EST / CUBIERTA / IMPERMEABLE', 'THERMABIT PAN EPS 120, Panel de espuma rígida de poliestireno expandido, EPS, utilizables como aislamiento térmico. 1000x500x50mm', 'THERMABIT PAN EPS 120, Panel de espuma rígida de poliestireno expandido, EPS, utilizables como aislamiento térmico. 1000x500x50mm', 'M2', 1301.000, '136521', 5.144817, 6693.41, 8.00, NULL, '2023-05-20 10:08:56', '2023-05-20 10:08:56'),
	(68, 35, 216434, 23464, 'EST-CUBI-IMPE-0186', 'IMPE', 'EST / CUBIERTA / IMPERMEABLE', 'THERMABIT PAN XPS, Panel de espuma rígida de poliestireno extruído, XPS, de estructura celular cerrada, utilizables como aislamiento térmico. 1250x600x30mm', 'THERMABIT PAN XPS, Panel de espuma rígida de poliestireno extruído, XPS, de estructura celular cerrada, utilizables como aislamiento térmico. 1250x600x30mm', 'M2', 766.000, '136520', 4.555807, 3489.75, 9.00, NULL, '2023-05-20 10:08:56', '2023-05-20 10:08:56'),
	(69, 36, 269393, 26594, 'CON-HEMA-0017', 'HER', 'HER', 'CINCEL - GENERICO', 'Cincel espátula TE-H28P SPM 8/40', 'Unit(s)', 9.000, '147200', 48.380000, 435.42, 3.00, NULL, '2023-05-20 10:10:52', '2023-05-20 10:10:52'),
	(70, 37, 428889, 30630, 'EQU-9592', 'EQU', 'EQU', 'Corona de copa segmentada. NORTON. - Medida: Ø125 x 22,23 mm. Para desbastar hormigón en seco, ladrillos, piedra natural.', 'Corona copa segmentada NORTON. Medida: Ø 125 x 22.23 mm. Para debatar hormigón en seco, ladrillos, piedra natural', 'UNIDAD', 86.000, '137030', 41.133690, 3537.50, 1.00, NULL, '2023-05-20 10:12:44', '2023-05-20 10:12:44'),
	(71, 43, 596442, 39968, 'EQU-11878', 'EQU', 'EQU', 'Marcador permanente en tubos de aerosol Rojo fluo 500 ml. FELTON. Ref.12123.', '[EQU-11878] Marcador permanente en tubos de aerosol Rojo fluo 500 ml. FELTON. Ref.12123.', 'UNIDAD', 51.000, '126721', 3.350000, 170.85, 1.00, NULL, '2023-05-22 15:08:38', '2023-05-22 15:08:38'),
	(72, 43, 596444, 39968, 'EQU-11879', 'EQU', 'EQU', 'Marcador permanente en tubos de aerosol azul fluo 500 ml. FELTON. Ref.12122.', '[EQU-11879] Marcador permanente en tubos de aerosol azul fluo 500 ml. FELTON. Ref.12122.', 'UNIDAD', 56.000, '136373', 3.350000, 187.60, 3.00, NULL, '2023-05-22 15:08:39', '2023-05-22 15:08:39'),
	(73, 44, 628172, 43513, 'CON-ESTR-2621', 'ESTR', 'CON / ESTRUCTURA', 'ELECTRODOS 6013 -3MM', '[CON-ESTR-2621] Electrodos 6013 de Ø3mm', 'KILOGRAMOS', 4.000, '157025', 2.375400, 9.50, 1.00, NULL, '2023-05-22 15:13:10', '2023-05-22 15:13:10'),
	(74, 45, 647904, 45359, 'EST-MORT-0003', 'MORT', 'EST / MORTERO', 'Maxfix E. Resina epoxi para fijación', '[EST-MORT-0003] Maxfix E. Resina epoxi para fijación', 'Unit(s)', 156.000, '147210', 20.310900, 3168.50, 1.00, NULL, '2023-05-22 15:15:30', '2023-05-22 15:15:30'),
	(75, 45, 647905, 45359, 'CON-HEMA-0024', 'HEMA', 'HER / MANUALES / HERRAMIENTAS DE MANO', 'Pistola aplicadora Maxfix-E', '[CON-HEMA-0024] Pistola aplicadora Maxfix-E', 'Unit(s)', 2.000, '5584', 26.046300, 52.09, 2.00, NULL, '2023-05-22 15:15:30', '2023-05-22 15:15:30'),
	(76, 48, 658338, 46540, 'HER-MANU-5958', 'CON', 'CON', 'Paletina canaria cerda sintética de 150x62x20 mango madera Ref.23885', '[HER-MANU-5958] Paletina canaria cerda sintética de 150x62x20 mango madera Ref.23885', 'UNIDAD', 82.000, '137980', 1.570000, 128.74, 1.00, NULL, '2023-05-22 15:20:56', '2023-05-22 15:20:56'),
	(77, 49, 202986, 22228, 'ELE-5741', 'ELE', 'ELE', 'MO-BASE RJ45 C6 UTP 1M BL', 'MO-BASE RJ45 C6 UTP 1M BL', 'UNIDAD', 85.000, '4533', 1.959680, 166.57, 3.00, NULL, '2023-05-23 14:02:24', '2023-05-23 14:02:24'),
	(78, 49, 202987, 22228, 'ELE-4328', 'ELE', 'ELE', 'Base Comunicación Toma RJ45 CAT 6 UTP. 2 Módulos 45x22.5. Blanco', 'MO-BASE RJ45 C6 UTP 2M BL', 'UNIDAD', 167.000, '6445', 4.948192, 826.35, 4.00, NULL, '2023-05-23 14:02:25', '2023-05-23 14:02:25'),
	(79, 49, 202988, 22228, 'ELE-5736', 'ACCESORIOS ELECTRICOS', 'ELE / ACCESORIOS ELECTRICOS', 'MO-BASE 2P+T EU/US 2M BL', 'MO-BASE 2P+T EU/US 2M BL', 'UNIDAD', 319.000, '5819', 2.412856, 769.70, 5.00, NULL, '2023-05-23 14:02:25', '2023-05-23 14:02:25'),
	(80, 49, 202989, 22228, 'ELE-5735', 'ACCESORIOS ELECTRICOS', 'ELE / ACCESORIOS ELECTRICOS', 'MO-BASE 2P+T 2M BL AUT', 'MO-BASE 2P+T UK 13A 2M BL', 'UNIDAD', 1.000, '4335', 6.038264, 6.04, 6.00, NULL, '2023-05-23 14:02:25', '2023-05-23 14:02:25'),
	(81, 49, 202992, 22228, 'ELE-5635', 'ELE', 'ELE', 'LG-CAJA EMP HUECA RED 2M 40MM', 'LG-CAJA EMP HUECA RED 2M 50MM', 'UNIDAD', 1373.000, '6504', 0.661392, 908.09, 9.00, NULL, '2023-05-23 14:02:25', '2023-05-23 14:02:25'),
	(82, 49, 202996, 22228, 'ELE-5750', 'ELE', 'ELE', 'MO-SOPORTE 4-5M', 'MO-SOPORTE 4-5M', 'UNIDAD', 184.000, '5824', 1.763712, 324.52, 13.00, NULL, '2023-05-23 14:02:25', '2023-05-23 14:02:25'),
	(83, 49, 203000, 22228, 'ELE-5739', 'ELE', 'ELE', 'MO-PLACA 2M BL', 'MO-PLACA 2M BL', 'UNIDAD', 499.000, '5887', 0.538912, 268.92, 17.00, NULL, '2023-05-23 14:02:25', '2023-05-23 14:02:25'),
	(84, 49, 203002, 22228, 'ELE-5740', 'ELE', 'ELE', 'MO-PLACA 6M HOR BL', 'MO-PLACA 6M HOR BL', 'UNIDAD', 264.000, '4769', 2.241384, 591.73, 19.00, NULL, '2023-05-23 14:02:26', '2023-05-23 14:02:26'),
	(85, 49, 203005, 22228, 'ELE-CANA-2032', 'CANA', 'ELE / CANALIZACIONES', 'Piloto Luminoso Completo Metalico (Gama Harmony XB4 - Amarillo - Piloto con LED integrado - 230/240VAC', 'LÁMPARA FUNCIÓN LUMINOSO TBT', 'UNIDAD', 51.000, '4537', 3.796880, 193.64, 22.00, NULL, '2023-05-23 14:02:26', '2023-05-23 14:02:26'),
	(86, 49, 203007, 22228, 'ELE-5987', 'ELE', 'ELE', 'PL-MBL SUP CONM LUM 1P 10A GR', 'PL-MBL SUP CONM 1P 10A BLAN', 'UNIDAD', 31.000, '0610', 5.977024, 185.29, 24.00, NULL, '2023-05-23 14:02:26', '2023-05-23 14:02:26'),
	(87, 49, 203008, 22228, 'ELE-5745', 'ELE', 'ELE', 'MO-INTER TARJETA 2M BL', 'MO-INTER 10AX 2M BL', 'UNIDAD', 52.000, '5729', 2.118904, 110.18, 25.00, NULL, '2023-05-23 14:02:26', '2023-05-23 14:02:26'),
	(88, 49, 203010, 22228, 'ELE-5986', 'ELE', 'ELE', 'PL-MBL EMP SALIDA CABLES GRIS', 'PL-MBL SUP 2X2P+T TOR VER GRIS', 'UNIDAD', 32.000, '0611', 18.163784, 581.24, 27.00, NULL, '2023-05-23 14:02:26', '2023-05-23 14:02:26'),
	(89, 49, 203011, 22228, 'ELE-4559', 'ELE', 'ELE', 'CAJA SUELO IP66 TAPA/TOR IN', 'CAJA HORMIGÓN+SUELOTECNICO D80', 'UNIDAD', 90.000, '6149', 7.226320, 650.37, 28.00, NULL, '2023-05-23 14:02:26', '2023-05-23 14:02:26'),
	(90, 49, 203019, 22228, 'ELE-5749', 'ELE', 'ELE', 'MO-PULS INVERSOR 6A 2M BL SERIGRA. "MASTER" (077041)', 'MO-SEÑALIZADOR BICOLOR', 'UNIDAD', 5.000, '4531', 14.869072, 74.35, 36.00, NULL, '2023-05-23 14:02:27', '2023-05-23 14:02:27'),
	(91, 49, 203298, 22228, 'ELE-4557', 'ELE', 'ELE', 'CAJA SUELO 3M CUBETA', 'CAJA GRAN CARGA CUBETA METAL', 'UNIDAD', 10.000, '6602', 98.547408, 985.47, 41.00, NULL, '2023-05-23 14:02:27', '2023-05-23 14:02:27'),
	(92, 49, 203299, 22228, 'ELE-4557', 'ELE', 'ELE', 'CAJA SUELO 3M CUBETA', 'CAJA GRAN CARGA MARCO 8000N', 'UNIDAD', 10.000, '6603', 79.195568, 791.96, 42.00, NULL, '2023-05-23 14:02:27', '2023-05-23 14:02:27'),
	(93, 50, 202986, 22228, 'ELE-5741', 'ELE', 'ELE', 'MO-BASE RJ45 C6 UTP 1M BL', 'MO-BASE RJ45 C6 UTP 1M BL', 'UNIDAD', 85.000, '4533', 1.959680, 166.57, 3.00, NULL, '2023-05-23 14:02:44', '2023-05-23 14:02:44'),
	(94, 50, 202987, 22228, 'ELE-4328', 'ELE', 'ELE', 'Base Comunicación Toma RJ45 CAT 6 UTP. 2 Módulos 45x22.5. Blanco', 'MO-BASE RJ45 C6 UTP 2M BL', 'UNIDAD', 167.000, '6445', 4.948192, 826.35, 4.00, NULL, '2023-05-23 14:02:44', '2023-05-23 14:02:44'),
	(95, 50, 202988, 22228, 'ELE-5736', 'ACCESORIOS ELECTRICOS', 'ELE / ACCESORIOS ELECTRICOS', 'MO-BASE 2P+T EU/US 2M BL', 'MO-BASE 2P+T EU/US 2M BL', 'UNIDAD', 319.000, '5819', 2.412856, 769.70, 5.00, NULL, '2023-05-23 14:02:44', '2023-05-23 14:02:44'),
	(96, 50, 202989, 22228, 'ELE-5735', 'ACCESORIOS ELECTRICOS', 'ELE / ACCESORIOS ELECTRICOS', 'MO-BASE 2P+T 2M BL AUT', 'MO-BASE 2P+T UK 13A 2M BL', 'UNIDAD', 1.000, '4335', 6.038264, 6.04, 6.00, NULL, '2023-05-23 14:02:45', '2023-05-23 14:02:45'),
	(97, 50, 202992, 22228, 'ELE-5635', 'ELE', 'ELE', 'LG-CAJA EMP HUECA RED 2M 40MM', 'LG-CAJA EMP HUECA RED 2M 50MM', 'UNIDAD', 1373.000, '6504', 0.661392, 908.09, 9.00, NULL, '2023-05-23 14:02:45', '2023-05-23 14:02:45'),
	(98, 50, 202996, 22228, 'ELE-5750', 'ELE', 'ELE', 'MO-SOPORTE 4-5M', 'MO-SOPORTE 4-5M', 'UNIDAD', 184.000, '5824', 1.763712, 324.52, 13.00, NULL, '2023-05-23 14:02:45', '2023-05-23 14:02:45'),
	(99, 50, 203000, 22228, 'ELE-5739', 'ELE', 'ELE', 'MO-PLACA 2M BL', 'MO-PLACA 2M BL', 'UNIDAD', 499.000, '5887', 0.538912, 268.92, 17.00, NULL, '2023-05-23 14:02:45', '2023-05-23 14:02:45'),
	(100, 50, 203002, 22228, 'ELE-5740', 'ELE', 'ELE', 'MO-PLACA 6M HOR BL', 'MO-PLACA 6M HOR BL', 'UNIDAD', 264.000, '4769', 2.241384, 591.73, 19.00, NULL, '2023-05-23 14:02:45', '2023-05-23 14:02:45'),
	(101, 50, 203005, 22228, 'ELE-CANA-2032', 'CANA', 'ELE / CANALIZACIONES', 'Piloto Luminoso Completo Metalico (Gama Harmony XB4 - Amarillo - Piloto con LED integrado - 230/240VAC', 'LÁMPARA FUNCIÓN LUMINOSO TBT', 'UNIDAD', 51.000, '4537', 3.796880, 193.64, 22.00, NULL, '2023-05-23 14:02:45', '2023-05-23 14:02:45'),
	(102, 50, 203007, 22228, 'ELE-5987', 'ELE', 'ELE', 'PL-MBL SUP CONM LUM 1P 10A GR', 'PL-MBL SUP CONM 1P 10A BLAN', 'UNIDAD', 31.000, '0610', 5.977024, 185.29, 24.00, NULL, '2023-05-23 14:02:45', '2023-05-23 14:02:45'),
	(103, 50, 203008, 22228, 'ELE-5745', 'ELE', 'ELE', 'MO-INTER TARJETA 2M BL', 'MO-INTER 10AX 2M BL', 'UNIDAD', 52.000, '5729', 2.118904, 110.18, 25.00, NULL, '2023-05-23 14:02:46', '2023-05-23 14:02:46'),
	(104, 50, 203010, 22228, 'ELE-5986', 'ELE', 'ELE', 'PL-MBL EMP SALIDA CABLES GRIS', 'PL-MBL SUP 2X2P+T TOR VER GRIS', 'UNIDAD', 32.000, '0611', 18.163784, 581.24, 27.00, NULL, '2023-05-23 14:02:46', '2023-05-23 14:02:46'),
	(105, 50, 203011, 22228, 'ELE-4559', 'ELE', 'ELE', 'CAJA SUELO IP66 TAPA/TOR IN', 'CAJA HORMIGÓN+SUELOTECNICO D80', 'UNIDAD', 90.000, '6149', 7.226320, 650.37, 28.00, NULL, '2023-05-23 14:02:46', '2023-05-23 14:02:46'),
	(106, 50, 203019, 22228, 'ELE-5749', 'ELE', 'ELE', 'MO-PULS INVERSOR 6A 2M BL SERIGRA. "MASTER" (077041)', 'MO-SEÑALIZADOR BICOLOR', 'UNIDAD', 5.000, '4531', 14.869072, 74.35, 36.00, NULL, '2023-05-23 14:02:46', '2023-05-23 14:02:46'),
	(107, 50, 203298, 22228, 'ELE-4557', 'ELE', 'ELE', 'CAJA SUELO 3M CUBETA', 'CAJA GRAN CARGA CUBETA METAL', 'UNIDAD', 10.000, '6602', 98.547408, 985.47, 41.00, NULL, '2023-05-23 14:02:46', '2023-05-23 14:02:46'),
	(108, 50, 203299, 22228, 'ELE-4557', 'ELE', 'ELE', 'CAJA SUELO 3M CUBETA', 'CAJA GRAN CARGA MARCO 8000N', 'UNIDAD', 10.000, '6603', 79.195568, 791.96, 42.00, NULL, '2023-05-23 14:02:46', '2023-05-23 14:02:46'),
	(109, 51, 202986, 22228, 'ELE-5741', 'ELE', 'ELE', 'MO-BASE RJ45 C6 UTP 1M BL', 'MO-BASE RJ45 C6 UTP 1M BL', 'UNIDAD', 85.000, '4533', 1.959680, 166.57, 3.00, NULL, '2023-05-23 14:03:04', '2023-05-23 14:03:04'),
	(110, 51, 202987, 22228, 'ELE-4328', 'ELE', 'ELE', 'Base Comunicación Toma RJ45 CAT 6 UTP. 2 Módulos 45x22.5. Blanco', 'MO-BASE RJ45 C6 UTP 2M BL', 'UNIDAD', 167.000, '6445', 4.948192, 826.35, 4.00, NULL, '2023-05-23 14:03:04', '2023-05-23 14:03:04'),
	(111, 51, 202988, 22228, 'ELE-5736', 'ACCESORIOS ELECTRICOS', 'ELE / ACCESORIOS ELECTRICOS', 'MO-BASE 2P+T EU/US 2M BL', 'MO-BASE 2P+T EU/US 2M BL', 'UNIDAD', 319.000, '5819', 2.412856, 769.70, 5.00, NULL, '2023-05-23 14:03:05', '2023-05-23 14:03:05'),
	(112, 51, 202989, 22228, 'ELE-5735', 'ACCESORIOS ELECTRICOS', 'ELE / ACCESORIOS ELECTRICOS', 'MO-BASE 2P+T 2M BL AUT', 'MO-BASE 2P+T UK 13A 2M BL', 'UNIDAD', 1.000, '4335', 6.038264, 6.04, 6.00, NULL, '2023-05-23 14:03:05', '2023-05-23 14:03:05'),
	(113, 51, 202992, 22228, 'ELE-5635', 'ELE', 'ELE', 'LG-CAJA EMP HUECA RED 2M 40MM', 'LG-CAJA EMP HUECA RED 2M 50MM', 'UNIDAD', 1373.000, '6504', 0.661392, 908.09, 9.00, NULL, '2023-05-23 14:03:05', '2023-05-23 14:03:05'),
	(114, 51, 202996, 22228, 'ELE-5750', 'ELE', 'ELE', 'MO-SOPORTE 4-5M', 'MO-SOPORTE 4-5M', 'UNIDAD', 184.000, '5824', 1.763712, 324.52, 13.00, NULL, '2023-05-23 14:03:05', '2023-05-23 14:03:05'),
	(115, 51, 203000, 22228, 'ELE-5739', 'ELE', 'ELE', 'MO-PLACA 2M BL', 'MO-PLACA 2M BL', 'UNIDAD', 499.000, '5887', 0.538912, 268.92, 17.00, NULL, '2023-05-23 14:03:05', '2023-05-23 14:03:05'),
	(116, 51, 203002, 22228, 'ELE-5740', 'ELE', 'ELE', 'MO-PLACA 6M HOR BL', 'MO-PLACA 6M HOR BL', 'UNIDAD', 264.000, '4769', 2.241384, 591.73, 19.00, NULL, '2023-05-23 14:03:05', '2023-05-23 14:03:05'),
	(117, 51, 203005, 22228, 'ELE-CANA-2032', 'CANA', 'ELE / CANALIZACIONES', 'Piloto Luminoso Completo Metalico (Gama Harmony XB4 - Amarillo - Piloto con LED integrado - 230/240VAC', 'LÁMPARA FUNCIÓN LUMINOSO TBT', 'UNIDAD', 51.000, '4537', 3.796880, 193.64, 22.00, NULL, '2023-05-23 14:03:05', '2023-05-23 14:03:05'),
	(118, 51, 203007, 22228, 'ELE-5987', 'ELE', 'ELE', 'PL-MBL SUP CONM LUM 1P 10A GR', 'PL-MBL SUP CONM 1P 10A BLAN', 'UNIDAD', 31.000, '0610', 5.977024, 185.29, 24.00, NULL, '2023-05-23 14:03:06', '2023-05-23 14:03:06'),
	(119, 51, 203008, 22228, 'ELE-5745', 'ELE', 'ELE', 'MO-INTER TARJETA 2M BL', 'MO-INTER 10AX 2M BL', 'UNIDAD', 52.000, '5729', 2.118904, 110.18, 25.00, NULL, '2023-05-23 14:03:06', '2023-05-23 14:03:06'),
	(120, 51, 203010, 22228, 'ELE-5986', 'ELE', 'ELE', 'PL-MBL EMP SALIDA CABLES GRIS', 'PL-MBL SUP 2X2P+T TOR VER GRIS', 'UNIDAD', 32.000, '0611', 18.163784, 581.24, 27.00, NULL, '2023-05-23 14:03:06', '2023-05-23 14:03:06'),
	(121, 51, 203011, 22228, 'ELE-4559', 'ELE', 'ELE', 'CAJA SUELO IP66 TAPA/TOR IN', 'CAJA HORMIGÓN+SUELOTECNICO D80', 'UNIDAD', 90.000, '6149', 7.226320, 650.37, 28.00, NULL, '2023-05-23 14:03:06', '2023-05-23 14:03:06'),
	(122, 51, 203019, 22228, 'ELE-5749', 'ELE', 'ELE', 'MO-PULS INVERSOR 6A 2M BL SERIGRA. "MASTER" (077041)', 'MO-SEÑALIZADOR BICOLOR', 'UNIDAD', 5.000, '4531', 14.869072, 74.35, 36.00, NULL, '2023-05-23 14:03:06', '2023-05-23 14:03:06'),
	(123, 51, 203298, 22228, 'ELE-4557', 'ELE', 'ELE', 'CAJA SUELO 3M CUBETA', 'CAJA GRAN CARGA CUBETA METAL', 'UNIDAD', 10.000, '6602', 98.547408, 985.47, 41.00, NULL, '2023-05-23 14:03:06', '2023-05-23 14:03:06'),
	(124, 51, 203299, 22228, 'ELE-4557', 'ELE', 'ELE', 'CAJA SUELO 3M CUBETA', 'CAJA GRAN CARGA MARCO 8000N', 'UNIDAD', 10.000, '6603', 79.195568, 791.96, 42.00, NULL, '2023-05-23 14:03:06', '2023-05-23 14:03:06'),
	(125, 52, 202986, 22228, 'ELE-5741', 'ELE', 'ELE', 'MO-BASE RJ45 C6 UTP 1M BL', 'MO-BASE RJ45 C6 UTP 1M BL', 'UNIDAD', 85.000, '4533', 1.959680, 166.57, 3.00, NULL, '2023-05-23 14:04:04', '2023-05-23 14:04:04'),
	(126, 52, 202987, 22228, 'ELE-4328', 'ELE', 'ELE', 'Base Comunicación Toma RJ45 CAT 6 UTP. 2 Módulos 45x22.5. Blanco', 'MO-BASE RJ45 C6 UTP 2M BL', 'UNIDAD', 167.000, '6445', 4.948192, 826.35, 4.00, NULL, '2023-05-23 14:04:04', '2023-05-23 14:04:04'),
	(127, 52, 202988, 22228, 'ELE-5736', 'ACCESORIOS ELECTRICOS', 'ELE / ACCESORIOS ELECTRICOS', 'MO-BASE 2P+T EU/US 2M BL', 'MO-BASE 2P+T EU/US 2M BL', 'UNIDAD', 319.000, '5819', 2.412856, 769.70, 5.00, NULL, '2023-05-23 14:04:05', '2023-05-23 14:04:05'),
	(128, 52, 202989, 22228, 'ELE-5735', 'ACCESORIOS ELECTRICOS', 'ELE / ACCESORIOS ELECTRICOS', 'MO-BASE 2P+T 2M BL AUT', 'MO-BASE 2P+T UK 13A 2M BL', 'UNIDAD', 1.000, '4335', 6.038264, 6.04, 6.00, NULL, '2023-05-23 14:04:05', '2023-05-23 14:04:05'),
	(129, 52, 202992, 22228, 'ELE-5635', 'ELE', 'ELE', 'LG-CAJA EMP HUECA RED 2M 40MM', 'LG-CAJA EMP HUECA RED 2M 50MM', 'UNIDAD', 1373.000, '6504', 0.661392, 908.09, 9.00, NULL, '2023-05-23 14:04:05', '2023-05-23 14:04:05'),
	(130, 52, 202996, 22228, 'ELE-5750', 'ELE', 'ELE', 'MO-SOPORTE 4-5M', 'MO-SOPORTE 4-5M', 'UNIDAD', 184.000, '5824', 1.763712, 324.52, 13.00, NULL, '2023-05-23 14:04:05', '2023-05-23 14:04:05'),
	(131, 52, 203000, 22228, 'ELE-5739', 'ELE', 'ELE', 'MO-PLACA 2M BL', 'MO-PLACA 2M BL', 'UNIDAD', 400.000, '5887', 0.538912, 215.56, 17.00, NULL, '2023-05-23 14:04:05', '2023-05-23 14:04:05'),
	(132, 52, 203002, 22228, 'ELE-5740', 'ELE', 'ELE', 'MO-PLACA 6M HOR BL', 'MO-PLACA 6M HOR BL', 'UNIDAD', 260.000, '4769', 2.241384, 582.76, 19.00, NULL, '2023-05-23 14:04:05', '2023-05-23 14:04:05'),
	(133, 52, 203005, 22228, 'ELE-CANA-2032', 'CANA', 'ELE / CANALIZACIONES', 'Piloto Luminoso Completo Metalico (Gama Harmony XB4 - Amarillo - Piloto con LED integrado - 230/240VAC', 'LÁMPARA FUNCIÓN LUMINOSO TBT', 'UNIDAD', 51.000, '4537', 3.796880, 193.64, 22.00, NULL, '2023-05-23 14:04:05', '2023-05-23 14:04:05'),
	(134, 52, 203007, 22228, 'ELE-5987', 'ELE', 'ELE', 'PL-MBL SUP CONM LUM 1P 10A GR', 'PL-MBL SUP CONM 1P 10A BLAN', 'UNIDAD', 31.000, '0610', 5.977024, 185.29, 24.00, NULL, '2023-05-23 14:04:06', '2023-05-23 14:04:06'),
	(135, 52, 203008, 22228, 'ELE-5745', 'ELE', 'ELE', 'MO-INTER TARJETA 2M BL', 'MO-INTER 10AX 2M BL', 'UNIDAD', 52.000, '5729', 2.118904, 110.18, 25.00, NULL, '2023-05-23 14:04:06', '2023-05-23 14:04:06'),
	(136, 52, 203010, 22228, 'ELE-5986', 'ELE', 'ELE', 'PL-MBL EMP SALIDA CABLES GRIS', 'PL-MBL SUP 2X2P+T TOR VER GRIS', 'UNIDAD', 32.000, '0611', 18.163784, 581.24, 27.00, NULL, '2023-05-23 14:04:06', '2023-05-23 14:04:06'),
	(137, 52, 203011, 22228, 'ELE-4559', 'ELE', 'ELE', 'CAJA SUELO IP66 TAPA/TOR IN', 'CAJA HORMIGÓN+SUELOTECNICO D80', 'UNIDAD', 90.000, '6149', 7.226320, 650.37, 28.00, NULL, '2023-05-23 14:04:06', '2023-05-23 14:04:06'),
	(138, 52, 203019, 22228, 'ELE-5749', 'ELE', 'ELE', 'MO-PULS INVERSOR 6A 2M BL SERIGRA. "MASTER" (077041)', 'MO-SEÑALIZADOR BICOLOR', 'UNIDAD', 5.000, '4531', 14.869072, 74.35, 36.00, NULL, '2023-05-23 14:04:06', '2023-05-23 14:04:06'),
	(139, 52, 203298, 22228, 'ELE-4557', 'ELE', 'ELE', 'CAJA SUELO 3M CUBETA', 'CAJA GRAN CARGA CUBETA METAL', 'UNIDAD', 10.000, '6602', 98.547408, 985.47, 41.00, NULL, '2023-05-23 14:04:06', '2023-05-23 14:04:06'),
	(140, 52, 203299, 22228, 'ELE-4557', 'ELE', 'ELE', 'CAJA SUELO 3M CUBETA', 'CAJA GRAN CARGA MARCO 8000N', 'UNIDAD', 10.000, '6603', 79.195568, 791.96, 42.00, NULL, '2023-05-23 14:04:07', '2023-05-23 14:04:07'),
	(141, 53, 202986, 22228, 'ELE-5741', 'ELE', 'ELE', 'MO-BASE RJ45 C6 UTP 1M BL', 'MO-BASE RJ45 C6 UTP 1M BL', 'UNIDAD', 85.000, '4533', 1.959680, 166.57, 3.00, NULL, '2023-05-23 14:05:04', '2023-05-23 14:05:04'),
	(142, 53, 202987, 22228, 'ELE-4328', 'ELE', 'ELE', 'Base Comunicación Toma RJ45 CAT 6 UTP. 2 Módulos 45x22.5. Blanco', 'MO-BASE RJ45 C6 UTP 2M BL', 'UNIDAD', 167.000, '6445', 4.948192, 826.35, 4.00, NULL, '2023-05-23 14:05:04', '2023-05-23 14:05:04'),
	(143, 53, 202988, 22228, 'ELE-5736', 'ACCESORIOS ELECTRICOS', 'ELE / ACCESORIOS ELECTRICOS', 'MO-BASE 2P+T EU/US 2M BL', 'MO-BASE 2P+T EU/US 2M BL', 'UNIDAD', 310.000, '5819', 2.412856, 747.99, 5.00, NULL, '2023-05-23 14:05:04', '2023-05-23 14:05:04'),
	(144, 53, 202989, 22228, 'ELE-5735', 'ACCESORIOS ELECTRICOS', 'ELE / ACCESORIOS ELECTRICOS', 'MO-BASE 2P+T 2M BL AUT', 'MO-BASE 2P+T UK 13A 2M BL', 'UNIDAD', 1.000, '4335', 6.038264, 6.04, 6.00, NULL, '2023-05-23 14:05:04', '2023-05-23 14:05:04'),
	(145, 53, 202992, 22228, 'ELE-5635', 'ELE', 'ELE', 'LG-CAJA EMP HUECA RED 2M 40MM', 'LG-CAJA EMP HUECA RED 2M 50MM', 'UNIDAD', 137.000, '6504', 0.661392, 90.61, 9.00, NULL, '2023-05-23 14:05:04', '2023-05-23 14:05:04'),
	(146, 53, 202996, 22228, 'ELE-5750', 'ELE', 'ELE', 'MO-SOPORTE 4-5M', 'MO-SOPORTE 4-5M', 'UNIDAD', 180.000, '5824', 1.763712, 317.47, 13.00, NULL, '2023-05-23 14:05:05', '2023-05-23 14:05:05'),
	(147, 53, 203000, 22228, 'ELE-5739', 'ELE', 'ELE', 'MO-PLACA 2M BL', 'MO-PLACA 2M BL', 'UNIDAD', 400.000, '5887', 0.538912, 215.56, 17.00, NULL, '2023-05-23 14:05:05', '2023-05-23 14:05:05'),
	(148, 53, 203002, 22228, 'ELE-5740', 'ELE', 'ELE', 'MO-PLACA 6M HOR BL', 'MO-PLACA 6M HOR BL', 'UNIDAD', 260.000, '4769', 2.241384, 582.76, 19.00, NULL, '2023-05-23 14:05:05', '2023-05-23 14:05:05'),
	(149, 53, 203005, 22228, 'ELE-CANA-2032', 'CANA', 'ELE / CANALIZACIONES', 'Piloto Luminoso Completo Metalico (Gama Harmony XB4 - Amarillo - Piloto con LED integrado - 230/240VAC', 'LÁMPARA FUNCIÓN LUMINOSO TBT', 'UNIDAD', 32.000, '4537', 3.796880, 121.50, 22.00, NULL, '2023-05-23 14:05:05', '2023-05-23 14:05:05'),
	(150, 53, 203007, 22228, 'ELE-5987', 'ELE', 'ELE', 'PL-MBL SUP CONM LUM 1P 10A GR', 'PL-MBL SUP CONM 1P 10A BLAN', 'UNIDAD', 31.000, '0610', 5.977024, 185.29, 24.00, NULL, '2023-05-23 14:05:05', '2023-05-23 14:05:05'),
	(151, 53, 203008, 22228, 'ELE-5745', 'ELE', 'ELE', 'MO-INTER TARJETA 2M BL', 'MO-INTER 10AX 2M BL', 'UNIDAD', 32.000, '5729', 2.118904, 67.80, 25.00, NULL, '2023-05-23 14:05:05', '2023-05-23 14:05:05'),
	(152, 53, 203010, 22228, 'ELE-5986', 'ELE', 'ELE', 'PL-MBL EMP SALIDA CABLES GRIS', 'PL-MBL SUP 2X2P+T TOR VER GRIS', 'UNIDAD', 32.000, '0611', 18.163784, 581.24, 27.00, NULL, '2023-05-23 14:05:05', '2023-05-23 14:05:05'),
	(153, 53, 203011, 22228, 'ELE-4559', 'ELE', 'ELE', 'CAJA SUELO IP66 TAPA/TOR IN', 'CAJA HORMIGÓN+SUELOTECNICO D80', 'UNIDAD', 90.000, '6149', 7.226320, 650.37, 28.00, NULL, '2023-05-23 14:05:06', '2023-05-23 14:05:06'),
	(154, 53, 203019, 22228, 'ELE-5749', 'ELE', 'ELE', 'MO-PULS INVERSOR 6A 2M BL SERIGRA. "MASTER" (077041)', 'MO-SEÑALIZADOR BICOLOR', 'UNIDAD', 5.000, '4531', 14.869072, 74.35, 36.00, NULL, '2023-05-23 14:05:06', '2023-05-23 14:05:06'),
	(155, 53, 203298, 22228, 'ELE-4557', 'ELE', 'ELE', 'CAJA SUELO 3M CUBETA', 'CAJA GRAN CARGA CUBETA METAL', 'UNIDAD', 10.000, '6602', 98.547408, 985.47, 41.00, NULL, '2023-05-23 14:05:06', '2023-05-23 14:05:06'),
	(156, 53, 203299, 22228, 'ELE-4557', 'ELE', 'ELE', 'CAJA SUELO 3M CUBETA', 'CAJA GRAN CARGA MARCO 8000N', 'UNIDAD', 10.000, '6603', 79.195568, 791.96, 42.00, NULL, '2023-05-23 14:05:06', '2023-05-23 14:05:06'),
	(157, 56, 208414, 22666, 'ELE-CABL-1508', 'CABL', 'ELE / CABLES', 'Cable SUMCAB Sumsave AS RZ1-K 0,6/1KV 3G6mm2', '[ELE-CABL-1508] Cable SUMCAB Sumsave AS RZ1-K 0,6/1KV 3G6mm2', 'METRO', 3430.000, '6618', 2.074248, 7114.67, 3.00, NULL, '2023-05-23 15:24:20', '2023-05-23 15:24:20'),
	(158, 56, 208415, 22666, 'ELE-CABL-1499', 'CABL', 'ELE / CABLES', 'Cable SUMCAB Sumsave AS RZ1-K 0,6/1KV 3G10mm2', '[ELE-CABL-1499] Cable SUMCAB Sumsave AS RZ1-K 0,6/1KV 3G10mm2', 'METRO', 970.000, '0347', 3.379469, 3278.08, 4.00, NULL, '2023-05-23 15:24:20', '2023-05-23 15:24:20'),
	(159, 56, 208416, 22666, 'ELE-CABL-1525', 'CABL', 'ELE / CABLES', 'Cable SUMCAB Sumsave AS RZ1-K 0,6/1KV 4G95mm2', '[ELE-CABL-1525] Cable SUMCAB Sumsave AS RZ1-K 0,6/1KV 4G95mm2', 'METRO', 1.000, '6609', 37.938705, 37.94, 5.00, NULL, '2023-05-23 15:24:20', '2023-05-23 15:24:20'),
	(160, 128, 377564, 27335, 'COR-CCTV-0217', 'CCTV', 'COR / CCTV', 'EXCEL CAT6 1M UUTP LSOH PATCH LEAD BLUE', 'EXCEL CAT6 1M UUTP LSOH PATCH LEAD GREY', 'UNIDAD', 20.000, '5792', 1.476594, 29.53, 4.00, NULL, '2023-05-29 18:58:47', '2023-05-29 18:58:47'),
	(161, 128, 377568, 27335, 'ACA-3537', 'ACA', 'ACA', 'Conector de maestra 60x27', 'CONECTOR RJ-45 MACHO CAT6 FTP', 'UNIDAD', 50.000, '5793', 0.269537, 13.48, 8.00, NULL, '2023-05-29 18:58:47', '2023-05-29 18:58:47'),
	(162, 139, 153282, 11062, 'EQU-11989', 'EQU', 'EQU', 'Mortero de enfoscado transpirable, a base de cal natural y Eco-Puzolana, para aplicar como primera capa en la realización de revoques deshumidificadores, transpirables y estructurales. CE EN 998-1, GP-CS IV, EC1. Saco 25 kg. Área 4387 m2, espesor 1', 'Mortero de enfoscado transpirable, a base de cal natural y Eco-Puzolana, para aplicar como primera capa en la realización de revoques deshumidificadores, transpirables y estructurales. CE EN 998-1, GP-CS IV, EC1. Saco 25 kg. Área 4387 m2, espesor 1', 'KILOGRAMOS', 4995.000, '2158277', 0.548200, 2738.26, 9.00, NULL, '2023-05-31 16:29:35', '2023-05-31 16:29:35'),
	(163, 140, 695525, 51121, 'ACA-TABI-PLYE-0265', 'PLYE', 'ACA / TABIQUE / PLACA DE YESO', 'PPM13 2800 (Hidrofuga)', '[ACA-TABI-PLYE-0265] Placa de yeso PPM13 2800 (Hidrofuga)', 'M2', 1309.090, '2158287', 4.383450, 5738.33, 1.00, NULL, '2023-06-01 11:07:35', '2023-06-01 11:07:35'),
	(164, 140, 695526, 51121, 'ACA-TABI-PLYE-0265', 'PLYE', 'ACA / TABIQUE / PLACA DE YESO', 'PPM13 2800 (Hidrofuga)', '[ACA-TABI-PLYE-0265] Placa de yeso PPM13 2800 (Hidrofuga)', 'M2', 787.531, '2158288', 5.261440, 4143.55, 2.00, NULL, '2023-06-01 11:07:35', '2023-06-01 11:07:35'),
	(165, 145, 669595, 48011, 'SST-MPI-1570', 'CALZ', 'SST / MEDIOS DE PROTECCION INDIVIDUAL / CALZADOS', 'Calzado de Seguridad talla 35', '[SST-MPI-1570] Calzado de Seguridad Talla 35', 'PAR', 14.000, '2158292', 24.031700, 336.44, 1.00, NULL, '2023-06-02 15:53:11', '2023-06-02 15:53:11'),
	(166, 145, 669621, 48011, 'SST-MPI-1569', 'CALZ', 'SST / MEDIOS DE PROTECCION INDIVIDUAL / CALZADOS', 'Calzado de Seguridad talla 36', '[SST-MPI-1569] Calzado de Seguridad Talla 36', 'PAR', 7.000, '2158293', 24.031700, 168.22, 2.00, NULL, '2023-06-02 15:53:12', '2023-06-02 15:53:12'),
	(167, 145, 669622, 48011, 'SST-MPI-1517', 'CALZ', 'SST / MEDIOS DE PROTECCION INDIVIDUAL / CALZADOS', 'Calzado de Seguridad talla 38', '[SST-MPI-1517] Calzado de Seguridad Talla 38', 'PAR', 10.000, '2158294', 24.031700, 240.32, 3.00, NULL, '2023-06-02 15:53:12', '2023-06-02 15:53:12'),
	(168, 145, 669625, 48011, 'SST-MPI-CALZ-0068', 'CALZ', 'SST / MEDIOS DE PROTECCION INDIVIDUAL / CALZADOS', 'Calzado de Seguridad Talla 44', '[SST-MPI-CALZ-0068] Calzado de Seguridad Talla 44', 'PAR', 1.000, '2158295', 24.031700, 24.03, 6.00, NULL, '2023-06-02 15:53:12', '2023-06-02 15:53:12'),
	(169, 146, 659680, 46735, 'SST-MPI-GAPA-0002', 'GAPA', 'SST / MEDIOS DE PROTECCION INDIVIDUAL / GAFAS PANTALLAS Y VISERAS', 'GAFA CLASE OPTICA 2 OCULAR POLICARBONATO ANTIRAYADURAS. PATILLA REGULABLE. PROTECCION FRENTE PARTICULAS ATLA VELOCIDAD Y BAJA ENERGIA Y FRENTE RADIACION SOLAR, CLIMAX 569-G', '[SST-MPI-GAPA-0002] GAFA CLASE OPTICA 2 OCULAR POLICARBONATO ANTIRAYADURAS. PATILLA REGULABLE. PROTECCION FRENTE PARTICULAS ATLA VELOCIDAD Y BAJA ENERGIA Y FRENTE RADIACION SOLAR, CLIMAX 569-G', 'Unit(s)', 48.000, '2158296', 1.324100, 63.56, 1.00, NULL, '2023-06-02 17:36:39', '2023-06-02 17:36:39'),
	(170, 147, 669203, 47957, 'SST-MPI-CALZ-0085', 'CALZ', 'SST / MEDIOS DE PROTECCION INDIVIDUAL / CALZADOS', 'BOTA DE SEGURIDAD DE PIEL HIDROFUGA NEGRA TALLA 47', '[SST-MPI-CALZ-0085] BOTA DE SEGURIDAD DE PIEL HIDROFUGA NEGRA TALLA 47', 'PAR', 11.000, '2158298', 24.031700, 264.35, 7.00, NULL, '2023-06-02 17:48:08', '2023-06-02 17:48:08'),
	(171, 147, 669210, 47957, 'SST-MPI-CALZ-0075', 'CALZ', 'SST / MEDIOS DE PROTECCION INDIVIDUAL / CALZADOS', 'BOTA DE SEGURIDAD DE PIEL HIDROFUGA NEGRA TALLA 37', '[SST-MPI-CALZ-0075] BOTA DE SEGURIDAD DE PIEL HIDROFUGA NEGRA TALLA 37', 'PAR', 14.000, '2158299', 23.926400, 334.97, 8.00, NULL, '2023-06-02 17:48:08', '2023-06-02 17:48:08');

-- Volcando estructura para tabla semtinel.logistics_receipt_items_transfer
CREATE TABLE IF NOT EXISTS `logistics_receipt_items_transfer` (
  `id` int NOT NULL AUTO_INCREMENT,
  `id_receipt` int DEFAULT NULL COMMENT 'ID de la entrada',
  `id_inventory` varchar(50) CHARACTER SET utf8mb4 COLLATE utf8mb4_general_ci DEFAULT NULL,
  `product_id` varchar(50) CHARACTER SET utf8mb4 COLLATE utf8mb4_general_ci DEFAULT NULL COMMENT 'Identificador del producto',
  `product_code` varchar(50) CHARACTER SET utf8mb4 COLLATE utf8mb4_general_ci DEFAULT NULL COMMENT 'Código del producto',
  `oc` varchar(50) COLLATE utf8mb4_general_ci DEFAULT NULL COMMENT 'Orden de compra',
  `item_description` text CHARACTER SET utf8mb4 COLLATE utf8mb4_general_ci COMMENT 'Producto',
  `um` varchar(50) CHARACTER SET utf8mb4 COLLATE utf8mb4_general_ci DEFAULT NULL COMMENT 'Unidad de medida',
  `received_quantity` decimal(8,3) DEFAULT NULL COMMENT 'Cantidad',
  `stowage_card` varchar(50) CHARACTER SET utf8mb4 COLLATE utf8mb4_general_ci DEFAULT NULL COMMENT 'Tarjeta de estiba',
  `price_unit` decimal(8,2) DEFAULT NULL COMMENT 'Precio unitario',
  `price_total` decimal(8,2) DEFAULT NULL COMMENT 'Precio total',
  `created_at` datetime DEFAULT NULL,
  `updated_at` datetime DEFAULT NULL,
  PRIMARY KEY (`id`) USING BTREE
) ENGINE=InnoDB DEFAULT CHARSET=utf8mb4 COLLATE=utf8mb4_general_ci ROW_FORMAT=DYNAMIC;

-- Volcando datos para la tabla semtinel.logistics_receipt_items_transfer: ~0 rows (aproximadamente)

-- Volcando estructura para tabla semtinel.migrations
CREATE TABLE IF NOT EXISTS `migrations` (
  `id` int unsigned NOT NULL AUTO_INCREMENT,
  `migration` varchar(255) COLLATE utf8mb4_unicode_ci NOT NULL,
  `batch` int NOT NULL,
  PRIMARY KEY (`id`)
) ENGINE=InnoDB AUTO_INCREMENT=8 DEFAULT CHARSET=utf8mb4 COLLATE=utf8mb4_unicode_ci;

-- Volcando datos para la tabla semtinel.migrations: ~6 rows (aproximadamente)
INSERT INTO `migrations` (`id`, `migration`, `batch`) VALUES
	(2, '2014_10_12_100000_create_password_resets_table', 1),
	(3, '2019_08_19_000000_create_failed_jobs_table', 1),
	(4, '2019_12_14_000001_create_personal_access_tokens_table', 1),
	(5, '2014_10_12_000000_create_users_table', 2),
	(6, '2023_01_05_195844_create_permission_tables', 3),
	(7, '2016_01_04_173148_create_admin_tables', 4);

-- Volcando estructura para tabla semtinel.model_has_permissions
CREATE TABLE IF NOT EXISTS `model_has_permissions` (
  `permission_id` bigint unsigned NOT NULL,
  `model_type` varchar(255) COLLATE utf8mb4_unicode_ci NOT NULL,
  `model_id` bigint unsigned NOT NULL,
  PRIMARY KEY (`permission_id`,`model_id`,`model_type`),
  KEY `model_has_permissions_model_id_model_type_index` (`model_id`,`model_type`),
  CONSTRAINT `model_has_permissions_permission_id_foreign` FOREIGN KEY (`permission_id`) REFERENCES `permissions` (`id`) ON DELETE CASCADE
) ENGINE=InnoDB DEFAULT CHARSET=utf8mb4 COLLATE=utf8mb4_unicode_ci;

-- Volcando datos para la tabla semtinel.model_has_permissions: ~0 rows (aproximadamente)

-- Volcando estructura para tabla semtinel.model_has_roles
CREATE TABLE IF NOT EXISTS `model_has_roles` (
  `role_id` bigint unsigned NOT NULL,
  `model_type` varchar(255) COLLATE utf8mb4_unicode_ci NOT NULL,
  `model_id` bigint unsigned NOT NULL,
  PRIMARY KEY (`role_id`,`model_id`,`model_type`),
  KEY `model_has_roles_model_id_model_type_index` (`model_id`,`model_type`),
  CONSTRAINT `model_has_roles_role_id_foreign` FOREIGN KEY (`role_id`) REFERENCES `roles` (`id`) ON DELETE CASCADE
) ENGINE=InnoDB DEFAULT CHARSET=utf8mb4 COLLATE=utf8mb4_unicode_ci;

-- Volcando datos para la tabla semtinel.model_has_roles: ~6 rows (aproximadamente)
INSERT INTO `model_has_roles` (`role_id`, `model_type`, `model_id`) VALUES
	(1, 'App\\Models\\User', 1),
	(5, 'App\\Models\\User', 7),
	(5, 'App\\Models\\User', 8),
	(3, 'App\\Models\\User', 9),
	(4, 'App\\Models\\User', 10),
	(4, 'App\\Models\\User', 11),
	(4, 'App\\Models\\User', 12),
	(4, 'App\\Models\\User', 13),
	(4, 'App\\Models\\User', 14),
	(4, 'App\\Models\\User', 15),
	(2, 'App\\Models\\User', 16),
	(1, 'App\\Models\\User', 17);

-- Volcando estructura para tabla semtinel.password_resets
CREATE TABLE IF NOT EXISTS `password_resets` (
  `email` varchar(255) COLLATE utf8mb4_unicode_ci NOT NULL,
  `token` varchar(255) COLLATE utf8mb4_unicode_ci NOT NULL,
  `created_at` timestamp NULL DEFAULT NULL,
  KEY `password_resets_email_index` (`email`)
) ENGINE=InnoDB DEFAULT CHARSET=utf8mb4 COLLATE=utf8mb4_unicode_ci;

-- Volcando datos para la tabla semtinel.password_resets: ~0 rows (aproximadamente)

-- Volcando estructura para tabla semtinel.permissions
CREATE TABLE IF NOT EXISTS `permissions` (
  `id` bigint unsigned NOT NULL AUTO_INCREMENT,
  `name` varchar(255) COLLATE utf8mb4_unicode_ci NOT NULL,
  `guard_name` varchar(255) COLLATE utf8mb4_unicode_ci NOT NULL,
  `created_at` timestamp NULL DEFAULT NULL,
  `updated_at` timestamp NULL DEFAULT NULL,
  PRIMARY KEY (`id`),
  UNIQUE KEY `permissions_name_guard_name_unique` (`name`,`guard_name`)
) ENGINE=InnoDB AUTO_INCREMENT=43 DEFAULT CHARSET=utf8mb4 COLLATE=utf8mb4_unicode_ci;

-- Volcando datos para la tabla semtinel.permissions: ~37 rows (aproximadamente)
INSERT INTO `permissions` (`id`, `name`, `guard_name`, `created_at`, `updated_at`) VALUES
	(1, 'app', 'web', '2023-01-05 20:53:39', '2023-01-05 20:53:42'),
	(2, 'app.web.admin', 'web', '2023-01-05 20:54:36', '2023-01-08 03:09:46'),
	(3, 'app.web.logistics', 'web', '2023-01-05 20:55:11', '2023-01-08 03:10:14'),
	(4, 'app.api.odoo.get.entry', 'web', '2023-01-08 03:00:39', '2023-01-08 03:09:21'),
	(6, 'api.admin.get.system', 'web', '2023-04-17 01:21:48', '2023-04-17 01:21:48'),
	(7, 'api.admin.store.system', 'web', '2023-04-17 01:22:18', '2023-04-17 01:22:18'),
	(8, 'api.admin.destroy.system', 'web', '2023-04-17 01:22:48', '2023-04-17 01:22:48'),
	(9, 'api.admin.get.roles', 'web', '2023-04-17 01:23:41', '2023-04-17 01:23:41'),
	(10, 'api.admin.store.role', 'web', '2023-04-17 01:24:14', '2023-04-17 01:24:14'),
	(11, 'api.admin.destroy.role', 'web', '2023-04-17 01:24:44', '2023-04-17 01:24:44'),
	(12, 'api.admin.get.role_permissions', 'web', '2023-04-17 01:26:44', '2023-04-17 01:26:44'),
	(13, 'api.admin.get.permissions', 'web', '2023-04-17 01:27:21', '2023-04-17 01:27:21'),
	(14, 'api.admin.store.permission', 'web', '2023-04-17 01:27:38', '2023-04-17 01:27:38'),
	(15, 'api.admin.destroy.permission', 'web', '2023-04-17 01:27:52', '2023-04-17 01:27:52'),
	(16, 'api.admin.get.permission_roles', 'web', '2023-04-17 01:28:33', '2023-04-17 01:28:33'),
	(17, 'api.admin.get.users', 'web', '2023-04-17 01:29:11', '2023-04-17 01:29:11'),
	(18, 'api.admin.create.user', 'web', '2023-04-17 01:29:32', '2023-04-17 01:29:32'),
	(19, 'api.admin.destroy.user', 'web', '2023-04-17 01:29:52', '2023-04-17 01:29:52'),
	(20, 'api.admin.update.user', 'web', '2023-04-17 01:30:25', '2023-04-17 01:30:25'),
	(21, 'api.admin.get.user', 'web', '2023-04-17 01:30:50', '2023-04-17 01:30:50'),
	(22, 'api.admin.get.userroles', 'web', '2023-04-17 01:31:08', '2023-04-17 01:31:08'),
	(23, 'api.admin.get.usersystems', 'web', '2023-04-17 01:31:24', '2023-04-17 01:31:24'),
	(24, 'api.admin.get.userprojects', 'web', '2023-04-17 01:33:18', '2023-04-17 01:33:18'),
	(25, 'api.admin.get.warehouses', 'web', '2023-04-17 01:35:50', '2023-04-17 01:35:50'),
	(26, 'api.admin.store.warehouse', 'web', '2023-04-17 01:36:34', '2023-04-17 01:36:34'),
	(27, 'api.admin.destroy.warehouse', 'web', '2023-04-17 01:36:53', '2023-04-17 01:36:53'),
	(28, 'logistics.api.get.entries', 'web', '2023-04-17 01:39:45', '2023-04-17 01:39:45'),
	(29, 'app.api.admin.get.productcategories', 'web', '2023-04-17 01:44:55', '2023-04-17 01:44:55'),
	(34, 'logistics.api.store.entry', 'web', '2023-04-17 02:00:26', '2023-04-17 02:00:26'),
	(35, 'logistics.api.upload.entry', 'web', '2023-04-17 02:01:51', '2023-04-17 02:01:51'),
	(36, 'logistics.api.cofirm.entry', 'web', '2023-04-17 02:02:46', '2023-04-17 02:02:46'),
	(37, 'logistics.api.cancel.entry', 'web', '2023-04-17 02:05:27', '2023-04-17 02:05:27'),
	(38, 'logistics.api.store.output', 'web', '2023-04-17 02:07:37', '2023-04-17 02:07:37'),
	(39, 'logistics.api.get.outputs', 'web', '2023-04-17 02:08:30', '2023-04-17 02:08:30'),
	(40, 'logistics.api.upload.output', 'web', '2023-04-17 02:09:27', '2023-04-17 02:09:27'),
	(41, 'logistics.api.cofirm.output', 'web', '2023-04-17 02:11:10', '2023-04-17 02:11:10'),
	(42, 'logistics.api.cancel.output', 'web', '2023-04-17 02:13:14', '2023-04-17 02:13:14');

-- Volcando estructura para tabla semtinel.personal_access_tokens
CREATE TABLE IF NOT EXISTS `personal_access_tokens` (
  `id` bigint unsigned NOT NULL AUTO_INCREMENT,
  `tokenable_type` varchar(255) COLLATE utf8mb4_unicode_ci NOT NULL,
  `tokenable_id` bigint unsigned NOT NULL,
  `name` varchar(255) COLLATE utf8mb4_unicode_ci NOT NULL,
  `token` varchar(64) COLLATE utf8mb4_unicode_ci NOT NULL,
  `abilities` text COLLATE utf8mb4_unicode_ci,
  `last_used_at` timestamp NULL DEFAULT NULL,
  `expires_at` timestamp NULL DEFAULT NULL,
  `created_at` timestamp NULL DEFAULT NULL,
  `updated_at` timestamp NULL DEFAULT NULL,
  PRIMARY KEY (`id`),
  UNIQUE KEY `personal_access_tokens_token_unique` (`token`),
  KEY `personal_access_tokens_tokenable_type_tokenable_id_index` (`tokenable_type`,`tokenable_id`)
) ENGINE=InnoDB AUTO_INCREMENT=671 DEFAULT CHARSET=utf8mb4 COLLATE=utf8mb4_unicode_ci;

-- Volcando datos para la tabla semtinel.personal_access_tokens: ~670 rows (aproximadamente)
INSERT INTO `personal_access_tokens` (`id`, `tokenable_type`, `tokenable_id`, `name`, `token`, `abilities`, `last_used_at`, `expires_at`, `created_at`, `updated_at`) VALUES
	(1, 'App\\Models\\User', 1, 'auth_token', 'cbff7c993fcd099719e5cd47bf500d8ee055733fbf7a0a85108ee3246f76d884', '["*"]', NULL, NULL, '2023-01-04 09:44:40', '2023-01-04 09:44:40'),
	(2, 'App\\Models\\User', 1, 'auth_token', 'bd25c5332bfcee9f979c393876161db66a032850f43b127b1475cc3071dcbfb5', '["*"]', '2023-03-09 23:25:30', NULL, '2023-01-04 09:59:12', '2023-03-09 23:25:30'),
	(3, 'App\\Models\\User', 1, 'auth_token', '5984f6eae443f6b1431d942b06dd668bafe4604ddf69483ce087e714cafc03c3', '["*"]', NULL, NULL, '2023-01-04 10:16:35', '2023-01-04 10:16:35'),
	(4, 'App\\Models\\User', 1, 'auth_token', '2d581308ea84dfbb89db712a2a4a6e316a26eb8ee29e6c2c3a9dda14bb4478b7', '["*"]', NULL, NULL, '2023-01-04 10:18:36', '2023-01-04 10:18:36'),
	(5, 'App\\Models\\User', 1, 'auth_token', '5d0d8458de9bc8f13bafaca20a16e334bfb2504f1124c408ffa814489acee85b', '["*"]', NULL, NULL, '2023-01-04 10:19:29', '2023-01-04 10:19:29'),
	(6, 'App\\Models\\User', 1, 'auth_token', 'e7fb9741542e8b3f8bf58a02fd818720f1eda54277ec744c983ecca5df3383fe', '["*"]', NULL, NULL, '2023-01-04 10:24:30', '2023-01-04 10:24:30'),
	(7, 'App\\Models\\User', 1, 'auth_token', '3961e9e55fe6b1a216b23faae4fe0a1e884aa970d73af4c1e9490e2bd1225258', '["*"]', NULL, NULL, '2023-01-04 10:46:45', '2023-01-04 10:46:45'),
	(8, 'App\\Models\\User', 1, 'auth_token', 'e01f8c3285fc53b9b322f789168b78cc896f9a8da0dd45be1aa3886ccb0ec078', '["*"]', NULL, NULL, '2023-01-04 10:54:35', '2023-01-04 10:54:35'),
	(9, 'App\\Models\\User', 1, 'auth_token', '55c9b52851abf1f78f85c4f71087fd584ec2771fa9072ba8d48708ca7be47292', '["*"]', NULL, NULL, '2023-01-05 02:06:48', '2023-01-05 02:06:48'),
	(10, 'App\\Models\\User', 1, 'auth_token', '40348823ef6818153d9f0c7808cafafcf28c355881355fb819bbbdd1ce30e0b0', '["*"]', NULL, NULL, '2023-01-05 02:13:51', '2023-01-05 02:13:51'),
	(11, 'App\\Models\\User', 1, 'auth_token', '6fddf2e04e50ba945a7adbda005fd6fa10294b404cc7d9a80bdd0f3aa6ceb47d', '["*"]', NULL, NULL, '2023-01-05 02:30:10', '2023-01-05 02:30:10'),
	(12, 'App\\Models\\User', 1, 'auth_token', '8ace3fb8c9399e673c6bb883f0af388e1d99da925cba043273fd7dc8b74788fb', '["*"]', NULL, NULL, '2023-01-05 02:33:43', '2023-01-05 02:33:43'),
	(13, 'App\\Models\\User', 1, 'auth_token', '20ec8c6b0105eb2eb5b88dc387e67b740cf2aff05ccd38258bcc63c66b6ca0d3', '["*"]', NULL, NULL, '2023-01-05 02:36:54', '2023-01-05 02:36:54'),
	(14, 'App\\Models\\User', 1, 'auth_token', '854a63e59c1480ce3d5a11464fb8bb1effda8524d135b34d652dc354c3455e9e', '["*"]', NULL, NULL, '2023-01-05 03:24:24', '2023-01-05 03:24:24'),
	(15, 'App\\Models\\User', 1, 'auth_token', '19f939fa545a48b13e7db2aefeb1ba3cba44de17ba19771c1dd2cd05e41ff346', '["*"]', NULL, NULL, '2023-01-05 03:26:53', '2023-01-05 03:26:53'),
	(16, 'App\\Models\\User', 1, 'auth_token', '2c97609f6a90a03763a844dcb66623902b467bd130c79458fe98d274d2853ba5', '["*"]', NULL, NULL, '2023-01-05 03:31:05', '2023-01-05 03:31:05'),
	(17, 'App\\Models\\User', 1, 'auth_token', '72ed5eb7b86cad2fb0180714162207c563ca6864fc1e0635b08949a4ec981666', '["*"]', NULL, NULL, '2023-01-05 07:15:13', '2023-01-05 07:15:13'),
	(18, 'App\\Models\\User', 1, 'auth_token', '6243c717519e2a5b9a7460f2249c15c69a4438c6e5084a83a641079d3083a822', '["*"]', NULL, NULL, '2023-01-05 07:43:57', '2023-01-05 07:43:57'),
	(19, 'App\\Models\\User', 1, 'auth_token', 'ffbbe07d434b169fa765e3bceacef4d7a1a0ed8c44106220c8e0c0a146280298', '["*"]', NULL, NULL, '2023-01-05 07:49:44', '2023-01-05 07:49:44'),
	(20, 'App\\Models\\User', 1, 'auth_token', '3a12c25584dad671bacedaf330e7a7a9338be1bb2ecadbbee94c951146192dfd', '["*"]', NULL, NULL, '2023-01-05 08:06:58', '2023-01-05 08:06:58'),
	(21, 'App\\Models\\User', 1, 'auth_token', '36c6fbc2863389dbf13b0cba9a3b41ff4094bdefd257481fe4eddd997e3cfa26', '["*"]', NULL, NULL, '2023-01-05 08:08:34', '2023-01-05 08:08:34'),
	(22, 'App\\Models\\User', 1, 'auth_token', 'd83558e282822036993a98796b674fc502396405bf96f4c7451e866a8ec9615b', '["*"]', NULL, NULL, '2023-01-05 08:19:51', '2023-01-05 08:19:51'),
	(23, 'App\\Models\\User', 1, 'auth_token', '5c80ae81741117d0b1420a7aa7ff523199ebf69540d5a2c328a9aca9a9260c4d', '["*"]', NULL, NULL, '2023-01-05 08:24:51', '2023-01-05 08:24:51'),
	(24, 'App\\Models\\User', 1, 'auth_token', '6823e15babab2bf0ff0c29a10651af73839e7cf2b1e6ef9ad9c37f05136e2523', '["*"]', NULL, NULL, '2023-01-05 08:41:40', '2023-01-05 08:41:40'),
	(25, 'App\\Models\\User', 1, 'auth_token', '4ba57c1231f730a184059f1b16b6dcfecb68bda214e19d4feff3cf09733ce359', '["*"]', NULL, NULL, '2023-01-05 08:48:06', '2023-01-05 08:48:06'),
	(26, 'App\\Models\\User', 1, 'auth_token', '36bca392827f65dd81a88771dc9be32387bc1f7a4b6a7770d21e40477d37afd5', '["*"]', NULL, NULL, '2023-01-05 08:53:32', '2023-01-05 08:53:32'),
	(27, 'App\\Models\\User', 1, 'auth_token', '039a8065df93cfec662fd75ddf1319edb6b9ce5ee259cd73c865e4793126bfe8', '["*"]', NULL, NULL, '2023-01-05 08:55:28', '2023-01-05 08:55:28'),
	(28, 'App\\Models\\User', 1, 'auth_token', 'f22ea223e2854bfa8c2dae3fe27b7f0b41340a8b4e7e436fe6fb878a218aef48', '["*"]', NULL, NULL, '2023-01-05 09:20:37', '2023-01-05 09:20:37'),
	(29, 'App\\Models\\User', 1, 'auth_token', '02155d6df141a191d91e5e5ace98826ddf394058996d137f469634ad14a26805', '["*"]', NULL, NULL, '2023-01-05 10:03:25', '2023-01-05 10:03:25'),
	(30, 'App\\Models\\User', 1, 'auth_token', 'bc9078c9147c8ec03eb3b16ef282d51376c4886238bb3678307ae5fbae98f4cb', '["*"]', NULL, NULL, '2023-01-05 10:31:03', '2023-01-05 10:31:03'),
	(31, 'App\\Models\\User', 1, 'auth_token', '82f26bc272249d48704f857a38ec283342c88392ae968ad38ea545f2ab79efdc', '["*"]', NULL, NULL, '2023-01-05 21:35:07', '2023-01-05 21:35:07'),
	(32, 'App\\Models\\User', 1, 'auth_token', '9e8adb887f5c97a9f8bb15777d1457aca854b0d613c71fde44384d84df0e4d8b', '["*"]', NULL, NULL, '2023-01-05 21:48:00', '2023-01-05 21:48:00'),
	(33, 'App\\Models\\User', 1, 'auth_token', 'cefc224c49f97ba520fb4ebed9049189b4c795176b7c12e01c5e8b42169f1e4f', '["*"]', NULL, NULL, '2023-01-05 21:54:45', '2023-01-05 21:54:45'),
	(34, 'App\\Models\\User', 1, 'auth_token', '357ff6718c0498f03b636ed93c2a97822e317f140bac6a671236d4663d4499a8', '["*"]', NULL, NULL, '2023-01-06 03:09:44', '2023-01-06 03:09:44'),
	(35, 'App\\Models\\User', 1, 'auth_token', '91dddaceafac74b9e9871f53a80b9b88d1a6cf0ec5970af3b6d313a1812e912c', '["*"]', NULL, NULL, '2023-01-06 17:24:08', '2023-01-06 17:24:08'),
	(36, 'App\\Models\\User', 1, 'auth_token', '797014e38bb3375be24d6a3b8de040683ff3c7405abed5ff40281f8ce128beb2', '["*"]', NULL, NULL, '2023-01-06 17:26:19', '2023-01-06 17:26:19'),
	(37, 'App\\Models\\User', 1, 'auth_token', 'd3f552dab7bf941f75659eb8290664f389b1c5f169264dc263c866d3bbe983a1', '["*"]', NULL, NULL, '2023-01-06 18:16:11', '2023-01-06 18:16:11'),
	(38, 'App\\Models\\User', 1, 'auth_token', 'd17b41ca1b7f9872ac1082a19fd2731f1e45560a20786ac54b630bc964d9324a', '["*"]', NULL, NULL, '2023-01-06 18:16:46', '2023-01-06 18:16:46'),
	(39, 'App\\Models\\User', 1, 'auth_token', '2d232a8dfa47ad249bffc147e52ac0acfed7f1b8a19769abcb4dc55ed8f47f4e', '["*"]', NULL, NULL, '2023-01-06 18:22:21', '2023-01-06 18:22:21'),
	(40, 'App\\Models\\User', 1, 'auth_token', '28811ef687f899b595e7a9b4a270e73317a87ced658e50acea4696fdbfcb5a8e', '["*"]', NULL, NULL, '2023-01-06 18:32:15', '2023-01-06 18:32:15'),
	(41, 'App\\Models\\User', 1, 'auth_token', '31c6da47fd7e66375e332281d728e749c4ca76862f88abf6e2b1b95898a9b974', '["*"]', NULL, NULL, '2023-01-06 18:36:45', '2023-01-06 18:36:45'),
	(42, 'App\\Models\\User', 1, 'auth_token', 'b465061a1ce68eda5ceb6af448fdbd7ee89b9336c0234ec8fefbb6bdaaa9141e', '["*"]', NULL, NULL, '2023-01-06 18:37:48', '2023-01-06 18:37:48'),
	(43, 'App\\Models\\User', 1, 'auth_token', '796b7ae16ccd53c5ea958ef7867b93968872c0895627f74aede71b00ed6fec5b', '["*"]', NULL, NULL, '2023-01-06 19:39:48', '2023-01-06 19:39:48'),
	(44, 'App\\Models\\User', 1, 'auth_token', 'f7acb7049d7853b172a229dd694556216600c6fd96f421b0a07ee3be7ab8f6bd', '["*"]', NULL, NULL, '2023-01-06 21:04:45', '2023-01-06 21:04:45'),
	(45, 'App\\Models\\User', 1, 'auth_token', 'bfceefcd204e445002e7cbd044b978b437afa9382ad95406295c4b4a9cbc03f5', '["*"]', NULL, NULL, '2023-01-06 21:23:30', '2023-01-06 21:23:30'),
	(46, 'App\\Models\\User', 1, 'auth_token', '07bc8ed65d21a8d63d8fa6687294897ca456d53ba4f49fdfec620c5c2ca7ea89', '["*"]', '2023-01-07 00:02:33', NULL, '2023-01-06 23:22:49', '2023-01-07 00:02:33'),
	(47, 'App\\Models\\User', 1, 'auth_token', '5637c86cf398cab109301931fe5cf9c870b6cb650f79d483ed4a0b46560e227f', '["*"]', '2023-01-07 00:04:50', NULL, '2023-01-07 00:02:49', '2023-01-07 00:04:50'),
	(48, 'App\\Models\\User', 1, 'auth_token', 'f4d1b50509f979b868e07f7d8e65ee73a81e77966f4585cce4f702f9fa1b11f0', '["*"]', NULL, NULL, '2023-01-07 00:10:24', '2023-01-07 00:10:24'),
	(49, 'App\\Models\\User', 1, 'auth_token', '8e356d5ce24395c4c02fc048057a2691ee6b7a6df61e0eb6dde8420527849115', '["*"]', '2023-01-07 00:19:57', NULL, '2023-01-07 00:19:34', '2023-01-07 00:19:57'),
	(50, 'App\\Models\\User', 1, 'auth_token', 'ee6f13a2619adad1537054f91756d8fe1196998c085d6c960a51e3b4a5687e27', '["*"]', '2023-01-07 00:26:50', NULL, '2023-01-07 00:21:59', '2023-01-07 00:26:50'),
	(51, 'App\\Models\\User', 1, 'auth_token', '560eba7c898e0b98a2804fe24207c4a8694a5f69a3f392de5e0f26ad0d69bc1d', '["*"]', '2023-01-07 00:29:49', NULL, '2023-01-07 00:27:15', '2023-01-07 00:29:49'),
	(52, 'App\\Models\\User', 1, 'auth_token', '7e5265a74f9feaaaaa7e651f8825f8172702ec4c607468d2c9418e37f49d2b56', '["*"]', '2023-01-07 00:37:33', NULL, '2023-01-07 00:30:45', '2023-01-07 00:37:33'),
	(53, 'App\\Models\\User', 1, 'auth_token', '2e79b0b7c4cea043ff77714d39246aa94e95cc7759c1fe4f0f731a4ee2a91b69', '["*"]', '2023-01-07 00:38:25', NULL, '2023-01-07 00:38:11', '2023-01-07 00:38:25'),
	(54, 'App\\Models\\User', 1, 'auth_token', '30996075500b2b228c6e7347bf5017324b1fe91040a57a0647a17959b6d47b90', '["*"]', '2023-01-07 00:39:55', NULL, '2023-01-07 00:38:33', '2023-01-07 00:39:55'),
	(55, 'App\\Models\\User', 1, 'auth_token', 'cdabaf78e1f18cb25134076508005bef03dd5e6a28a13148546328a1c7ac3899', '["*"]', '2023-01-07 00:45:07', NULL, '2023-01-07 00:40:41', '2023-01-07 00:45:07'),
	(56, 'App\\Models\\User', 1, 'auth_token', 'ea89f755a2d2174c3e50f2a3d5449514425cfe3c4066d1aef1fec9b94e8dc147', '["*"]', '2023-01-07 00:46:27', NULL, '2023-01-07 00:45:21', '2023-01-07 00:46:27'),
	(57, 'App\\Models\\User', 1, 'auth_token', 'bbf679424d09f03181cf834827e9830dc098eb5cf238639137795358cd5898f6', '["*"]', '2023-01-07 00:49:41', NULL, '2023-01-07 00:49:29', '2023-01-07 00:49:41'),
	(58, 'App\\Models\\User', 1, 'auth_token', 'd451408f73fb0029fa7107bcb29067ba6ad29b8af42e648017e2f7ff6b535ab1', '["*"]', '2023-01-07 01:20:02', NULL, '2023-01-07 00:55:29', '2023-01-07 01:20:02'),
	(59, 'App\\Models\\User', 1, 'auth_token', '4abaea2c59f842d6c3df6ba98a84564e1ada2fb1612a49e11bd711f0ee16583a', '["*"]', '2023-01-07 01:24:59', NULL, '2023-01-07 01:24:16', '2023-01-07 01:24:59'),
	(60, 'App\\Models\\User', 1, 'auth_token', 'de5f2436c772b3c461ba0470512ccf79144ada7621b9ad4a254a87f62af175b4', '["*"]', '2023-01-07 01:26:37', NULL, '2023-01-07 01:26:21', '2023-01-07 01:26:37'),
	(61, 'App\\Models\\User', 1, 'auth_token', 'e5ae9488b6cf394460f2accdf38d2eac1766a8dcef078e1faffc0abcd98a1b12', '["*"]', '2023-01-07 01:28:54', NULL, '2023-01-07 01:28:36', '2023-01-07 01:28:54'),
	(62, 'App\\Models\\User', 1, 'auth_token', '594bc1463ad3d30187bbcc21d5d3be7337d24223b72271d22b4e77f11a20ef1a', '["*"]', '2023-01-07 01:31:23', NULL, '2023-01-07 01:30:57', '2023-01-07 01:31:23'),
	(63, 'App\\Models\\User', 1, 'auth_token', '1e66c03e6014dba4d003fe00ffd38276d0f0f01d315a8cdab0855a75efd93d5d', '["*"]', '2023-01-07 01:32:38', NULL, '2023-01-07 01:32:02', '2023-01-07 01:32:38'),
	(64, 'App\\Models\\User', 1, 'auth_token', '9b0a54c6e3d1219355c247d7e3df99ea64e200eab61846c9364222974199a807', '["*"]', '2023-01-07 01:33:09', NULL, '2023-01-07 01:32:52', '2023-01-07 01:33:09'),
	(65, 'App\\Models\\User', 1, 'auth_token', '4aca53e73accffb0255d5dfff3bc66d8859032ec29f65db07ed0c904e0c6f357', '["*"]', '2023-01-07 01:34:40', NULL, '2023-01-07 01:34:25', '2023-01-07 01:34:40'),
	(66, 'App\\Models\\User', 1, 'auth_token', 'd11ac166af68f6dee63a945534604d542ac3a28378e251dedcdbdb1ea297a580', '["*"]', '2023-01-07 01:42:15', NULL, '2023-01-07 01:37:58', '2023-01-07 01:42:15'),
	(67, 'App\\Models\\User', 1, 'auth_token', '62259e35aa0a493d55eb564fa47aa8296d184aa8bc0b73f2257ed68a4cf72558', '["*"]', '2023-01-07 02:21:51', NULL, '2023-01-07 01:42:32', '2023-01-07 02:21:51'),
	(68, 'App\\Models\\User', 1, 'auth_token', '723210b92ec2949a85ac7a22fbfe46f8a75f1d2c4c9d7cd11317837088134310', '["*"]', '2023-01-07 05:56:49', NULL, '2023-01-07 05:55:01', '2023-01-07 05:56:49'),
	(69, 'App\\Models\\User', 1, 'auth_token', '991ca64b39589ae373f803ebf915f8e65648aefc10495318992bb54489330526', '["*"]', '2023-01-07 05:57:31', NULL, '2023-01-07 05:57:06', '2023-01-07 05:57:31'),
	(70, 'App\\Models\\User', 1, 'auth_token', 'aa234dcfb9f2a054d7d8e4406904f1754f4e0d19479664411db5c816be13983f', '["*"]', '2023-01-07 06:06:00', NULL, '2023-01-07 06:05:07', '2023-01-07 06:06:00'),
	(71, 'App\\Models\\User', 1, 'auth_token', 'f0174eca0f5fbfc27ccb835d031c23fbf76648626fb0c88abd5cb7f384619a69', '["*"]', '2023-01-07 06:09:11', NULL, '2023-01-07 06:07:19', '2023-01-07 06:09:11'),
	(72, 'App\\Models\\User', 1, 'auth_token', '6b5ba708c1dfb16aebb4df50a4d26987994f3d1026bf3eb427c70129c974baa1', '["*"]', '2023-01-07 06:09:48', NULL, '2023-01-07 06:09:19', '2023-01-07 06:09:48'),
	(73, 'App\\Models\\User', 1, 'auth_token', 'd4347934b480cd4ef77890463f00632304854209895b5b677aebf2fe2997b43f', '["*"]', '2023-01-07 06:17:04', NULL, '2023-01-07 06:11:32', '2023-01-07 06:17:04'),
	(74, 'App\\Models\\User', 1, 'auth_token', '344f25594a0790694dfa1776a2ffefaf70c5e4c906380a5fb39e76ee07f5e71b', '["*"]', '2023-01-07 10:59:20', NULL, '2023-01-07 10:11:25', '2023-01-07 10:59:20'),
	(75, 'App\\Models\\User', 1, 'auth_token', 'c10d12dbf388accdd9f4c486acde5ba692aeec6d1ee14875370ee10cdc06bd33', '["*"]', '2023-01-07 11:30:43', NULL, '2023-01-07 11:01:49', '2023-01-07 11:30:43'),
	(76, 'App\\Models\\User', 1, 'auth_token', '6380d5532c02f9fc0c4fe824d5aa3533173fb01cad790d024de39b4565c06830', '["*"]', '2023-01-07 11:31:52', NULL, '2023-01-07 11:31:01', '2023-01-07 11:31:52'),
	(77, 'App\\Models\\User', 1, 'auth_token', '8f3699822739eb790a66200b5b0b07b9714e68758d024eed26bf8ee872a67a3f', '["*"]', '2023-01-07 11:34:29', NULL, '2023-01-07 11:32:00', '2023-01-07 11:34:29'),
	(78, 'App\\Models\\User', 1, 'auth_token', '00fdaa39323a013720f77de06be7101e1fa6261c30c530fe23b4d2021be035bd', '["*"]', '2023-01-07 11:37:37', NULL, '2023-01-07 11:34:37', '2023-01-07 11:37:37'),
	(79, 'App\\Models\\User', 1, 'auth_token', '066845c72be814c5d2e6fb782c38b95350f87c973a846da9c793c9dd9f0ca6a5', '["*"]', '2023-01-07 11:39:21', NULL, '2023-01-07 11:37:45', '2023-01-07 11:39:21'),
	(80, 'App\\Models\\User', 1, 'auth_token', '2e65188c068ff4e0618c9ec76055720f5d423345aa37df3e3e5c7cefe909e246', '["*"]', '2023-01-07 12:23:05', NULL, '2023-01-07 11:41:05', '2023-01-07 12:23:05'),
	(81, 'App\\Models\\User', 1, 'auth_token', 'b19363dec6009b873a53241272b0ca6a4f9c306ff2368becbf691f5cb13023b7', '["*"]', '2023-01-07 19:24:11', NULL, '2023-01-07 19:17:32', '2023-01-07 19:24:11'),
	(82, 'App\\Models\\User', 1, 'auth_token', '6356bc857757124a19f8fbfe692a483e084ebe60475668704acf19e472a077e4', '["*"]', '2023-01-07 21:21:41', NULL, '2023-01-07 19:24:44', '2023-01-07 21:21:41'),
	(83, 'App\\Models\\User', 1, 'auth_token', '852e7be2afd8da79f73ff2cf211ebc5d693dc0eb598e584def62cb6ff45def3e', '["*"]', '2023-01-07 21:23:49', NULL, '2023-01-07 21:22:06', '2023-01-07 21:23:49'),
	(84, 'App\\Models\\User', 1, 'auth_token', '6b3699040e94c311e4e191ea188c9434da482776a6743b9b082dda1d146e5d28', '["*"]', '2023-01-07 21:56:14', NULL, '2023-01-07 21:26:17', '2023-01-07 21:56:14'),
	(85, 'App\\Models\\User', 1, 'auth_token', '4883df2e073a47cedf26e2151b0d0f404ec48b5f28c10d3088676e8e6bf259dc', '["*"]', '2023-01-08 03:00:43', NULL, '2023-01-08 02:25:50', '2023-01-08 03:00:43'),
	(86, 'App\\Models\\User', 1, 'auth_token', '3e6d53ffc159d5270b3ef7a513468b57d2f2afec8a825a2c79e59f8639e514b9', '["*"]', '2023-01-08 03:11:02', NULL, '2023-01-08 03:08:36', '2023-01-08 03:11:02'),
	(87, 'App\\Models\\User', 1, 'auth_token', '2b69ae28f140db8561e5e7029886ca6de1d52826a72a8fe5d1c06c13311e8c00', '["*"]', NULL, NULL, '2023-01-08 03:13:28', '2023-01-08 03:13:28'),
	(88, 'App\\Models\\User', 1, 'auth_token', '12610766a8301cf16f9bb72590f06022db19e355851c03f5dbfd23002bd3e97e', '["*"]', '2023-01-08 03:16:17', NULL, '2023-01-08 03:14:10', '2023-01-08 03:16:17'),
	(89, 'App\\Models\\User', 1, 'auth_token', 'a12ce714029ca92cf198126bfa64d1cec7c56d65b9c5433bbc94cc857aac3dd6', '["*"]', '2023-01-08 09:13:10', NULL, '2023-01-08 09:11:14', '2023-01-08 09:13:10'),
	(90, 'App\\Models\\User', 1, 'auth_token', '59335e6c025af01745b003bd418dcd195f6085e6ca8f4541b167e73d9040e588', '["*"]', '2023-01-08 10:05:19', NULL, '2023-01-08 09:36:09', '2023-01-08 10:05:19'),
	(91, 'App\\Models\\User', 1, 'auth_token', 'f833947c5257a157ba4cfbc2ac036c3d04b9a89a7f4c652b7e3d22aba1522650', '["*"]', NULL, NULL, '2023-01-08 10:06:18', '2023-01-08 10:06:18'),
	(92, 'App\\Models\\User', 1, 'auth_token', '4b134e3cba426214757d2158cb5435792ae4976c27657aa7591e63876e285787', '["*"]', NULL, NULL, '2023-01-08 10:07:50', '2023-01-08 10:07:50'),
	(93, 'App\\Models\\User', 1, 'auth_token', '2df7ee6c495cb7265aa624e055f5c640f3504232e6e6d11450b7163643fe6c64', '["*"]', '2023-01-08 10:12:12', NULL, '2023-01-08 10:10:45', '2023-01-08 10:12:13'),
	(94, 'App\\Models\\User', 1, 'auth_token', 'ad8da29bb6a4f547e5891204b7edf053ce32f741c89628d12598e0898b4d5fd1', '["*"]', '2023-01-08 10:22:38', NULL, '2023-01-08 10:14:47', '2023-01-08 10:22:38'),
	(95, 'App\\Models\\User', 1, 'auth_token', 'e4ef77a310252423ac790272b06447f58cfed03370869387b12ae21af4590f12', '["*"]', '2023-01-08 11:02:35', NULL, '2023-01-08 10:38:50', '2023-01-08 11:02:35'),
	(96, 'App\\Models\\User', 1, 'auth_token', '11965777a3a854b8664fe3fdfd8896a169e11d502d761c26a6f0ec1c1ed3de44', '["*"]', '2023-01-08 22:58:46', NULL, '2023-01-08 22:56:40', '2023-01-08 22:58:46'),
	(97, 'App\\Models\\User', 1, 'auth_token', '6d795f2d8c30e190a8af3e75c399d20ceaaf29626d998d9c3ac8fbc7115f425d', '["*"]', '2023-01-09 00:50:22', NULL, '2023-01-09 00:11:41', '2023-01-09 00:50:22'),
	(98, 'App\\Models\\User', 1, 'auth_token', '986a24da7b79d2d250a610063beb0604a334494d4a89320d4b42501bdd4a90b7', '["*"]', '2023-01-09 00:52:47', NULL, '2023-01-09 00:51:34', '2023-01-09 00:52:47'),
	(99, 'App\\Models\\User', 1, 'auth_token', '0ee3f0fe6f45c7993adb44071825d6843aadc4736d0eef32da6b9b6abe4ac184', '["*"]', '2023-01-09 00:53:53', NULL, '2023-01-09 00:53:32', '2023-01-09 00:53:53'),
	(100, 'App\\Models\\User', 1, 'auth_token', 'e4462925ce37704d1e95603cb3fddbbdf3ca4b10a38beac0e3076192b0b14b58', '["*"]', '2023-01-09 02:47:57', NULL, '2023-01-09 02:46:58', '2023-01-09 02:47:57'),
	(101, 'App\\Models\\User', 1, 'auth_token', 'e776702e931d13d7e92253d3cfb4911b41ea4e5f8b4eeae48ab83e1c3229d2ae', '["*"]', '2023-01-09 02:52:28', NULL, '2023-01-09 02:52:17', '2023-01-09 02:52:28'),
	(102, 'App\\Models\\User', 1, 'auth_token', 'f6c1a04014b2fd0995b33e27ca40d8617420bd5575e0bf8d2415c267a9dbecac', '["*"]', '2023-01-09 02:53:34', NULL, '2023-01-09 02:53:21', '2023-01-09 02:53:34'),
	(103, 'App\\Models\\User', 1, 'auth_token', 'e132dd590222c6150aad7946c5b759082f1009c798e90b25a51d2cc7a4dea74c', '["*"]', '2023-01-09 03:16:20', NULL, '2023-01-09 02:54:10', '2023-01-09 03:16:20'),
	(104, 'App\\Models\\User', 1, 'auth_token', '6607e83338a1dc7b67b6eb18d09bf1b44f14b83a56d028c48f0a4c6234ed52c3', '["*"]', '2023-01-09 03:39:36', NULL, '2023-01-09 03:33:00', '2023-01-09 03:39:36'),
	(105, 'App\\Models\\User', 1, 'auth_token', 'a6d806a3f5a1c7870ef705aa2751890043d87fa85d2f0b8a539386cebeb6b774', '["*"]', '2023-01-09 03:40:40', NULL, '2023-01-09 03:40:01', '2023-01-09 03:40:40'),
	(106, 'App\\Models\\User', 1, 'auth_token', '0fce1d95b4e69aedccafc30152dd6100785f7415371cb10c50eee0e0ab1543e9', '["*"]', '2023-01-09 04:20:53', NULL, '2023-01-09 04:04:40', '2023-01-09 04:20:53'),
	(107, 'App\\Models\\User', 1, 'auth_token', 'a33bcf659995fb4be6ab7a24acc1c0c009e89a0261f2b6c7a77a2909a1bdb7da', '["*"]', '2023-01-09 04:30:52', NULL, '2023-01-09 04:25:56', '2023-01-09 04:30:52'),
	(108, 'App\\Models\\User', 1, 'auth_token', '6ad90fbf7a2ab5372289f2eb178eb8c453004f2f4a105c073f7fb38a326b8f4e', '["*"]', '2023-01-09 04:40:06', NULL, '2023-01-09 04:31:05', '2023-01-09 04:40:06'),
	(109, 'App\\Models\\User', 1, 'auth_token', '7291a8b6e8273b214e6e3f822906f6e4ef1e69728f2070ddbb4735ba66bd588d', '["*"]', '2023-01-09 04:49:00', NULL, '2023-01-09 04:41:52', '2023-01-09 04:49:00'),
	(110, 'App\\Models\\User', 1, 'auth_token', 'e87daeb80be55c606e9c1f62b0601f02ab39e20006e35091385eefedb8aebc73', '["*"]', '2023-01-09 04:57:01', NULL, '2023-01-09 04:55:33', '2023-01-09 04:57:01'),
	(111, 'App\\Models\\User', 1, 'auth_token', 'a149b49ee3562b8280d17e7e2329749dd42245273cbbf817f9ae05a8ccc3ed25', '["*"]', '2023-01-09 08:09:22', NULL, '2023-01-09 08:01:09', '2023-01-09 08:09:22'),
	(112, 'App\\Models\\User', 1, 'auth_token', '16247df63721fee32f15e561e84a40ab54378b6ca848118e906b0c8911bf74e8', '["*"]', '2023-01-09 08:12:38', NULL, '2023-01-09 08:12:15', '2023-01-09 08:12:38'),
	(113, 'App\\Models\\User', 1, 'auth_token', '99f67257c39b6c94bb72edfa38d77f469229443ad70706d33c2e29ab717c3409', '["*"]', '2023-01-09 08:15:55', NULL, '2023-01-09 08:15:30', '2023-01-09 08:15:55'),
	(114, 'App\\Models\\User', 1, 'auth_token', '9981394c63b9bbc38776503c572afca44810d932235919ddd86b5b4a93a85d15', '["*"]', '2023-01-09 08:55:49', NULL, '2023-01-09 08:18:43', '2023-01-09 08:55:49'),
	(115, 'App\\Models\\User', 1, 'auth_token', '2ae3dc89e794e7054ff2fa0849f8dbd5d2179d32b966768e917dce1fee06afc5', '["*"]', '2023-01-09 09:08:52', NULL, '2023-01-09 09:08:37', '2023-01-09 09:08:52'),
	(116, 'App\\Models\\User', 1, 'auth_token', '3f4962b59142550758efbb9832aa94e3f39abdc3165436e27b77d0e49ca3d251', '["*"]', '2023-01-09 09:35:44', NULL, '2023-01-09 09:35:28', '2023-01-09 09:35:44'),
	(117, 'App\\Models\\User', 1, 'auth_token', '94c28e2ea895cb19c503fe66439a76aced5789091340672554255ccc889ce782', '["*"]', '2023-01-09 17:18:34', NULL, '2023-01-09 17:16:31', '2023-01-09 17:18:34'),
	(118, 'App\\Models\\User', 1, 'auth_token', '84c2606068f70c7b7c668a0fb4b89d01f7f21c7bd9fb3c3f7d578ad0b05fd46a', '["*"]', '2023-01-09 18:42:37', NULL, '2023-01-09 18:41:24', '2023-01-09 18:42:37'),
	(119, 'App\\Models\\User', 1, 'auth_token', 'ab49d5323caea197d4353396414ce84b36d7dbad7b1ff1a0bb43969f5d1292d2', '["*"]', '2023-01-09 18:50:56', NULL, '2023-01-09 18:50:35', '2023-01-09 18:50:56'),
	(120, 'App\\Models\\User', 1, 'auth_token', '19c9eae9c511ff6f956323dfb23613139f2f1b8961a12ae740fa3303494d253b', '["*"]', '2023-01-09 18:58:31', NULL, '2023-01-09 18:52:35', '2023-01-09 18:58:31'),
	(121, 'App\\Models\\User', 1, 'auth_token', 'efa750d78fb7188e0639834f815704472480ef674c433f16991789b9f30edfb4', '["*"]', '2023-01-09 19:01:07', NULL, '2023-01-09 19:00:35', '2023-01-09 19:01:07'),
	(122, 'App\\Models\\User', 1, 'auth_token', 'e64065bd18b0472ce48a2e8bb87d5f4f9d971f0f461f59fd8e4a071d419df6a9', '["*"]', '2023-01-09 19:09:25', NULL, '2023-01-09 19:08:21', '2023-01-09 19:09:25'),
	(123, 'App\\Models\\User', 1, 'auth_token', '312bcc360d2b396f3feec31346c266e44d6a19a77af419ed0f996a32dbefe397', '["*"]', '2023-01-09 19:13:07', NULL, '2023-01-09 19:12:38', '2023-01-09 19:13:08'),
	(124, 'App\\Models\\User', 1, 'auth_token', '808370a08890eaef37d6b5a17d97f0ca208f85563818d5cdb665587f36c8b0e5', '["*"]', '2023-01-09 19:17:01', NULL, '2023-01-09 19:16:43', '2023-01-09 19:17:01'),
	(125, 'App\\Models\\User', 1, 'auth_token', '8f7931886e55de9058f8c8eed2750b4cf00a766c9fbb83488474b070c2e81fc7', '["*"]', '2023-01-09 19:19:43', NULL, '2023-01-09 19:19:27', '2023-01-09 19:19:43'),
	(126, 'App\\Models\\User', 1, 'auth_token', '5319699a350f68b3b85abf2cef8719aa5d732743371d5dbad08543b2fec88511', '["*"]', '2023-01-09 19:22:40', NULL, '2023-01-09 19:22:21', '2023-01-09 19:22:40'),
	(127, 'App\\Models\\User', 1, 'auth_token', '3a62f1149f33af576605f0303fd8cc5243077e13d25ce34a01662590f3083c6b', '["*"]', '2023-01-09 19:25:17', NULL, '2023-01-09 19:24:26', '2023-01-09 19:25:17'),
	(128, 'App\\Models\\User', 1, 'auth_token', 'e2e8c974784e94037ede1cf54e5d89bd710cf1c052c8796a1dd02752c4a49f91', '["*"]', '2023-01-09 19:32:35', NULL, '2023-01-09 19:30:25', '2023-01-09 19:32:35'),
	(129, 'App\\Models\\User', 1, 'auth_token', '44faac92ef63bb15770eddc1c9434b55930ef9cc34958e08a9d4e486c46fbff3', '["*"]', '2023-01-09 19:34:32', NULL, '2023-01-09 19:33:57', '2023-01-09 19:34:32'),
	(130, 'App\\Models\\User', 1, 'auth_token', '9c357ce994fd13ee2fbdd1285313c961e27f80d84d7f7f49c32cb83c84b056d9', '["*"]', '2023-01-09 20:00:14', NULL, '2023-01-09 19:37:26', '2023-01-09 20:00:14'),
	(131, 'App\\Models\\User', 1, 'auth_token', 'd7323747ebea283a18ec49df8eb57c440a7ee01fb1094121a2f8658fc69454ac', '["*"]', '2023-01-09 20:04:20', NULL, '2023-01-09 20:03:58', '2023-01-09 20:04:20'),
	(132, 'App\\Models\\User', 1, 'auth_token', '9421b73da8f9237d8d8ae43885b5b54e07ca2da5a15f99381d93916182b7e50f', '["*"]', '2023-01-09 20:06:18', NULL, '2023-01-09 20:05:54', '2023-01-09 20:06:18'),
	(133, 'App\\Models\\User', 1, 'auth_token', '20c2ad7c55cc90ece654bbe4eb6362b457d07b308cd48b512926cdec57ba43b8', '["*"]', '2023-01-09 20:24:41', NULL, '2023-01-09 20:10:51', '2023-01-09 20:24:41'),
	(134, 'App\\Models\\User', 1, 'auth_token', '9e25f7a49750943e2ce5dc7704155fdf990fda6cae6daab51fbe09f1386ae184', '["*"]', '2023-01-10 02:26:24', NULL, '2023-01-10 02:25:27', '2023-01-10 02:26:24'),
	(135, 'App\\Models\\User', 1, 'auth_token', 'd4e628e7ea847c9fc215aa2180d05e9d14f422a1544f51e82e58bbb56187df08', '["*"]', '2023-01-13 17:43:26', NULL, '2023-01-13 17:41:24', '2023-01-13 17:43:26'),
	(136, 'App\\Models\\User', 1, 'auth_token', 'ad1b814bb9f39bd326a261fef52ad4fd2d4fd35d4378695233c0e04b98c1126b', '["*"]', '2023-01-13 20:22:44', NULL, '2023-01-13 18:00:09', '2023-01-13 20:22:44'),
	(137, 'App\\Models\\User', 1, 'auth_token', 'b7d289666b504d41c4f62d404685e34b5486c85c7cf17dae4db7d88aef77a996', '["*"]', '2023-01-16 18:25:18', NULL, '2023-01-16 18:23:15', '2023-01-16 18:25:18'),
	(138, 'App\\Models\\User', 1, 'auth_token', 'f9c088ce86d16ebe46fabba11b7a17988875cfe5b0c5ce31e7a948852bf44589', '["*"]', '2023-01-17 02:43:13', NULL, '2023-01-17 02:01:43', '2023-01-17 02:43:13'),
	(139, 'App\\Models\\User', 1, 'auth_token', '11f7cb52f7115df62ab7fdb852484cc835765c62fa7bda0338bf23d466d87cb6', '["*"]', '2023-01-17 02:43:54', NULL, '2023-01-17 02:43:34', '2023-01-17 02:43:54'),
	(140, 'App\\Models\\User', 1, 'auth_token', '479bda0fa45d0de483d3a447579d9945fec822cee8a4f15472a9bd9f28d1647b', '["*"]', '2023-01-17 02:45:38', NULL, '2023-01-17 02:45:20', '2023-01-17 02:45:38'),
	(141, 'App\\Models\\User', 1, 'auth_token', '8639a6a80e7112f04f4fe231b528b58f0ca6361b07e7ec962a5d43e0b8e6551b', '["*"]', '2023-01-17 02:48:17', NULL, '2023-01-17 02:47:57', '2023-01-17 02:48:17'),
	(142, 'App\\Models\\User', 1, 'auth_token', '7f686868aa192a9d2a3faab5179e8d4e45d1c82a41efa304e598811e49675728', '["*"]', '2023-01-17 02:52:45', NULL, '2023-01-17 02:52:14', '2023-01-17 02:52:45'),
	(143, 'App\\Models\\User', 1, 'auth_token', 'a2222c0b0f6ed5633e136ec0e2d68497c47198a3699f0cb5a4bd7a4d857a930b', '["*"]', '2023-01-17 02:59:19', NULL, '2023-01-17 02:55:48', '2023-01-17 02:59:19'),
	(144, 'App\\Models\\User', 1, 'auth_token', 'fc9df84a5fda95bc1edd69d4abbaeb9b1eb6462e18decd159e75e7e30727128b', '["*"]', '2023-01-17 03:05:02', NULL, '2023-01-17 03:01:46', '2023-01-17 03:05:02'),
	(145, 'App\\Models\\User', 1, 'auth_token', '1e28bd6a2a1c6b5fd9a960f6156cd7282a854f87c460b88b350bd18b8525f654', '["*"]', '2023-01-17 03:41:41', NULL, '2023-01-17 03:41:05', '2023-01-17 03:41:41'),
	(146, 'App\\Models\\User', 1, 'auth_token', 'fd64c40c1799e6ac590c39a0d994e699de9cfc706feedf06f70ec72c243117ce', '["*"]', '2023-01-17 06:48:51', NULL, '2023-01-17 03:42:36', '2023-01-17 06:48:51'),
	(147, 'App\\Models\\User', 1, 'auth_token', 'd8c053d0af35387a49f488f04d80219439760926502092e67f94372972ec921f', '["*"]', '2023-01-17 07:30:02', NULL, '2023-01-17 07:29:38', '2023-01-17 07:30:02'),
	(148, 'App\\Models\\User', 1, 'auth_token', 'c8ef8bd4b521cea50d3aed0fec9aaa934ba630b3d431b09488a09ee89586f099', '["*"]', '2023-01-17 07:38:55', NULL, '2023-01-17 07:38:28', '2023-01-17 07:38:55'),
	(149, 'App\\Models\\User', 1, 'auth_token', '5274799f560ac1da2e99fff91aaac7fa989d965546d60b7f64bef95c7cc3e647', '["*"]', '2023-01-17 08:04:41', NULL, '2023-01-17 08:04:31', '2023-01-17 08:04:41'),
	(150, 'App\\Models\\User', 1, 'auth_token', 'df63f2300e07bf22144b29b0cd38fd2cf8fbb33e1eff19595fa7e703217739e6', '["*"]', '2023-01-17 08:17:23', NULL, '2023-01-17 08:10:50', '2023-01-17 08:17:23'),
	(151, 'App\\Models\\User', 1, 'auth_token', 'f258bc6b2fe6a043af089d0927422a21526818f9b01fa3d7a45dd0778d26958a', '["*"]', '2023-01-17 08:42:48', NULL, '2023-01-17 08:19:41', '2023-01-17 08:42:48'),
	(152, 'App\\Models\\User', 1, 'auth_token', 'b1cb4aec6de20b0ed936903cb66b45b92b54cd90f0d6bb77bb6da6a2603fd965', '["*"]', '2023-01-17 19:34:58', NULL, '2023-01-17 17:32:26', '2023-01-17 19:34:58'),
	(153, 'App\\Models\\User', 1, 'auth_token', '2210921786542cbbd1e044e3ab2b608352faa9ba3244f6b2ae161b3705e5cdd5', '["*"]', '2023-01-17 22:05:28', NULL, '2023-01-17 19:50:03', '2023-01-17 22:05:28'),
	(154, 'App\\Models\\User', 1, 'auth_token', '92c48af1a4e7569a8f5b0390ccfd251c18430abccd3025de0bf5406fc9e57f4e', '["*"]', '2023-01-18 01:16:28', NULL, '2023-01-18 00:07:28', '2023-01-18 01:16:28'),
	(155, 'App\\Models\\User', 1, 'auth_token', 'dcb7f5cbd1e5cc669e5bde39aafeeebd2779fb90332323d84b424b2e249d4050', '["*"]', '2023-01-18 01:42:19', NULL, '2023-01-18 01:41:57', '2023-01-18 01:42:19'),
	(156, 'App\\Models\\User', 1, 'auth_token', '79f5b6b863966682ac4bff1f3cac22511f0b5784e4eb6a779c5f23d6e4b87063', '["*"]', '2023-01-18 01:53:00', NULL, '2023-01-18 01:52:28', '2023-01-18 01:53:00'),
	(157, 'App\\Models\\User', 1, 'auth_token', 'e2051414a28019d911eaeb5f77b16daad63f036cb59f22229bbc53e49601c8be', '["*"]', '2023-01-18 02:20:07', NULL, '2023-01-18 02:19:45', '2023-01-18 02:20:07'),
	(158, 'App\\Models\\User', 1, 'auth_token', 'd0f9cb32e8535134d54c8863a8b7b0e29917a0f78ed26f8febe9a6657a003d98', '["*"]', '2023-01-18 03:04:17', NULL, '2023-01-18 02:21:22', '2023-01-18 03:04:17'),
	(159, 'App\\Models\\User', 1, 'auth_token', 'ebd97e9a1a5c68592769d5de57668e5dc2bde65022ab2c6889bf42ee62230397', '["*"]', '2023-01-18 16:18:22', NULL, '2023-01-18 16:16:26', '2023-01-18 16:18:22'),
	(160, 'App\\Models\\User', 1, 'auth_token', '647878e8a1c4e0f2b32788d06756602c6dee15815a70e237e22888ed3664f90f', '["*"]', '2023-01-18 17:19:38', NULL, '2023-01-18 17:18:43', '2023-01-18 17:19:38'),
	(161, 'App\\Models\\User', 1, 'auth_token', '95124dcd53498ffecda00d00ec508c96bed910d94da5bf3558e7d1cbb068c3dc', '["*"]', '2023-01-18 19:59:56', NULL, '2023-01-18 19:44:57', '2023-01-18 19:59:56'),
	(162, 'App\\Models\\User', 1, 'auth_token', 'aa4bfcbb6c7c5ebcd09c52fab7d1d73170ad5074c3828277b1fc61bfd98a11db', '["*"]', '2023-01-18 20:01:44', NULL, '2023-01-18 20:00:56', '2023-01-18 20:01:44'),
	(163, 'App\\Models\\User', 1, 'auth_token', 'b855292aa39e5640bc86bf0c1bbf3107140de29652e199f3a931c372dda1f19d', '["*"]', '2023-01-18 21:44:34', NULL, '2023-01-18 21:44:20', '2023-01-18 21:44:34'),
	(164, 'App\\Models\\User', 1, 'auth_token', '7e9eb93e840f9af2f02f689dcdb11b9a82d5908cfb066d3f9dcb375e0c4f03f1', '["*"]', '2023-01-19 17:30:38', NULL, '2023-01-19 16:32:49', '2023-01-19 17:30:38'),
	(165, 'App\\Models\\User', 1, 'auth_token', 'eed03023f99bcbe568951a22e70d1487f84098dc1dc653bba2275322f8956522', '["*"]', '2023-01-20 01:44:21', NULL, '2023-01-20 00:02:17', '2023-01-20 01:44:21'),
	(166, 'App\\Models\\User', 1, 'auth_token', '35f378faef49a47b2bc54df03781a19154ae823acee6ff95d143790e77a16bb6', '["*"]', '2023-01-20 05:04:36', NULL, '2023-01-20 01:47:31', '2023-01-20 05:04:36'),
	(167, 'App\\Models\\User', 1, 'auth_token', 'd3d91c30f4c334656e6494c4087dfa68d604f0d49fd58e72a3afb292593e28fa', '["*"]', '2023-01-20 17:39:13', NULL, '2023-01-20 17:26:17', '2023-01-20 17:39:13'),
	(168, 'App\\Models\\User', 1, 'auth_token', '533cd919fa3718b448746ace1c4db9ebb03bc01dcf433325bca0b080a6ca4b5c', '["*"]', '2023-01-20 17:42:48', NULL, '2023-01-20 17:40:52', '2023-01-20 17:42:48'),
	(169, 'App\\Models\\User', 1, 'auth_token', '00ab1e586e75181cc361bbe0a6b494477837859c28430cd55aaf0044492d0659', '["*"]', '2023-01-20 18:36:29', NULL, '2023-01-20 18:03:42', '2023-01-20 18:36:29'),
	(170, 'App\\Models\\User', 1, 'auth_token', '29eebdfbe694c7e3318c3ce2f3f4521a055010a56491ac67c391c5bd01aaabfd', '["*"]', '2023-01-20 18:38:11', NULL, '2023-01-20 18:37:56', '2023-01-20 18:38:12'),
	(171, 'App\\Models\\User', 1, 'auth_token', 'f8199b5ea64ccde2760256d12c3f02b8e4f61caf738eaa28da42d4d58deb8f8f', '["*"]', '2023-01-20 18:44:04', NULL, '2023-01-20 18:40:40', '2023-01-20 18:44:04'),
	(172, 'App\\Models\\User', 1, 'auth_token', '817e145d411fb0dab02f6975395577612b5dfc864340dd5de839d968812ef121', '["*"]', '2023-01-20 23:25:42', NULL, '2023-01-20 18:46:54', '2023-01-20 23:25:42'),
	(173, 'App\\Models\\User', 1, 'auth_token', '745267284b1846d9970cb955e266d1ed515dd8d6b1e58956d89684ac24d7e907', '["*"]', '2023-01-22 05:24:13', NULL, '2023-01-22 05:05:36', '2023-01-22 05:24:13'),
	(174, 'App\\Models\\User', 1, 'auth_token', '1117eded01c263daa1b9d0d98efce162b92d277ede1c176907cc075dfac924cf', '["*"]', '2023-01-22 07:28:42', NULL, '2023-01-22 05:28:33', '2023-01-22 07:28:42'),
	(175, 'App\\Models\\User', 1, 'auth_token', 'dca758ffc29ed43f163dc72e036dc2bdd0ea34f2dddb68fadd9f2629c29462e2', '["*"]', '2023-01-22 07:48:57', NULL, '2023-01-22 07:29:03', '2023-01-22 07:48:57'),
	(176, 'App\\Models\\User', 1, 'auth_token', '7a74a37863d71209edbff3fc8532652077dde778c54b4804f3ab7ab6ba166fbc', '["*"]', '2023-01-22 07:49:39', NULL, '2023-01-22 07:49:16', '2023-01-22 07:49:39'),
	(177, 'App\\Models\\User', 1, 'auth_token', 'aad443c561840ac81336dbe32fd171d5432983cf45ec871061fdd25244631cf8', '["*"]', '2023-01-22 07:52:49', NULL, '2023-01-22 07:52:22', '2023-01-22 07:52:49'),
	(178, 'App\\Models\\User', 1, 'auth_token', '4a987e2edbf392afdb2f9990587e349a755e56ab36a1b55d9bfd7dd3fc669c50', '["*"]', '2023-01-22 07:55:16', NULL, '2023-01-22 07:54:01', '2023-01-22 07:55:16'),
	(179, 'App\\Models\\User', 1, 'auth_token', 'f1eff665e3ed9baf2db299e5753268bffa5e3a29545dcacda378b1e7fea474f4', '["*"]', '2023-01-22 15:55:02', NULL, '2023-01-22 07:56:45', '2023-01-22 15:55:02'),
	(180, 'App\\Models\\User', 1, 'auth_token', 'd8e2c8e602d47d55b668b31b94fa52cca51f1fd1127c525506109718f6860e0c', '["*"]', '2023-01-22 16:08:54', NULL, '2023-01-22 15:57:00', '2023-01-22 16:08:54'),
	(181, 'App\\Models\\User', 1, 'auth_token', '0a9e391da623af778e6be663a36936213c9c077ff03e880ba8696799fb95f842', '["*"]', '2023-01-22 16:25:06', NULL, '2023-01-22 16:21:08', '2023-01-22 16:25:06'),
	(182, 'App\\Models\\User', 1, 'auth_token', '3a632781791658086100c9594d56345e14dc46f2e401a3c9ff3b581adda435bd', '["*"]', '2023-01-22 16:41:10', NULL, '2023-01-22 16:33:21', '2023-01-22 16:41:10'),
	(183, 'App\\Models\\User', 1, 'auth_token', 'f36b7bac09398241e2392a1ff64eb33be0883cd4f17d4798f2be1503038fdb0c', '["*"]', '2023-01-22 16:49:56', NULL, '2023-01-22 16:43:40', '2023-01-22 16:49:56'),
	(184, 'App\\Models\\User', 1, 'auth_token', 'ab874e32b39536dc38614bf251af1ef6918906516e2dd8012154d9f8360a02bb', '["*"]', '2023-01-22 16:55:05', NULL, '2023-01-22 16:54:49', '2023-01-22 16:55:05'),
	(185, 'App\\Models\\User', 1, 'auth_token', '265e2675e7130ab0e32b32774fd4260fbecf9c714bce18f58cd6d1812e8c9396', '["*"]', '2023-01-22 16:56:18', NULL, '2023-01-22 16:56:01', '2023-01-22 16:56:18'),
	(186, 'App\\Models\\User', 1, 'auth_token', '1c64f8f181e4c044e56405cdb7452b078f2cdb5df1a93c307bc15b4ef99f9c2c', '["*"]', '2023-01-22 16:57:24', NULL, '2023-01-22 16:57:09', '2023-01-22 16:57:24'),
	(187, 'App\\Models\\User', 1, 'auth_token', 'f4d98e7c33c37dc3dbf55e4790c8c7c582d74051273d72e214eb06061c6c1b0f', '["*"]', '2023-01-22 16:59:45', NULL, '2023-01-22 16:59:31', '2023-01-22 16:59:45'),
	(188, 'App\\Models\\User', 1, 'auth_token', '1e65a0e1b02beca111bfc1eb9de894b23c5270ac1378fef543a667eb0f27872a', '["*"]', '2023-01-22 17:00:58', NULL, '2023-01-22 17:00:44', '2023-01-22 17:00:58'),
	(189, 'App\\Models\\User', 1, 'auth_token', '752dd27abd6e67b153ba753e60525ea4495c0d4cbfd2bfbc5032c7c31cc93bea', '["*"]', '2023-01-22 17:04:12', NULL, '2023-01-22 17:01:29', '2023-01-22 17:04:12'),
	(190, 'App\\Models\\User', 1, 'auth_token', '683d229f73419038cb90065e06eadf8facd0694dae39845141d79d4f93c40ec2', '["*"]', '2023-01-23 03:16:38', NULL, '2023-01-22 17:07:10', '2023-01-23 03:16:38'),
	(191, 'App\\Models\\User', 1, 'auth_token', '3bafcc32cf5c59058e1ec124b36377ec03123c2370f911813bdc12c959eb1e23', '["*"]', '2023-01-23 05:46:59', NULL, '2023-01-23 03:27:50', '2023-01-23 05:46:59'),
	(192, 'App\\Models\\User', 1, 'auth_token', 'c82bdcf5716214aa15b82977b28228222f71d7e93733a8610e1aac35b5ad8ab9', '["*"]', '2023-01-23 08:36:51', NULL, '2023-01-23 05:47:13', '2023-01-23 08:36:52'),
	(193, 'App\\Models\\User', 1, 'auth_token', '8ac4a174fcec77773d0a5a9bfc541169837305fbd5e4eda74003c024a706107d', '["*"]', '2023-01-23 09:16:32', NULL, '2023-01-23 08:38:48', '2023-01-23 09:16:32'),
	(194, 'App\\Models\\User', 1, 'auth_token', '4cef9ef5c07eac3b53cc197c16121707f7ac7dd8d31e07c06a601c648477fa71', '["*"]', '2023-01-23 09:52:59', NULL, '2023-01-23 09:28:48', '2023-01-23 09:52:59'),
	(195, 'App\\Models\\User', 1, 'auth_token', '20e235d7eb03a3bf15d5c6d55f7d7722780caa7c0b066fe281179065846909c4', '["*"]', '2023-01-23 18:52:56', NULL, '2023-01-23 17:17:16', '2023-01-23 18:52:56'),
	(196, 'App\\Models\\User', 1, 'auth_token', '4969538fe527a0181ecb70ab04188f166ea2a53a136849808f7c599a4becdf66', '["*"]', '2023-01-23 19:48:31', NULL, '2023-01-23 19:47:43', '2023-01-23 19:48:31'),
	(197, 'App\\Models\\User', 1, 'auth_token', 'ba64200c0800e9cb55c8e00bb05090cb15dcb5233090f110f783c2ec19b0e313', '["*"]', '2023-01-23 20:14:27', NULL, '2023-01-23 19:56:17', '2023-01-23 20:14:27'),
	(198, 'App\\Models\\User', 1, 'auth_token', '0e52acf5a942f72eebc828f1cef41ef248c426d3245c57d8cfdafcacc61e0e4b', '["*"]', '2023-01-24 01:11:39', NULL, '2023-01-24 01:10:25', '2023-01-24 01:11:39'),
	(199, 'App\\Models\\User', 1, 'auth_token', 'b24e4e94942b2fdc10239a6cd16433dab66fb45c98fb6b0c7e81391edbb81cb4', '["*"]', '2023-01-24 01:14:22', NULL, '2023-01-24 01:13:40', '2023-01-24 01:14:22'),
	(200, 'App\\Models\\User', 1, 'auth_token', '74f8366b135e780d7ac49bb358540ab84e0de4af19823621522897b42f211918', '["*"]', '2023-01-24 01:30:14', NULL, '2023-01-24 01:29:46', '2023-01-24 01:30:14'),
	(201, 'App\\Models\\User', 1, 'auth_token', 'be45e69538f1a5b724a17913eecb6acb9b160f2f263c8b8210f1e5635eb6aa74', '["*"]', '2023-01-24 01:35:23', NULL, '2023-01-24 01:34:56', '2023-01-24 01:35:23'),
	(202, 'App\\Models\\User', 1, 'auth_token', 'c16c58e26a8a544ac76b48364a9c1bd43718f95eb9fe9d33e41e438dce455104', '["*"]', '2023-01-24 01:50:45', NULL, '2023-01-24 01:49:34', '2023-01-24 01:50:45'),
	(203, 'App\\Models\\User', 1, 'auth_token', '485937a1068078f6a5727b73ce5fc6c075a5aebdeb74f87675b6ea495626d9c7', '["*"]', '2023-01-24 01:53:00', NULL, '2023-01-24 01:52:17', '2023-01-24 01:53:00'),
	(204, 'App\\Models\\User', 1, 'auth_token', '07ef8f01ebe13be75b243dee01053e231157727cbf32f14de077d353082ad6c2', '["*"]', '2023-01-24 01:58:09', NULL, '2023-01-24 01:57:09', '2023-01-24 01:58:09'),
	(205, 'App\\Models\\User', 1, 'auth_token', '594c4d1a444f0e831a6cee0a6cb0395c9123904a64edcf3f57e6abac6807f9aa', '["*"]', '2023-01-24 02:28:25', NULL, '2023-01-24 02:07:21', '2023-01-24 02:28:25'),
	(206, 'App\\Models\\User', 1, 'auth_token', 'd3cf52815f13d7062d2e0a8799dcea69c951ebad526060b30a67330d21d5f5c6', '["*"]', '2023-01-24 02:50:14', NULL, '2023-01-24 02:31:21', '2023-01-24 02:50:14'),
	(207, 'App\\Models\\User', 1, 'auth_token', '9c92c752f3aa43a015ccc66cfadd6bb06bf8086d485ab4b229adbc9d04a4a1af', '["*"]', '2023-01-24 03:08:40', NULL, '2023-01-24 03:08:20', '2023-01-24 03:08:40'),
	(208, 'App\\Models\\User', 1, 'auth_token', 'f4abf46c8cebc25479fbbb96b0cbf426db1093dc88b1ea1cc1ccb987509db33f', '["*"]', '2023-01-24 03:12:36', NULL, '2023-01-24 03:09:59', '2023-01-24 03:12:36'),
	(209, 'App\\Models\\User', 1, 'auth_token', '00a7c22bbe687b9336e45f39a383c16f9041bf5711caf4c6e357e28d25542197', '["*"]', '2023-01-24 20:39:00', NULL, '2023-01-24 19:36:39', '2023-01-24 20:39:00'),
	(210, 'App\\Models\\User', 1, 'auth_token', '5fe4229a232d08a0845ae83246342158a67e6f079426306ee899056558e6dcf1', '["*"]', '2023-01-25 01:01:33', NULL, '2023-01-25 01:01:12', '2023-01-25 01:01:33'),
	(211, 'App\\Models\\User', 1, 'auth_token', 'e3662a8bfa50efb93c08897d3a8924e18adb293d34f98bf6c10ac57cdb94d2dd', '["*"]', '2023-01-25 01:28:15', NULL, '2023-01-25 01:03:36', '2023-01-25 01:28:15'),
	(212, 'App\\Models\\User', 1, 'auth_token', '2d911465f3c3b21c529617009f3d045b06a585a500c320c6c4372dcb526bc804', '["*"]', '2023-01-27 01:20:03', NULL, '2023-01-27 00:53:44', '2023-01-27 01:20:03'),
	(213, 'App\\Models\\User', 1, 'auth_token', 'b82316425df6f3c8505e00ed655d2eec765ede027dedec408e715dff1bbc62df', '["*"]', '2023-01-27 01:43:03', NULL, '2023-01-27 01:38:34', '2023-01-27 01:43:03'),
	(214, 'App\\Models\\User', 1, 'auth_token', 'a658f1338fddda4fe2db1aa5a0b6fc5e86a1625fd93a8508a95ea08f59e4e20e', '["*"]', '2023-01-27 19:04:27', NULL, '2023-01-27 18:43:22', '2023-01-27 19:04:27'),
	(215, 'App\\Models\\User', 1, 'auth_token', '5a6d5278baca15d04bd29c0fb2a3d1b41d42ad1cf6488ee692f97e4efcbe726d', '["*"]', '2023-01-27 19:06:39', NULL, '2023-01-27 19:04:52', '2023-01-27 19:06:39'),
	(216, 'App\\Models\\User', 1, 'auth_token', '037b5369dfe051cc37eebbfdf7766a5debc60c933819ca56dd00016ed3f12fa8', '["*"]', '2023-01-27 19:08:16', NULL, '2023-01-27 19:07:55', '2023-01-27 19:08:16'),
	(217, 'App\\Models\\User', 1, 'auth_token', '0019720cadda940c4a13da689a74dfa1a9c10fbbdec0cd3fe0f9b643f3eb7c45', '["*"]', '2023-01-27 19:45:28', NULL, '2023-01-27 19:16:20', '2023-01-27 19:45:28'),
	(218, 'App\\Models\\User', 1, 'auth_token', 'b7981a20f564e658ad037f444924901af4e25a3a317c135cae819e1074a740d9', '["*"]', '2023-01-27 19:47:08', NULL, '2023-01-27 19:46:22', '2023-01-27 19:47:08'),
	(219, 'App\\Models\\User', 1, 'auth_token', '038c70995d45e1926eaf0d76b3b53424079a57e380ffe7b2b75593d5e8e09fcc', '["*"]', '2023-01-27 19:59:25', NULL, '2023-01-27 19:52:43', '2023-01-27 19:59:25'),
	(220, 'App\\Models\\User', 1, 'auth_token', 'bae516b09cafae824c4ed1f33b53a145f43f5c99269b0486f06ba7d24c73f396', '["*"]', '2023-01-27 22:22:25', NULL, '2023-01-27 22:21:15', '2023-01-27 22:22:25'),
	(221, 'App\\Models\\User', 1, 'auth_token', '9510e451c3e8a4549a73266e549eaf134fc98da9523fef53a83eacbeebaecbf3', '["*"]', '2023-01-29 08:45:26', NULL, '2023-01-29 08:45:08', '2023-01-29 08:45:26'),
	(222, 'App\\Models\\User', 1, 'auth_token', '4c15a1c51e99e7acc2d5da95759ea61c3e4d1c3a6d8d145c35e07151726b31a8', '["*"]', '2023-01-29 21:24:57', NULL, '2023-01-29 08:46:31', '2023-01-29 21:24:57'),
	(223, 'App\\Models\\User', 1, 'auth_token', '1e8186c99d335c462a3b0d49ff3d893e0df2ff7d545399153a8e86deab316e84', '["*"]', '2023-01-30 09:05:54', NULL, '2023-01-30 08:59:33', '2023-01-30 09:05:54'),
	(224, 'App\\Models\\User', 1, 'auth_token', '1ebad1eb4baf6e2baac0204a71b3aa44be44c071e2b7e1f2152954733661260b', '["*"]', '2023-01-30 09:24:08', NULL, '2023-01-30 09:23:44', '2023-01-30 09:24:08'),
	(225, 'App\\Models\\User', 1, 'auth_token', '49a1eb23787ef4058df3f2e075ab95ff22e3376c60894ba2237a4854a3cc0dcd', '["*"]', '2023-01-30 09:31:50', NULL, '2023-01-30 09:30:34', '2023-01-30 09:31:50'),
	(226, 'App\\Models\\User', 1, 'auth_token', 'caa5fa85d00f28ed30c256a9c899b31073928e16c3b273a747d4811090aee923', '["*"]', '2023-01-30 22:11:04', NULL, '2023-01-30 22:10:07', '2023-01-30 22:11:04'),
	(227, 'App\\Models\\User', 1, 'auth_token', '6fa5ae535b8b17c01cd4dbc713a6561620cbb640a42dfc084a149123f23e6221', '["*"]', '2023-01-31 01:31:11', NULL, '2023-01-31 01:25:06', '2023-01-31 01:31:11'),
	(228, 'App\\Models\\User', 1, 'auth_token', '501507adf4845552db0ecb9862fce6e881648dee9569f0c45f3fe3d72508a714', '["*"]', '2023-01-31 01:56:51', NULL, '2023-01-31 01:53:02', '2023-01-31 01:56:51'),
	(229, 'App\\Models\\User', 1, 'auth_token', '9e721780ddd542a18aa9ea509fe1893dfa2b1408064d59b9209892f0a486d032', '["*"]', '2023-01-31 03:27:54', NULL, '2023-01-31 03:26:33', '2023-01-31 03:27:54'),
	(230, 'App\\Models\\User', 1, 'auth_token', '6c7ed98242deb9c281d64f94058e227860be8858dd9c8520fcc82c9a711a94b7', '["*"]', '2023-01-31 19:38:05', NULL, '2023-01-31 17:09:05', '2023-01-31 19:38:05'),
	(231, 'App\\Models\\User', 1, 'auth_token', 'c8feb7a80aef9f65837f51a2c833bb7c21fa296aa91b9e83f84b244ac19fdbd2', '["*"]', '2023-01-31 19:56:36', NULL, '2023-01-31 19:55:48', '2023-01-31 19:56:36'),
	(232, 'App\\Models\\User', 1, 'auth_token', '4fb7235dd08e6810d4f006195b56cd801558ba13dab8aece782f3aa06210a8d9', '["*"]', '2023-01-31 20:23:17', NULL, '2023-01-31 20:21:03', '2023-01-31 20:23:17'),
	(233, 'App\\Models\\User', 1, 'auth_token', '4a8505f648d60aaed161c6c3c5d07c75f5920dd273a36bb5efd26c6f5030f05b', '["*"]', '2023-01-31 20:32:20', NULL, '2023-01-31 20:31:57', '2023-01-31 20:32:20'),
	(234, 'App\\Models\\User', 1, 'auth_token', 'd51bf93169c6a36390d82fe9d055932b83e47c58bff2b311b4df843bcf93601d', '["*"]', '2023-01-31 20:36:42', NULL, '2023-01-31 20:36:20', '2023-01-31 20:36:42'),
	(235, 'App\\Models\\User', 1, 'auth_token', '5a9e683ec99be48326e1906bfd4aefd1ee5ec9857063a815ef21a682bd7b2b20', '["*"]', '2023-01-31 20:38:30', NULL, '2023-01-31 20:38:08', '2023-01-31 20:38:30'),
	(236, 'App\\Models\\User', 1, 'auth_token', '0c6ff5e0ac807810978b8af8f08560e8661d53daec86c7ab9ace1f9bc7e061da', '["*"]', '2023-01-31 21:26:41', NULL, '2023-01-31 21:26:25', '2023-01-31 21:26:41'),
	(237, 'App\\Models\\User', 1, 'auth_token', '83a79110369735c96702a1b37324f551914a74274c60ec54d42c7e1fe10801ca', '["*"]', '2023-02-02 01:42:17', NULL, '2023-02-02 01:16:46', '2023-02-02 01:42:17'),
	(238, 'App\\Models\\User', 1, 'auth_token', '7becf32784a3600615cebe2d6fa7f07951af91caca4d7a628a96349079b8d17e', '["*"]', '2023-02-02 02:18:48', NULL, '2023-02-02 02:18:26', '2023-02-02 02:18:48'),
	(239, 'App\\Models\\User', 1, 'auth_token', '87719b241ebb250e96f34f77d1e9be1614e15589f9c90aaff0ee77f8afa5aafa', '["*"]', '2023-02-02 04:40:23', NULL, '2023-02-02 04:39:43', '2023-02-02 04:40:23'),
	(240, 'App\\Models\\User', 1, 'auth_token', '4d293426d66ec865cc6ef43b533ef3287fb5932a014cca864d2a7bec2eb8c096', '["*"]', '2023-02-02 04:48:11', NULL, '2023-02-02 04:47:43', '2023-02-02 04:48:11'),
	(241, 'App\\Models\\User', 1, 'auth_token', '405044142a23b2fe09c882325930687da06abfe14afbfc6a47a55672f9c47bb6', '["*"]', '2023-02-02 04:53:17', NULL, '2023-02-02 04:52:58', '2023-02-02 04:53:17'),
	(242, 'App\\Models\\User', 1, 'auth_token', 'b73aa8416ea15692618d0b5ecb4383efa4f9ad9403bc1e39aa210414dce04bf1', '["*"]', '2023-02-02 04:58:27', NULL, '2023-02-02 04:58:09', '2023-02-02 04:58:27'),
	(243, 'App\\Models\\User', 1, 'auth_token', '372935d4f51f09bacd1da358a182b28296d0a075211686e7ac509e58bfbb88d7', '["*"]', '2023-02-02 05:02:33', NULL, '2023-02-02 04:59:12', '2023-02-02 05:02:33'),
	(244, 'App\\Models\\User', 1, 'auth_token', '68798103ef3b964b9b8e8970185712e293789661a2b825b8211af17bd95fdfc4', '["*"]', '2023-02-02 05:04:07', NULL, '2023-02-02 05:03:48', '2023-02-02 05:04:07'),
	(245, 'App\\Models\\User', 1, 'auth_token', '88677c335d900cb0a951daacf2365d8963434a313d2b56d643519890475d3310', '["*"]', '2023-02-02 08:04:42', NULL, '2023-02-02 05:12:33', '2023-02-02 08:04:42'),
	(246, 'App\\Models\\User', 1, 'auth_token', '2783e427f6ec68b31282c6d4208c374bc82069aa797823d744849a923aad2097', '["*"]', '2023-02-02 08:19:49', NULL, '2023-02-02 08:19:28', '2023-02-02 08:19:49'),
	(247, 'App\\Models\\User', 1, 'auth_token', '2b9418c63eaa3d2919b4ae30288e28e05fdb23f4a0844b9464f6742d72d6f653', '["*"]', '2023-02-02 08:25:46', NULL, '2023-02-02 08:25:25', '2023-02-02 08:25:46'),
	(248, 'App\\Models\\User', 1, 'auth_token', 'f572c96fd6181b1a514bdcff48d9340a9b4f9bc7f54f62caed419c2000c76f9d', '["*"]', '2023-02-02 09:07:09', NULL, '2023-02-02 09:06:50', '2023-02-02 09:07:09'),
	(249, 'App\\Models\\User', 1, 'auth_token', '5f055f366b324b5d7acf4836971d16f971fdf3080dec3387d3a3de84d2006b42', '["*"]', '2023-02-02 09:12:52', NULL, '2023-02-02 09:12:34', '2023-02-02 09:12:52'),
	(250, 'App\\Models\\User', 1, 'auth_token', '48059d513a3b6993bf1018d1e9e6709a2e8149d0f996215006be7f70705967db', '["*"]', '2023-02-02 09:16:48', NULL, '2023-02-02 09:16:00', '2023-02-02 09:16:48'),
	(251, 'App\\Models\\User', 1, 'auth_token', '532d1a5d9cb7652fa084479cc8f0ae16f6e5a75e4de9fd9245b803a9998d1b1c', '["*"]', '2023-02-02 09:19:57', NULL, '2023-02-02 09:19:33', '2023-02-02 09:19:57'),
	(252, 'App\\Models\\User', 1, 'auth_token', 'a83300db64e0193067f22ca1e9d746e2b8100c6a2a1c17ff84ba9eadd33dc09d', '["*"]', '2023-02-02 09:29:38', NULL, '2023-02-02 09:29:20', '2023-02-02 09:29:38'),
	(253, 'App\\Models\\User', 1, 'auth_token', '47323ec459729a9a72e143b45857ab3e3615a70ee1afa9012881218f1273cec6', '["*"]', '2023-02-02 09:31:53', NULL, '2023-02-02 09:31:15', '2023-02-02 09:31:53'),
	(254, 'App\\Models\\User', 1, 'auth_token', '1ccbc0abf61fb88bf61d6aa3c67038da8623af07c925c50ac8f70afd9dd2dfbc', '["*"]', '2023-02-02 09:34:06', NULL, '2023-02-02 09:33:48', '2023-02-02 09:34:06'),
	(255, 'App\\Models\\User', 1, 'auth_token', 'd94e4f272994de6854a1514f92f719dfb56dc75ef620fae92a14d340370866ca', '["*"]', '2023-02-02 09:34:44', NULL, '2023-02-02 09:34:26', '2023-02-02 09:34:44'),
	(256, 'App\\Models\\User', 1, 'auth_token', 'e961b2847297fd086e30e72bbff718dd99edf9d0fa240bbe9f589804ef32e1ff', '["*"]', '2023-02-02 09:36:28', NULL, '2023-02-02 09:36:11', '2023-02-02 09:36:28'),
	(257, 'App\\Models\\User', 1, 'auth_token', 'c5bcac39eb4c6f454cb5ea6a1a08c8c879735cd64c27fef1f4751830015644c4', '["*"]', '2023-02-02 09:38:09', NULL, '2023-02-02 09:37:53', '2023-02-02 09:38:09'),
	(258, 'App\\Models\\User', 1, 'auth_token', '49579f6ad472015ebe52f8eabe9fc2c1838383b773a8970d3c6517e167239d2c', '["*"]', '2023-02-02 09:39:27', NULL, '2023-02-02 09:39:11', '2023-02-02 09:39:27'),
	(259, 'App\\Models\\User', 1, 'auth_token', 'a9ac5edd6b81b3aaa255c666b1f756cd2469da0aafce7d4cbe789714ecc621e2', '["*"]', '2023-02-02 09:41:20', NULL, '2023-02-02 09:41:03', '2023-02-02 09:41:20'),
	(260, 'App\\Models\\User', 1, 'auth_token', '36a32a6ae6cabc556d706978ecf3f8df3728e0f233e59a80f95a2fde10b382e6', '["*"]', '2023-02-02 19:11:34', NULL, '2023-02-02 19:11:02', '2023-02-02 19:11:34'),
	(261, 'App\\Models\\User', 1, 'auth_token', '9203f2c8fa50a7007d7211616d638376e5a8ce17ad00c44fcbfc3632887b3802', '["*"]', '2023-02-02 19:19:06', NULL, '2023-02-02 19:18:18', '2023-02-02 19:19:06'),
	(262, 'App\\Models\\User', 1, 'auth_token', 'b2f2add0fa2fbda046be64bc0005d4dd85a9ef3a7275066e8ba2ab3834c51bba', '["*"]', '2023-02-02 21:21:20', NULL, '2023-02-02 21:20:58', '2023-02-02 21:21:20'),
	(263, 'App\\Models\\User', 1, 'auth_token', '7fb9d4759cc425d8d3422b4ad145ff459d147cb8f80bde78b84ab149db1c2bbb', '["*"]', '2023-02-02 21:22:52', NULL, '2023-02-02 21:22:37', '2023-02-02 21:22:52'),
	(264, 'App\\Models\\User', 1, 'auth_token', '335993c72ec326abbaa327accb3709934bae57c790eb50429e2f94a0526e12a2', '["*"]', '2023-02-02 21:26:51', NULL, '2023-02-02 21:26:36', '2023-02-02 21:26:51'),
	(265, 'App\\Models\\User', 1, 'auth_token', '827364c368b12b00caba4d06446b20587242349d223895c1446cd6d44667e749', '["*"]', '2023-02-02 21:34:25', NULL, '2023-02-02 21:34:02', '2023-02-02 21:34:25'),
	(266, 'App\\Models\\User', 1, 'auth_token', '5ae062b5b896368c21c6aebbc1f77328eff63cb1eca5b1fcfb80528f3efe713e', '["*"]', '2023-02-02 21:42:28', NULL, '2023-02-02 21:41:44', '2023-02-02 21:42:28'),
	(267, 'App\\Models\\User', 1, 'auth_token', '9e677e1cfa2881e8dd7d6ba9c300ef6e5fcd57a45c238be5d21dcff45f39b183', '["*"]', '2023-02-02 21:44:17', NULL, '2023-02-02 21:44:02', '2023-02-02 21:44:17'),
	(268, 'App\\Models\\User', 1, 'auth_token', '5ce773d7c987c1c8fde9994b1656edca0d40e69c912f15c46bfed5fe0ffb4b64', '["*"]', '2023-02-02 21:45:39', NULL, '2023-02-02 21:44:49', '2023-02-02 21:45:39'),
	(269, 'App\\Models\\User', 1, 'auth_token', '7a37c2e7981ef4970f2c98561bd3603c3b304a54870d8cab35d1c56373d91dd0', '["*"]', '2023-02-03 00:17:15', NULL, '2023-02-02 21:47:12', '2023-02-03 00:17:15'),
	(270, 'App\\Models\\User', 1, 'auth_token', '3b47c038b09e52865029ed8b169409453130fc25f14987e15795959f116539ba', '["*"]', '2023-02-03 00:23:02', NULL, '2023-02-03 00:22:45', '2023-02-03 00:23:02'),
	(271, 'App\\Models\\User', 1, 'auth_token', 'ce7f9def3a1fce8169c6b93153cca4f94ba346fbb0448abf63642ae5de86be58', '["*"]', '2023-02-03 00:24:07', NULL, '2023-02-03 00:23:35', '2023-02-03 00:24:07'),
	(272, 'App\\Models\\User', 1, 'auth_token', 'c7e0f1b890ca4fbd97dcdf08d50aa6eade169e1984fec68d31d21b23d9201d77', '["*"]', '2023-02-03 00:26:26', NULL, '2023-02-03 00:26:10', '2023-02-03 00:26:26'),
	(273, 'App\\Models\\User', 1, 'auth_token', '0576a858ccc56416ff0f9b00c4fa67a26df07be14a14a8e6477a32147f15375b', '["*"]', '2023-02-03 00:27:34', NULL, '2023-02-03 00:27:12', '2023-02-03 00:27:34'),
	(274, 'App\\Models\\User', 1, 'auth_token', 'da18173c94feeef2e37ec58358000bdfff4854dd313ab3e131ab46d8d966814f', '["*"]', '2023-02-03 00:29:13', NULL, '2023-02-03 00:28:57', '2023-02-03 00:29:13'),
	(275, 'App\\Models\\User', 1, 'auth_token', 'b5fee8a6e030c7883bd4666f69577846df8de512baa4851222a3226f6188c39e', '["*"]', '2023-02-03 00:30:02', NULL, '2023-02-03 00:29:47', '2023-02-03 00:30:03'),
	(276, 'App\\Models\\User', 1, 'auth_token', '50eba6f749bb29e7e80fa173cbcba11737397e2883875b283f29821565ca60a7', '["*"]', '2023-02-03 00:31:32', NULL, '2023-02-03 00:31:15', '2023-02-03 00:31:32'),
	(277, 'App\\Models\\User', 1, 'auth_token', 'f1bb57c0fcea32ec970f4e6d54cef187e550c123bffc6195e18602ae50380da2', '["*"]', NULL, NULL, '2023-02-03 00:50:19', '2023-02-03 00:50:19'),
	(278, 'App\\Models\\User', 1, 'auth_token', '213be61da1aba14aa31ee2da6be632103a83de26417e73a9be92409cacc49026', '["*"]', '2023-02-03 00:51:00', NULL, '2023-02-03 00:50:43', '2023-02-03 00:51:00'),
	(279, 'App\\Models\\User', 1, 'auth_token', 'd50fbc50a608bed842d20d6ce7fb43330d0ca401080a1164796e6190141f1797', '["*"]', '2023-02-03 00:53:20', NULL, '2023-02-03 00:52:56', '2023-02-03 00:53:20'),
	(280, 'App\\Models\\User', 1, 'auth_token', '23d41537bac9ff23908c53bb362e37d562951881104929ebfe06f97d94eb9723', '["*"]', '2023-02-03 00:54:56', NULL, '2023-02-03 00:54:35', '2023-02-03 00:54:56'),
	(281, 'App\\Models\\User', 1, 'auth_token', 'a30a7ec4ef4e3be206ca516d9e3caafa07e87dfcf2d4349e8c962c92a09f6d34', '["*"]', '2023-02-03 01:01:17', NULL, '2023-02-03 01:01:04', '2023-02-03 01:01:17'),
	(282, 'App\\Models\\User', 1, 'auth_token', 'aa5708560eb710ae3114b4d1dad04a21f118aea8b823c39ce7eb93acf176d2f1', '["*"]', '2023-02-03 01:03:53', NULL, '2023-02-03 01:02:38', '2023-02-03 01:03:53'),
	(283, 'App\\Models\\User', 1, 'auth_token', 'd33e40d78fe7fc9988931f4d7fd80dddbf9e7125506fe1d6e0206aeb7901ecec', '["*"]', '2023-02-03 01:37:21', NULL, '2023-02-03 01:36:54', '2023-02-03 01:37:21'),
	(284, 'App\\Models\\User', 1, 'auth_token', 'cf5521b8b1cbfa954a967969c23e46d84cd51b1b261ce7e29e030f5224bd22b0', '["*"]', '2023-02-03 01:40:18', NULL, '2023-02-03 01:39:55', '2023-02-03 01:40:18'),
	(285, 'App\\Models\\User', 1, 'auth_token', '61006e8873c3878d1baf485be2208972a74302fb0c0d187c10aaabcefdd7bbdb', '["*"]', '2023-02-03 01:41:31', NULL, '2023-02-03 01:41:16', '2023-02-03 01:41:31'),
	(286, 'App\\Models\\User', 1, 'auth_token', '3cfe428f7856254a50caa4d6fa8879ae464de2c99f457437baa55c7a7fde590b', '["*"]', '2023-02-03 01:42:20', NULL, '2023-02-03 01:42:05', '2023-02-03 01:42:20'),
	(287, 'App\\Models\\User', 1, 'auth_token', '4fa2d5be246d4411cbc1f2313d4e5c1183b67d3960b84266c07f2b1ebccb1d73', '["*"]', '2023-02-03 01:44:43', NULL, '2023-02-03 01:43:01', '2023-02-03 01:44:44'),
	(288, 'App\\Models\\User', 1, 'auth_token', 'de2be4443dea8ab1b350157fbf24bed0f9f5e13e272c27e837294a2f871d8094', '["*"]', '2023-02-03 01:46:06', NULL, '2023-02-03 01:45:49', '2023-02-03 01:46:06'),
	(289, 'App\\Models\\User', 1, 'auth_token', '9dc4f8d53c6d0e4ea5b7a8b2039e21b226985de805f07911a3ebf8ef33960440', '["*"]', '2023-02-03 01:47:36', NULL, '2023-02-03 01:47:16', '2023-02-03 01:47:36'),
	(290, 'App\\Models\\User', 1, 'auth_token', '5a386acd6bf34085c623c5979f675004b36c2b1b5cd6e9dc212e9b54d9dbadd5', '["*"]', '2023-02-03 01:49:10', NULL, '2023-02-03 01:48:53', '2023-02-03 01:49:10'),
	(291, 'App\\Models\\User', 1, 'auth_token', 'e244644cb3e72d79592a5b177947f6cf91b53fdabe3bd1828d5386e928fab51e', '["*"]', '2023-02-03 01:54:07', NULL, '2023-02-03 01:53:52', '2023-02-03 01:54:07'),
	(292, 'App\\Models\\User', 1, 'auth_token', 'aba0a2ab24ff9270ce565c204ee7c59c0ac64e291611393ddefa606665cbdb90', '["*"]', '2023-02-03 03:11:11', NULL, '2023-02-03 03:09:57', '2023-02-03 03:11:11'),
	(293, 'App\\Models\\User', 1, 'auth_token', 'fabca3f28802acaf296706b11bd809c348e867f9fed2b2d4bd6fc8dc63e05686', '["*"]', '2023-02-03 03:13:17', NULL, '2023-02-03 03:12:55', '2023-02-03 03:13:17'),
	(294, 'App\\Models\\User', 1, 'auth_token', 'fefd77fbbe409ad255134608aff1dde9e42abea7a0cee2ca7da93fac774fb8c5', '["*"]', '2023-02-03 12:57:34', NULL, '2023-02-03 12:57:08', '2023-02-03 12:57:34'),
	(295, 'App\\Models\\User', 1, 'auth_token', '15881a5ad5513071ef03fbea78aee555f11ba374b21c9b8bdce156e0777069d1', '["*"]', '2023-02-03 12:59:09', NULL, '2023-02-03 12:58:46', '2023-02-03 12:59:09'),
	(296, 'App\\Models\\User', 1, 'auth_token', '41317a574a4d8142732c67a5ce7cdb5f34aac03ce70ae6c5f9ee2c493cc6ac28', '["*"]', '2023-02-03 13:02:51', NULL, '2023-02-03 13:02:26', '2023-02-03 13:02:51'),
	(297, 'App\\Models\\User', 1, 'auth_token', 'e16d7048ca757994c9ba77a18b46645af61e448a94568b0f70ee52bcfedff4d6', '["*"]', '2023-02-03 13:07:05', NULL, '2023-02-03 13:06:41', '2023-02-03 13:07:05'),
	(298, 'App\\Models\\User', 1, 'auth_token', '246ebd153e1c4b73f9ffc7f12065202e61b6cb50f58b646403727e12d29f8a1a', '["*"]', '2023-02-03 13:09:01', NULL, '2023-02-03 13:08:19', '2023-02-03 13:09:01'),
	(299, 'App\\Models\\User', 1, 'auth_token', 'e3bd78952e670da8e57a0c6feb5653ec5c3d32dffe7f62afcb412969248def17', '["*"]', '2023-02-03 13:11:12', NULL, '2023-02-03 13:10:41', '2023-02-03 13:11:12'),
	(300, 'App\\Models\\User', 1, 'auth_token', '709645cdea41b09cfc1dbaa46d2a45b2b6dd0eaa6fadf8ebe27bb2a9c0a2a907', '["*"]', '2023-02-03 13:13:51', NULL, '2023-02-03 13:13:28', '2023-02-03 13:13:51'),
	(301, 'App\\Models\\User', 1, 'auth_token', 'f99272ebdced19cea54d274adaa2e65f5ad3957d43dc3d08153f87e6646af24a', '["*"]', '2023-02-03 13:15:11', NULL, '2023-02-03 13:14:49', '2023-02-03 13:15:11'),
	(302, 'App\\Models\\User', 1, 'auth_token', 'e31162fcc28ba4899834dde2c5e732be1bb9c7490ad487689acb230ba66ef330', '["*"]', '2023-02-03 13:17:55', NULL, '2023-02-03 13:17:31', '2023-02-03 13:17:55'),
	(303, 'App\\Models\\User', 1, 'auth_token', 'ae773c9334fff52a0cc3e7a83389f1b8fbe13d5aa88b6cca0891e380c97b72cd', '["*"]', '2023-02-03 13:19:38', NULL, '2023-02-03 13:19:15', '2023-02-03 13:19:38'),
	(304, 'App\\Models\\User', 1, 'auth_token', '234e9e924617da5cf151843369c2e49275490a57db9d9eba8042619b061cbaa4', '["*"]', '2023-02-03 13:27:41', NULL, '2023-02-03 13:27:18', '2023-02-03 13:27:41'),
	(305, 'App\\Models\\User', 1, 'auth_token', 'b551fc0b4d98d8f4ccde29bd03d117ec6cddc4bcd22ad1ac446eea5947840c6b', '["*"]', '2023-02-03 13:29:27', NULL, '2023-02-03 13:29:02', '2023-02-03 13:29:27'),
	(306, 'App\\Models\\User', 1, 'auth_token', 'cc18e6930ff509beeb866740e3a3982ed01176968987f2408b574a62b58de830', '["*"]', '2023-02-03 13:31:51', NULL, '2023-02-03 13:31:06', '2023-02-03 13:31:51'),
	(307, 'App\\Models\\User', 1, 'auth_token', '72b4bd49534dd91ba25082fe7945bd2bc57172667d1243eab4d8a59fd906d823', '["*"]', '2023-02-03 13:33:48', NULL, '2023-02-03 13:33:25', '2023-02-03 13:33:48'),
	(308, 'App\\Models\\User', 1, 'auth_token', '0a97b5228163ad47ff05c9916bc67c66647fd06a6fb64d22fb14c1a6f6d142bd', '["*"]', '2023-02-03 13:35:30', NULL, '2023-02-03 13:35:07', '2023-02-03 13:35:30'),
	(309, 'App\\Models\\User', 1, 'auth_token', 'd895512df407d0205ecc385e73239f74aaa881de6d70e11efb2bc8b21dcdbc31', '["*"]', '2023-02-03 13:38:03', NULL, '2023-02-03 13:37:41', '2023-02-03 13:38:03'),
	(310, 'App\\Models\\User', 1, 'auth_token', '45da3ae14d50f2535f5ef3e463cade8003ad375cce12cf964d446c8cbab5eb0b', '["*"]', '2023-02-03 13:39:45', NULL, '2023-02-03 13:39:15', '2023-02-03 13:39:45'),
	(311, 'App\\Models\\User', 1, 'auth_token', 'ea22a46362aa9b4354afa67d255c743f3cc1a18dd422f9df2dabac758019bf2a', '["*"]', '2023-02-03 13:50:44', NULL, '2023-02-03 13:50:18', '2023-02-03 13:50:44'),
	(312, 'App\\Models\\User', 1, 'auth_token', '99c6c87714170b08859e0fe361d2c1c8799814fe2d10e13a958f26085b6ec04e', '["*"]', '2023-02-03 13:55:11', NULL, '2023-02-03 13:54:46', '2023-02-03 13:55:11'),
	(313, 'App\\Models\\User', 1, 'auth_token', 'f235fc0f9508806c80e2e26c1dbeb3e244a5d6c4a864ff0dcebfe3ce4cd50fcf', '["*"]', '2023-02-03 14:17:49', NULL, '2023-02-03 14:17:21', '2023-02-03 14:17:49'),
	(314, 'App\\Models\\User', 1, 'auth_token', '24b49b3d3cb68ff05528ead9a85a948f9905aa0b113a366945643c53da898c41', '["*"]', '2023-02-03 14:22:01', NULL, '2023-02-03 14:18:56', '2023-02-03 14:22:01'),
	(315, 'App\\Models\\User', 1, 'auth_token', 'eafa5b17bf02364b69e1667ca4589b316e5fbaf2dbe40c4600184643067ef535', '["*"]', '2023-02-03 14:25:19', NULL, '2023-02-03 14:24:48', '2023-02-03 14:25:19'),
	(316, 'App\\Models\\User', 1, 'auth_token', 'f4c98786f431535497c56e4cb1ab62aeffe9b4dd43921aa8f1eca6134752cc7c', '["*"]', '2023-02-03 14:30:55', NULL, '2023-02-03 14:28:20', '2023-02-03 14:30:55'),
	(317, 'App\\Models\\User', 1, 'auth_token', '8e2a4a6d8fe2ec2909bfca0aa0b74828785377f5d8e3ce959d590f73f531c6fd', '["*"]', '2023-02-03 14:35:31', NULL, '2023-02-03 14:35:08', '2023-02-03 14:35:31'),
	(318, 'App\\Models\\User', 1, 'auth_token', '0ba62ba8e6457368129ca480931c307026b2ba023f2615d89747cfd36815d60d', '["*"]', '2023-02-03 14:38:53', NULL, '2023-02-03 14:38:29', '2023-02-03 14:38:53'),
	(319, 'App\\Models\\User', 1, 'auth_token', 'a7ab0c387f3fc76541e7f768002fa9c4b7afd4c1ae3d733d26ee463a3e307f76', '["*"]', '2023-02-03 14:41:32', NULL, '2023-02-03 14:40:58', '2023-02-03 14:41:32'),
	(320, 'App\\Models\\User', 1, 'auth_token', 'b87eb8566302738939a5c3b96bce388ae32bc570b616e5b4423806eadf201099', '["*"]', '2023-02-03 14:46:39', NULL, '2023-02-03 14:44:18', '2023-02-03 14:46:39'),
	(321, 'App\\Models\\User', 1, 'auth_token', '4e296920cf2c5a054a49ddcc81e186721bed2401e18a206d8b575e3e21b06c19', '["*"]', '2023-02-03 14:49:38', NULL, '2023-02-03 14:48:47', '2023-02-03 14:49:38'),
	(322, 'App\\Models\\User', 1, 'auth_token', '2f45a5776287bc79b1e55adca567d4261facdc2a393e20462788e4b38f31f2dd', '["*"]', '2023-02-03 14:54:30', NULL, '2023-02-03 14:54:05', '2023-02-03 14:54:30'),
	(323, 'App\\Models\\User', 1, 'auth_token', '6875f0979739456f681121b4afeefe7948315aae294a8aa04991e38be4b10c05', '["*"]', '2023-02-03 15:02:41', NULL, '2023-02-03 15:02:09', '2023-02-03 15:02:41'),
	(324, 'App\\Models\\User', 1, 'auth_token', '3229a660bdb2c5fe280e35903dcfa9c4a6f390ea321eded4e1a8e0c0911d8698', '["*"]', '2023-02-03 15:04:34', NULL, '2023-02-03 15:04:10', '2023-02-03 15:04:34'),
	(325, 'App\\Models\\User', 1, 'auth_token', '5ae3a54089d9dbd14aa3c693637da6db3f06460244e12ccd4ec748ea03f8c487', '["*"]', '2023-02-03 15:09:22', NULL, '2023-02-03 15:09:01', '2023-02-03 15:09:22'),
	(326, 'App\\Models\\User', 1, 'auth_token', 'd579af18699db4a18385a2d3279f2526be95e9463a3e04d4cbdbe9b32c46aeb1', '["*"]', '2023-02-03 15:13:19', NULL, '2023-02-03 15:12:55', '2023-02-03 15:13:19'),
	(327, 'App\\Models\\User', 1, 'auth_token', '29b4269ef9b1affda14d9b8607ac777e02291a89c613ec66a3ee1a886f955a20', '["*"]', '2023-02-03 15:15:31', NULL, '2023-02-03 15:14:50', '2023-02-03 15:15:31'),
	(328, 'App\\Models\\User', 1, 'auth_token', 'fde189e0b1b7229bee06950a4d0f16bf3d395a96f82015052e955cf2205418ac', '["*"]', '2023-02-03 15:17:11', NULL, '2023-02-03 15:16:49', '2023-02-03 15:17:11'),
	(329, 'App\\Models\\User', 1, 'auth_token', 'f66a7973ec715af7141dc6f33a263e4136741783be3e6c22e708f7bd89199c35', '["*"]', '2023-02-03 15:19:09', NULL, '2023-02-03 15:18:43', '2023-02-03 15:19:09'),
	(330, 'App\\Models\\User', 1, 'auth_token', 'd2a138eaac3e6b72bb50ead45472d0860355ecd43c216c8bd36b001d3eac3959', '["*"]', '2023-02-03 15:22:26', NULL, '2023-02-03 15:21:57', '2023-02-03 15:22:26'),
	(331, 'App\\Models\\User', 1, 'auth_token', '5f87ba62540f6af8ec709d2dd1e46617594bab1ed86c40587d36975ba3ecbc74', '["*"]', '2023-02-03 15:23:59', NULL, '2023-02-03 15:23:36', '2023-02-03 15:23:59'),
	(332, 'App\\Models\\User', 1, 'auth_token', '68686d76a9486a2fe60e2ee050ad8121cbfcc46d32e231f3318d956f68934c79', '["*"]', '2023-02-03 15:34:44', NULL, '2023-02-03 15:33:52', '2023-02-03 15:34:44'),
	(333, 'App\\Models\\User', 1, 'auth_token', '20b1db5fe254c55bcfeeadb800ba8abc6cbb785eb1c7fc3b3b80eb9620440eb8', '["*"]', '2023-02-03 15:39:22', NULL, '2023-02-03 15:39:00', '2023-02-03 15:39:22'),
	(334, 'App\\Models\\User', 1, 'auth_token', 'a4930701980f1059ef38bcd056633d233cd390d506817c8d38bbc19f447261c9', '["*"]', '2023-02-03 15:41:05', NULL, '2023-02-03 15:40:43', '2023-02-03 15:41:05'),
	(335, 'App\\Models\\User', 1, 'auth_token', 'bcd61e9e4ce9c33ddbb49ca569bea0eaec95b77aad800ce3c8870ca73a8edc55', '["*"]', '2023-02-03 15:42:59', NULL, '2023-02-03 15:42:36', '2023-02-03 15:42:59'),
	(336, 'App\\Models\\User', 1, 'auth_token', 'f26d18b4131b21e3632b4ac3d198382f9d1ca81b692deb1a29b6a83d89ff7a07', '["*"]', '2023-02-03 15:45:32', NULL, '2023-02-03 15:45:05', '2023-02-03 15:45:32'),
	(337, 'App\\Models\\User', 1, 'auth_token', '572c7f4001e228d1407748c2697724f286a5d5227d009d75b95e052bbc60a5ba', '["*"]', '2023-02-03 15:47:21', NULL, '2023-02-03 15:46:57', '2023-02-03 15:47:21'),
	(338, 'App\\Models\\User', 1, 'auth_token', '169ad43675d8d461c209c42f0c33333f856932ea1c87bd2207e137f7b230c3bf', '["*"]', '2023-02-03 15:48:48', NULL, '2023-02-03 15:48:25', '2023-02-03 15:48:48'),
	(339, 'App\\Models\\User', 1, 'auth_token', '1ad7aba1f51141d448244a8a5991805c06047e75f32a79f071d578af9620a2fc', '["*"]', '2023-02-03 15:50:13', NULL, '2023-02-03 15:49:50', '2023-02-03 15:50:13'),
	(340, 'App\\Models\\User', 1, 'auth_token', '5bda599cee0ef632f4ecfd27f003f160f9ce5e2990304546dfaf615d7bfa50f4', '["*"]', '2023-02-03 16:57:59', NULL, '2023-02-03 16:57:21', '2023-02-03 16:57:59'),
	(341, 'App\\Models\\User', 1, 'auth_token', '0b0157d1c5358efe0c7c39aa12acec6ce10a73b19b641a8644b53ab2ee923bdd', '["*"]', '2023-02-03 17:40:38', NULL, '2023-02-03 17:23:54', '2023-02-03 17:40:38'),
	(342, 'App\\Models\\User', 1, 'auth_token', '7957e5c4d51cefed9bcc8d335845db9967363454330cb85e9555065b1c58b29b', '["*"]', '2023-02-03 17:44:50', NULL, '2023-02-03 17:43:28', '2023-02-03 17:44:50'),
	(343, 'App\\Models\\User', 1, 'auth_token', '3249f245ac356c1e354f7c50a8e4de4261a40464440a77f6cafc1e66831728a3', '["*"]', '2023-02-03 17:45:31', NULL, '2023-02-03 17:45:07', '2023-02-03 17:45:31'),
	(344, 'App\\Models\\User', 1, 'auth_token', '0c895b131f7ab1a151b0f15df01b885b56ed5700901ce6c1b5dd5bb663b40c8a', '["*"]', '2023-02-03 18:10:40', NULL, '2023-02-03 18:07:55', '2023-02-03 18:10:40'),
	(345, 'App\\Models\\User', 1, 'auth_token', 'd24a876ae8f4b680ce77a620a7b4e0dc317b676480e6b313428f319a9691105d', '["*"]', '2023-02-03 18:11:55', NULL, '2023-02-03 18:11:38', '2023-02-03 18:11:55'),
	(346, 'App\\Models\\User', 1, 'auth_token', '917ca8b17524ae180ec2fedd9e5782f9c8aed0edc78cd2c1220850c4bce6f985', '["*"]', '2023-02-03 18:17:16', NULL, '2023-02-03 18:17:00', '2023-02-03 18:17:16'),
	(347, 'App\\Models\\User', 1, 'auth_token', '16cc59bc753fc0494b6b6e08cd38334135fe63a308fbab96606d2d5472af28ae', '["*"]', '2023-02-03 20:34:19', NULL, '2023-02-03 19:17:34', '2023-02-03 20:34:19'),
	(348, 'App\\Models\\User', 1, 'auth_token', 'c3569f9b7bf7df4f2262b1caacc5247839f79b049e21881ef639c8948892e880', '["*"]', '2023-02-03 21:05:12', NULL, '2023-02-03 20:34:37', '2023-02-03 21:05:12'),
	(349, 'App\\Models\\User', 1, 'auth_token', '43144895310969949876898ed87344dd2b804ed4aa150f51c34ac0fbc4d48de6', '["*"]', '2023-02-03 22:15:37', NULL, '2023-02-03 21:05:29', '2023-02-03 22:15:37'),
	(350, 'App\\Models\\User', 1, 'auth_token', '42a0951b1b0893182b19a54025c47f9f08e7a9c130e3e28d319873fea92bb0e3', '["*"]', '2023-02-03 22:20:23', NULL, '2023-02-03 22:17:18', '2023-02-03 22:20:23'),
	(351, 'App\\Models\\User', 1, 'auth_token', '1ac65d990165c162abae8e8624ec5fcec4b9c7760217476a140fc85ba2fc30dc', '["*"]', '2023-02-03 22:22:05', NULL, '2023-02-03 22:20:53', '2023-02-03 22:22:05'),
	(352, 'App\\Models\\User', 1, 'auth_token', 'bd91cc28999903482dfdf355deb592643a67deb4c295ef3f178ee397d52c9aa9', '["*"]', '2023-02-03 22:23:36', NULL, '2023-02-03 22:22:19', '2023-02-03 22:23:36'),
	(353, 'App\\Models\\User', 1, 'auth_token', '9492eef1d72f2f1e49ac75514b84b06f3a84ac05cb8f8320de0b57dee4e7e687', '["*"]', '2023-02-03 23:41:27', NULL, '2023-02-03 22:24:41', '2023-02-03 23:41:27'),
	(354, 'App\\Models\\User', 1, 'auth_token', 'a8e34b033f54128d93fd8c220bab3992487937f6f42e4b436289b32ef7e2cb9a', '["*"]', '2023-02-03 23:42:41', NULL, '2023-02-03 23:42:02', '2023-02-03 23:42:41'),
	(355, 'App\\Models\\User', 1, 'auth_token', '68c5843bcb83af9f57c1a2b7ee24fd6d4df3d17f64fd751bb4814f98bd4b71e7', '["*"]', '2023-02-03 23:48:22', NULL, '2023-02-03 23:43:02', '2023-02-03 23:48:22'),
	(356, 'App\\Models\\User', 1, 'auth_token', 'a7d4b060245350a0ef92fbd2510c5793b2c80ddd88fc40c35c0f61350dc1531b', '["*"]', '2023-02-04 00:48:57', NULL, '2023-02-03 23:49:16', '2023-02-04 00:48:57'),
	(357, 'App\\Models\\User', 1, 'auth_token', '1b23aedb7f80d79605dab0d97f9da950845f228f37fb9cb486efdff2935a31f4', '["*"]', '2023-02-04 02:00:20', NULL, '2023-02-04 00:51:38', '2023-02-04 02:00:20'),
	(358, 'App\\Models\\User', 1, 'auth_token', '709b9cb709fc4ddf29eb2eb8af81700c9f96bedb0e982e31c88ffb482640d573', '["*"]', '2023-02-04 03:27:04', NULL, '2023-02-04 03:22:28', '2023-02-04 03:27:04'),
	(359, 'App\\Models\\User', 1, 'auth_token', '9d101eebe7a95ef36d7d5de1b721b361168cd705c93d0fcfcb7056b0bd9ee798', '["*"]', '2023-02-04 17:39:47', NULL, '2023-02-04 07:30:40', '2023-02-04 17:39:47'),
	(360, 'App\\Models\\User', 1, 'auth_token', '0036155512b4ab58ee98a976c5d1e23f8a801707fd725a8295fa6fa840736332', '["*"]', '2023-02-04 18:37:26', NULL, '2023-02-04 18:29:58', '2023-02-04 18:37:26'),
	(361, 'App\\Models\\User', 1, 'auth_token', '591c02c0f808a9158388db3995a0e0feac282cb60808b888f2d0e4d4090ed82a', '["*"]', '2023-02-04 21:10:16', NULL, '2023-02-04 18:56:05', '2023-02-04 21:10:16'),
	(362, 'App\\Models\\User', 1, 'auth_token', 'afb78b3f142b690cd36a79407ddf2a8bae8541a185479013be94288eda1651cd', '["*"]', '2023-02-04 21:13:12', NULL, '2023-02-04 21:11:40', '2023-02-04 21:13:12'),
	(363, 'App\\Models\\User', 1, 'auth_token', 'e9e524cdef08cc96161b1ca8427235264dc23062eaf1fd5919fccebda0d58aaf', '["*"]', '2023-02-04 21:15:31', NULL, '2023-02-04 21:15:11', '2023-02-04 21:15:31'),
	(364, 'App\\Models\\User', 1, 'auth_token', '8bf8acbfa8e2c655805dc7db56024bf7ed97890d9b2a7add207a4c87be834580', '["*"]', '2023-02-04 21:29:27', NULL, '2023-02-04 21:23:09', '2023-02-04 21:29:27'),
	(365, 'App\\Models\\User', 1, 'auth_token', 'b50e656f1c1c172dd9c7292ff80438b9b72df7b0bf4874da12acc80bd4573001', '["*"]', '2023-02-04 21:32:27', NULL, '2023-02-04 21:32:05', '2023-02-04 21:32:27'),
	(366, 'App\\Models\\User', 1, 'auth_token', '169f63469c927081bca07fd00951951f302ca32c3db8b3748f1950835a5f4f9a', '["*"]', '2023-02-04 21:43:51', NULL, '2023-02-04 21:42:23', '2023-02-04 21:43:51'),
	(367, 'App\\Models\\User', 1, 'auth_token', 'aaf4059343ec047ec0536e1a5da615f35d2d4d63a18358982e551d418c033268', '["*"]', '2023-02-04 21:45:35', NULL, '2023-02-04 21:45:16', '2023-02-04 21:45:35'),
	(368, 'App\\Models\\User', 1, 'auth_token', '873a6d6efb2bb9522e5a284a3d580f3924b37e6a11ff847582df27be564063d3', '["*"]', '2023-02-05 20:29:46', NULL, '2023-02-04 21:49:37', '2023-02-05 20:29:46'),
	(369, 'App\\Models\\User', 1, 'auth_token', '62605bb9cc0fb1bd5da8fb6abaefe21b649b784d938e4f8e95909c77deb0fb64', '["*"]', '2023-02-05 22:38:50', NULL, '2023-02-05 20:31:12', '2023-02-05 22:38:50'),
	(370, 'App\\Models\\User', 1, 'auth_token', '2094575500674cda89e4cca121f261b61612e2b539247e53ffeaffe28a25e2cf', '["*"]', '2023-02-06 10:32:21', NULL, '2023-02-05 22:43:20', '2023-02-06 10:32:21'),
	(371, 'App\\Models\\User', 1, 'auth_token', '15d94c7a15c293c28f4add55c0481a0db622b93efb8419e594efb9b253027156', '["*"]', '2023-02-06 21:27:42', NULL, '2023-02-06 17:33:32', '2023-02-06 21:27:42'),
	(372, 'App\\Models\\User', 1, 'auth_token', 'cdeb1336365274704b13261a2643f28d0593b68c2523abb5021646a192ff51c2', '["*"]', '2023-02-06 23:58:07', NULL, '2023-02-06 21:56:09', '2023-02-06 23:58:07'),
	(373, 'App\\Models\\User', 1, 'auth_token', '99f21db9b71ccfc9ee9cbfab594c2546bf37b7071d1e95e380f4311c09beeb0d', '["*"]', '2023-02-07 02:30:40', NULL, '2023-02-07 02:11:25', '2023-02-07 02:30:40'),
	(374, 'App\\Models\\User', 1, 'auth_token', '2ed91934e6531b96848b33d523de4418a1a6a33c1be99cf420147057c6541240', '["*"]', '2023-02-07 08:05:33', NULL, '2023-02-07 06:57:00', '2023-02-07 08:05:33'),
	(375, 'App\\Models\\User', 1, 'auth_token', '32ce39a2a597d25e4eb3c6c8a1a879d30f21a5c459473545634ac002ad5fb9e9', '["*"]', '2023-02-07 09:22:51', NULL, '2023-02-07 08:26:32', '2023-02-07 09:22:51'),
	(376, 'App\\Models\\User', 1, 'auth_token', 'bf3cad1c8ba55d176df72fdc743cde89151a6b2e581eda0a8ff38a854bc4d508', '["*"]', '2023-02-07 22:28:05', NULL, '2023-02-07 22:01:14', '2023-02-07 22:28:05'),
	(377, 'App\\Models\\User', 1, 'auth_token', '88098a418b7b398fa7f2be357f45b220708152881c8456ccd98d406881857834', '["*"]', '2023-02-10 21:25:55', NULL, '2023-02-10 19:21:25', '2023-02-10 21:25:55'),
	(378, 'App\\Models\\User', 1, 'auth_token', '8a1979cc03b9328e53e16e652898eb9c58337b20c9d603ace302f6e9af6caa9b', '["*"]', '2023-02-14 05:22:00', NULL, '2023-02-13 23:55:39', '2023-02-14 05:22:00'),
	(379, 'App\\Models\\User', 1, 'auth_token', '638b788e627ee5df426201d71a0e77986680637391bdd48ead52ee3f378291d6', '["*"]', '2023-02-14 05:40:58', NULL, '2023-02-14 05:40:01', '2023-02-14 05:40:58'),
	(380, 'App\\Models\\User', 1, 'auth_token', 'c63ed805b51dc71225e093259a3a3ca7b394d88d0fc9c3deb05c39f0ee1c115a', '["*"]', '2023-02-14 16:31:51', NULL, '2023-02-14 16:31:27', '2023-02-14 16:31:51'),
	(381, 'App\\Models\\User', 1, 'auth_token', '5979de6f210ec7bd4691ed7f6fe468f8120101b01b2a9e2501017002e2097855', '["*"]', '2023-02-16 21:12:08', NULL, '2023-02-16 21:11:44', '2023-02-16 21:12:08'),
	(382, 'App\\Models\\User', 1, 'auth_token', '7d681930783bb05b7c1ed420a1fe87d1169955b5478a23d03ae53c6cf83fd682', '["*"]', '2023-02-17 00:12:20', NULL, '2023-02-16 23:56:44', '2023-02-17 00:12:20'),
	(383, 'App\\Models\\User', 1, 'auth_token', 'b34bcf542386468a4532e33774a8be3d449e8aa7619f1cf35b0ef99b7559fdce', '["*"]', '2023-02-21 02:37:20', NULL, '2023-02-21 02:36:42', '2023-02-21 02:37:20'),
	(384, 'App\\Models\\User', 1, 'auth_token', 'fa6d9b9fb8510fa1c5f0e263110f1dd20107254f8475aea480ece15c578a2995', '["*"]', '2023-02-21 03:09:41', NULL, '2023-02-21 03:09:07', '2023-02-21 03:09:41'),
	(385, 'App\\Models\\User', 1, 'auth_token', '0ae7b42ce56df972120fcf96305ed8cdbc7032b1ec25ae4c6dc54981eccbd149', '["*"]', '2023-02-21 03:16:50', NULL, '2023-02-21 03:16:17', '2023-02-21 03:16:50'),
	(386, 'App\\Models\\User', 1, 'auth_token', 'f9c78c5254eba3ff4930c11abdda15b8108a1099346e000dd162952e0c8957dc', '["*"]', '2023-02-21 15:52:52', NULL, '2023-02-21 15:52:24', '2023-02-21 15:52:52'),
	(387, 'App\\Models\\User', 1, 'auth_token', 'dbae381d3d6d67920dae5cd6955abffd81e177b27c97f7c20aaa17eef43794af', '["*"]', '2023-02-21 15:54:19', NULL, '2023-02-21 15:54:01', '2023-02-21 15:54:19'),
	(388, 'App\\Models\\User', 1, 'auth_token', '2faf12177e52d11ba08caf9f6ab2f8a14a123b1bae2e961860ded09578bdf5cf', '["*"]', '2023-02-21 18:29:47', NULL, '2023-02-21 16:56:26', '2023-02-21 18:29:47'),
	(389, 'App\\Models\\User', 1, 'auth_token', '6a0648027d1d0012c7ee0020a9aee56dcf2b584eafaa354b6f7b9e6e334c9f92', '["*"]', '2023-02-21 18:48:56', NULL, '2023-02-21 18:39:54', '2023-02-21 18:48:56'),
	(390, 'App\\Models\\User', 1, 'auth_token', '8e8bf9c8f388a7510da913e1e4937b9e9759953363ec5dd1da64db39ab461d83', '["*"]', '2023-02-21 21:22:35', NULL, '2023-02-21 18:49:48', '2023-02-21 21:22:35'),
	(391, 'App\\Models\\User', 1, 'auth_token', '27e055403c959585d54b3c4d884364967045014e27c5b72969db0091bc52164d', '["*"]', '2023-02-21 23:59:28', NULL, '2023-02-21 21:52:43', '2023-02-21 23:59:28'),
	(392, 'App\\Models\\User', 1, 'auth_token', '8ba2a82e203c2e391a73d7c6b89edc4e8522410a8c7f1ed77c0472fcbb115358', '["*"]', '2023-02-22 01:31:20', NULL, '2023-02-22 01:28:49', '2023-02-22 01:31:20'),
	(393, 'App\\Models\\User', 1, 'auth_token', '71901bd97a1cd8817d9a242517a12b98f28216c0433d6739969ac3afba03c76b', '["*"]', '2023-02-23 03:28:04', NULL, '2023-02-22 18:15:46', '2023-02-23 03:28:04'),
	(394, 'App\\Models\\User', 1, 'auth_token', 'fdd95a649185d2f0516b8d80e1f380ba3100ba8a121a4b034c284775c31c95fa', '["*"]', '2023-02-23 05:50:49', NULL, '2023-02-23 04:49:27', '2023-02-23 05:50:49'),
	(395, 'App\\Models\\User', 1, 'auth_token', '7bae78d5db1633bb32391c5b99cecc0c3e6cb4370118a836f1dfd2c0eafe9103', '["*"]', '2023-02-24 09:18:43', NULL, '2023-02-24 09:18:06', '2023-02-24 09:18:43'),
	(396, 'App\\Models\\User', 1, 'auth_token', '8f24d4d2f142a1cb2e5d8eb4cd2c8b0133f1e4906d742c82f325212b3e82182b', '["*"]', '2023-02-25 01:01:36', NULL, '2023-02-24 20:50:17', '2023-02-25 01:01:36'),
	(397, 'App\\Models\\User', 1, 'auth_token', 'd94e9d18b9bc9d0d0ce9e3fa7ea4954da042d9cd20279591b2062f219a59fb94', '["*"]', '2023-02-25 02:37:44', NULL, '2023-02-25 02:17:41', '2023-02-25 02:37:44'),
	(398, 'App\\Models\\User', 1, 'auth_token', 'cbe22aa448f35cdb8c19f6724c1e0752b5bf4c047d5f2973146e63e76b2202bd', '["*"]', '2023-02-25 03:10:55', NULL, '2023-02-25 02:38:23', '2023-02-25 03:10:55'),
	(399, 'App\\Models\\User', 1, 'auth_token', '1bd8334c00ad14311d52951e23cc2aa4a1c08d4802e27138530e60c89d6e8949', '["*"]', '2023-02-25 17:53:24', NULL, '2023-02-25 16:59:52', '2023-02-25 17:53:24'),
	(400, 'App\\Models\\User', 1, 'auth_token', '4f77eb2bdcb23534dec2a63019af47a75fa468672b6167007545b06ca8f896e8', '["*"]', '2023-02-25 20:51:53', NULL, '2023-02-25 20:50:37', '2023-02-25 20:51:53'),
	(401, 'App\\Models\\User', 1, 'auth_token', '0d4d43c3e006cfeea1728b275d4534beea96fc49fe931b652d678362833e1c7a', '["*"]', '2023-02-27 11:06:55', NULL, '2023-02-25 20:52:21', '2023-02-27 11:06:55'),
	(402, 'App\\Models\\User', 1, 'auth_token', '28d7fdcac79ec2d6f2b24cbc3d1032fa9c08bfbc3c9e1813c6b57a5e5ee619ff', '["*"]', '2023-02-27 17:34:13', NULL, '2023-02-27 16:56:38', '2023-02-27 17:34:13'),
	(403, 'App\\Models\\User', 1, 'auth_token', '171d4d70a814b6e22317e10d7d94a20bdbba60b3a7ef3ad758e415cb59f503b6', '["*"]', '2023-02-27 18:04:49', NULL, '2023-02-27 17:35:06', '2023-02-27 18:04:49'),
	(404, 'App\\Models\\User', 1, 'auth_token', 'f22c2bbea4d0417c8dcbaa4beb87ea2ddf79dd2adc108934d4dd9cea24e7fa16', '["*"]', '2023-02-27 18:08:13', NULL, '2023-02-27 18:07:35', '2023-02-27 18:08:13'),
	(405, 'App\\Models\\User', 1, 'auth_token', '7dd2145e08e3dddd45cd34e57995cb6287b3a0fa484ce3d4deefe84cd2e084a5', '["*"]', '2023-02-27 20:08:27', NULL, '2023-02-27 18:10:08', '2023-02-27 20:08:27'),
	(406, 'App\\Models\\User', 1, 'auth_token', 'c6355cd76da5d7fe09e5d7bb1ca661707838b1e0160cbcb127c1e0d2a629c58e', '["*"]', '2023-02-27 20:54:34', NULL, '2023-02-27 20:50:42', '2023-02-27 20:54:34'),
	(407, 'App\\Models\\User', 1, 'auth_token', 'd45da93eb658b6cb41c26942f659d52f1f66f4394efc1e2b98d6139dd78372b6', '["*"]', '2023-02-27 21:48:55', NULL, '2023-02-27 21:15:32', '2023-02-27 21:48:55'),
	(408, 'App\\Models\\User', 1, 'auth_token', '7c0a95bbbecd2ecf81e8119f0cbd493c98a213c74c6f50dfcf9e7a30b2e264ff', '["*"]', '2023-02-28 03:32:55', NULL, '2023-02-28 03:26:02', '2023-02-28 03:32:55'),
	(409, 'App\\Models\\User', 1, 'auth_token', '533984c9cc06dd8bf1ac0683f8b2180f5c1f781927d54b4e47fb1bc19f96b293', '["*"]', '2023-02-28 22:27:06', NULL, '2023-02-28 11:54:23', '2023-02-28 22:27:06'),
	(410, 'App\\Models\\User', 1, 'auth_token', 'a0f6b58893c63fc134e999c591fc8f8d3112d97982b53a6ef76598c55ec5bd8d', '["*"]', '2023-03-01 02:48:41', NULL, '2023-03-01 01:33:08', '2023-03-01 02:48:41'),
	(411, 'App\\Models\\User', 1, 'auth_token', '618e119836b821765c45c28470540200d5323ffd8974b0dad5671cf8420dfeef', '["*"]', '2023-03-01 03:24:34', NULL, '2023-03-01 02:52:49', '2023-03-01 03:24:34'),
	(412, 'App\\Models\\User', 1, 'auth_token', 'c5c5f1783bc420c92ec46a75fdee426505b3fa94424275d8114ff7535c3a4e99', '["*"]', '2023-03-01 03:30:06', NULL, '2023-03-01 03:26:52', '2023-03-01 03:30:06'),
	(413, 'App\\Models\\User', 1, 'auth_token', 'ed3e1e9f5206882fb097edfc3e4df7687bf161c4c0c6ef8c02d6f0dc28a5b528', '["*"]', '2023-03-01 03:40:31', NULL, '2023-03-01 03:31:39', '2023-03-01 03:40:31'),
	(414, 'App\\Models\\User', 1, 'auth_token', 'f2651e9c4d83c3f7ce1f6f169fac398b2a78d77d9ba31e2f3d8de0fd6c0dcfc5', '["*"]', '2023-03-01 03:57:55', NULL, '2023-03-01 03:45:19', '2023-03-01 03:57:55'),
	(415, 'App\\Models\\User', 1, 'auth_token', '991e1266640757f9843ff41c7d15b10bacc6ef79fc961d5f381832f9ebaf8c63', '["*"]', '2023-03-01 15:48:37', NULL, '2023-03-01 12:51:40', '2023-03-01 15:48:37'),
	(416, 'App\\Models\\User', 1, 'auth_token', '147e3265d3a4376c3060010a02744f4c55c4b34122a9db0c93c4f477a9ff7093', '["*"]', '2023-03-01 16:58:41', NULL, '2023-03-01 15:51:12', '2023-03-01 16:58:41'),
	(417, 'App\\Models\\User', 1, 'auth_token', '2bc611e9dc3825c0ce6e44038d82906ad344d9352ee3bd919230a3ba90bdaf47', '["*"]', '2023-03-01 17:15:00', NULL, '2023-03-01 17:00:50', '2023-03-01 17:15:00'),
	(418, 'App\\Models\\User', 1, 'auth_token', '601a7df11a011ad0ae2ddc7bce15811f96df05fe3808f1a562d52db28547726b', '["*"]', '2023-03-01 22:00:36', NULL, '2023-03-01 20:32:03', '2023-03-01 22:00:36'),
	(419, 'App\\Models\\User', 1, 'auth_token', '9bafaea4592353e7bbff1bcf77adbdfcb426bc0356f8640b40afc87cd578cf63', '["*"]', '2023-03-02 03:33:37', NULL, '2023-03-02 03:24:36', '2023-03-02 03:33:37'),
	(420, 'App\\Models\\User', 1, 'auth_token', 'e5ed2b7247780e3bcf5a32102308837d1e97779ba3964927c78effaf9f473f63', '["*"]', '2023-03-02 04:07:15', NULL, '2023-03-02 04:06:06', '2023-03-02 04:07:15'),
	(421, 'App\\Models\\User', 1, 'authToken', 'a518d44c7a44fed7f74693aade19fb250e0c8aa6af2bfbe690f512d30878f2e9', '["*"]', NULL, NULL, '2023-03-02 17:14:43', '2023-03-02 17:14:43'),
	(422, 'App\\Models\\User', 1, 'auth_token', 'ee594732ad0250d6d58ad31e158ae1270ac4579777b75749d101d926c24633c6', '["*"]', '2023-03-02 20:44:19', NULL, '2023-03-02 20:43:13', '2023-03-02 20:44:19'),
	(423, 'App\\Models\\User', 1, 'auth_token', 'a8a85ed509411b71d27b0db2aea5ccb6c03825dbd6fb4b9d2862c899f10c72e5', '["*"]', '2023-03-02 21:29:26', NULL, '2023-03-02 20:56:47', '2023-03-02 21:29:26'),
	(424, 'App\\Models\\User', 1, 'auth_token', 'e171b71a4be12af202447dd7057627dea590c6d8f99e714f12c47cbc2eab7660', '["*"]', '2023-03-02 21:50:24', NULL, '2023-03-02 21:47:12', '2023-03-02 21:50:24'),
	(425, 'App\\Models\\User', 1, 'auth_token', 'e9e3159c4ab0473917cb963614d005912d828c7f16869f5e2babc012c8ff3760', '["*"]', '2023-03-03 03:35:57', NULL, '2023-03-03 03:22:56', '2023-03-03 03:35:57'),
	(426, 'App\\Models\\User', 1, 'auth_token', 'e80ac8991eaa53ab65976653c51781e051f45dc513d14296ac931abbe7a891b3', '["*"]', '2023-03-03 03:43:30', NULL, '2023-03-03 03:37:21', '2023-03-03 03:43:30'),
	(427, 'App\\Models\\User', 1, 'auth_token', '573ecf7c05341f828dc1f033db3d9026c25f302e8ef845a4040a5f38e8586a10', '["*"]', '2023-03-03 05:54:00', NULL, '2023-03-03 03:45:22', '2023-03-03 05:54:00'),
	(428, 'App\\Models\\User', 1, 'auth_token', 'f486f50be9b4c7488fe5484120cef6cffe0d6adba5313471a4751ac70f860788', '["*"]', '2023-03-04 15:55:57', NULL, '2023-03-04 15:09:51', '2023-03-04 15:55:57'),
	(429, 'App\\Models\\User', 1, 'auth_token', 'ed30deea789cd23c21ee85b6a8aedfecfc4e99e0e6ad5a29496880dc3ed93c91', '["*"]', '2023-03-04 20:08:12', NULL, '2023-03-04 19:38:42', '2023-03-04 20:08:12'),
	(430, 'App\\Models\\User', 1, 'auth_token', 'ac9489faf2109ce707b5f220aca3aea6144de03c1632759e3f46b818f2789b6c', '["*"]', '2023-03-04 20:38:52', NULL, '2023-03-04 20:18:05', '2023-03-04 20:38:52'),
	(431, 'App\\Models\\User', 1, 'auth_token', '1b2c8dc573c7c066eae3088433ac8e11b3b72e51c8ec720848326fd40cb46e75', '["*"]', '2023-03-05 03:04:47', NULL, '2023-03-05 02:19:47', '2023-03-05 03:04:47'),
	(432, 'App\\Models\\User', 1, 'auth_token', '316143c4ca4352d78c6af3e6b6982c41f9d4bb91db1c2c84c41905278768cc11', '["*"]', '2023-03-05 03:38:02', NULL, '2023-03-05 03:37:11', '2023-03-05 03:38:02'),
	(433, 'App\\Models\\User', 1, 'auth_token', 'a90c1c7cfe9201cab648bf9764ca50aeabc98627e104fee4e5365361a40a3a6f', '["*"]', '2023-03-05 03:43:10', NULL, '2023-03-05 03:42:30', '2023-03-05 03:43:10'),
	(434, 'App\\Models\\User', 1, 'auth_token', '4b429b5fc12348c36bd445e99a7f7a1ce4c216fd8a317caedbe9d8257cea13e2', '["*"]', '2023-03-05 03:54:25', NULL, '2023-03-05 03:52:38', '2023-03-05 03:54:25'),
	(435, 'App\\Models\\User', 1, 'auth_token', 'd08f00f10abc13199528cd8be4d30781dab6723b474511af2a8ef8000860393e', '["*"]', '2023-03-05 17:09:34', NULL, '2023-03-05 17:08:59', '2023-03-05 17:09:34'),
	(436, 'App\\Models\\User', 1, 'auth_token', '508de5fba1205992b628c693c2596ce12c3cf8dc08549a8dca414e80fea0558d', '["*"]', '2023-03-05 19:58:16', NULL, '2023-03-05 17:11:21', '2023-03-05 19:58:16'),
	(437, 'App\\Models\\User', 1, 'auth_token', 'ae9d9aa6903a7eb8c025153ae5f797bf3383d1295cf57fb4541e244cc3e2fe53', '["*"]', '2023-03-05 20:03:55', NULL, '2023-03-05 20:03:16', '2023-03-05 20:03:55'),
	(438, 'App\\Models\\User', 1, 'auth_token', 'b6b928203dccbaa54262f66666a922dc138aad7ec6143c255118bde4893e900a', '["*"]', '2023-03-05 20:05:31', NULL, '2023-03-05 20:04:48', '2023-03-05 20:05:31'),
	(439, 'App\\Models\\User', 1, 'auth_token', '68bfde65eb8484481bef4d0baaf08678ec675a98bc143141e52f3e98abd0fb97', '["*"]', '2023-03-05 20:10:28', NULL, '2023-03-05 20:10:11', '2023-03-05 20:10:28'),
	(440, 'App\\Models\\User', 1, 'auth_token', 'df69c4f30761897432237d167ef6070bdaa3bc692e86876c4a4689b23a8a52cd', '["*"]', '2023-03-05 20:34:15', NULL, '2023-03-05 20:15:02', '2023-03-05 20:34:15'),
	(441, 'App\\Models\\User', 1, 'auth_token', 'cd71f392b8d1d6a7050068923beeab82ffb86e16246236c70180a01b8d5c5c79', '["*"]', '2023-03-05 20:45:54', NULL, '2023-03-05 20:34:55', '2023-03-05 20:45:54'),
	(442, 'App\\Models\\User', 1, 'auth_token', '8df69e4b1dceb3073161b3cfcabed9897c138231d1ce6989c69707ee101ec130', '["*"]', '2023-03-05 21:06:06', NULL, '2023-03-05 20:46:10', '2023-03-05 21:06:06'),
	(443, 'App\\Models\\User', 1, 'auth_token', '4a23d933c0743d06fa9b1d67e9a3ae15c4b6de64730e3a7c86270a54974d5a50', '["*"]', '2023-03-05 21:24:23', NULL, '2023-03-05 21:21:06', '2023-03-05 21:24:23'),
	(444, 'App\\Models\\User', 1, 'auth_token', '0363db9c4b951b75bbab0975a90d6bcd27a94a778ec9be95780b915ccc6740e1', '["*"]', '2023-03-05 21:31:24', NULL, '2023-03-05 21:25:36', '2023-03-05 21:31:24'),
	(445, 'App\\Models\\User', 1, 'auth_token', '56596cfd4605c312c98bc9a3b529844706c29e661425ca94deaf6f697a52c0d6', '["*"]', '2023-03-05 21:34:28', NULL, '2023-03-05 21:33:30', '2023-03-05 21:34:28'),
	(446, 'App\\Models\\User', 1, 'auth_token', 'ba06d65188360395190ba820fe0eb0d74a9323a58b39d5e41f2d95fef200bd01', '["*"]', '2023-03-05 21:55:16', NULL, '2023-03-05 21:47:36', '2023-03-05 21:55:16'),
	(447, 'App\\Models\\User', 1, 'auth_token', 'f7b7d157921745aeaf62d6a19d30cd17955625c68c5b2f3793e01f9a91dd2178', '["*"]', '2023-03-05 21:57:49', NULL, '2023-03-05 21:57:28', '2023-03-05 21:57:49'),
	(448, 'App\\Models\\User', 1, 'auth_token', '56a9031be8cb2d1fc1f872c4cff38f8e75c7c1a25406f1643fe9fe3ac04b992a', '["*"]', '2023-03-05 22:03:52', NULL, '2023-03-05 22:02:02', '2023-03-05 22:03:52'),
	(449, 'App\\Models\\User', 1, 'auth_token', '36ecb3322ba6ebba57a983b74bd20fe5b06551cce64a881c8215a2edd5cc0888', '["*"]', '2023-03-05 22:19:43', NULL, '2023-03-05 22:05:08', '2023-03-05 22:19:43'),
	(450, 'App\\Models\\User', 1, 'auth_token', '7161abde5766ec5d4318066a894ae195e3b900f32b8ea77e637bfe854066e188', '["*"]', '2023-03-05 22:24:54', NULL, '2023-03-05 22:22:11', '2023-03-05 22:24:54'),
	(451, 'App\\Models\\User', 1, 'auth_token', 'b83154e02fda7077fa5cdea1f3a2bd81b4ea21594f11cc808b009e3e845f3fe7', '["*"]', '2023-03-05 22:27:33', NULL, '2023-03-05 22:27:17', '2023-03-05 22:27:33'),
	(452, 'App\\Models\\User', 1, 'auth_token', '9a4cdcaf52409bb9ca7b918c379037d6b3c462dee98b39710ca48b4e83eb7fd2', '["*"]', '2023-03-05 23:27:47', NULL, '2023-03-05 22:28:30', '2023-03-05 23:27:47'),
	(453, 'App\\Models\\User', 1, 'auth_token', '936b64e60f977f6f163f609613fd0a4bca700db95a82fb38c092ced06e6f567f', '["*"]', '2023-03-05 23:50:26', NULL, '2023-03-05 23:49:43', '2023-03-05 23:50:26'),
	(454, 'App\\Models\\User', 1, 'auth_token', '5221a53e1d35225530bbcd28446732254d352e3daef9703e4bf78af2021b7036', '["*"]', '2023-03-06 02:03:25', NULL, '2023-03-06 02:00:06', '2023-03-06 02:03:25'),
	(455, 'App\\Models\\User', 1, 'auth_token', '9970cd96dab14710bdc6af1224ad4e9073e82d2ac423d03b66ce09f68fcc304c', '["*"]', '2023-03-06 14:05:51', NULL, '2023-03-06 12:28:42', '2023-03-06 14:05:51'),
	(456, 'App\\Models\\User', 1, 'auth_token', 'ea97df2cda64df302415c1e4f2ce6eb0eaeead0cc0c1e404bd257eeb2fad57ae', '["*"]', '2023-03-06 20:18:16', NULL, '2023-03-06 15:35:43', '2023-03-06 20:18:16'),
	(457, 'App\\Models\\User', 1, 'auth_token', '0fc5999ce11f681bab353518a2ed043302220d25a92367999051706bfbaddcef', '["*"]', '2023-03-08 01:59:56', NULL, '2023-03-08 01:58:44', '2023-03-08 01:59:56'),
	(458, 'App\\Models\\User', 1, 'auth_token', 'b6e46b1d5faf24f77fad6200bde3d0fb6d50336e60f1191c30d64c766baa8eba', '["*"]', '2023-03-09 16:55:56', NULL, '2023-03-09 16:45:15', '2023-03-09 16:55:56'),
	(459, 'App\\Models\\User', 1, 'auth_token', '800b00ec7293a3ff1c7dc0d69cde8f081060c275bb279d946f1db58b9edfdcdb', '["*"]', '2023-03-09 21:01:29', NULL, '2023-03-09 20:39:29', '2023-03-09 21:01:29'),
	(460, 'App\\Models\\User', 1, 'auth_token', '96448f4dc01e4fa7f45a7714d38f3cda13b14dacb49c312d19e3fe3670ab71fa', '["*"]', '2023-03-09 23:21:00', NULL, '2023-03-09 22:48:53', '2023-03-09 23:21:00'),
	(461, 'App\\Models\\User', 1, 'auth_token', '1eda6d0f62554afaaa5e20207ceae7dd074585901296a89ce9d6fa18a4a05a07', '["*"]', '2023-03-09 23:32:27', NULL, '2023-03-09 23:24:00', '2023-03-09 23:32:27'),
	(462, 'App\\Models\\User', 1, 'auth_token', '8620b27094903481da0ecf44b223463d6547b118da78785695fec96f535f831f', '["*"]', '2023-03-09 23:52:24', NULL, '2023-03-09 23:40:34', '2023-03-09 23:52:24'),
	(463, 'App\\Models\\User', 1, 'auth_token', 'be7f3921cd948e789a6d0c58d0c2b1e9c45497dd0ef357abb65b0afa5b6eb6c4', '["*"]', '2023-03-10 13:50:19', NULL, '2023-03-10 12:17:39', '2023-03-10 13:50:19'),
	(464, 'App\\Models\\User', 1, 'auth_token', 'b07226f111bba55cb3d64a1fb59662f5bfc3d746c4d916b3e994ec8dc7f13164', '["*"]', '2023-03-12 18:36:43', NULL, '2023-03-12 18:33:54', '2023-03-12 18:36:43'),
	(465, 'App\\Models\\User', 1, 'auth_token', '57e1f68d73c41504674a5148cd9bf68d4cbbdbe9d64244eb5f04018b0c76a983', '["*"]', '2023-03-12 23:40:55', NULL, '2023-03-12 23:40:38', '2023-03-12 23:40:55'),
	(466, 'App\\Models\\User', 1, 'auth_token', '0b358c7be27686921f22cae36ba122ab3f817831b0ca2565285b58780574e765', '["*"]', '2023-03-13 04:39:07', NULL, '2023-03-13 03:57:26', '2023-03-13 04:39:07'),
	(467, 'App\\Models\\User', 3, 'auth_token', '651971da0fc886e834c6419938aded6ce3578f4103eda446500b399837b076fe', '["*"]', NULL, NULL, '2023-03-13 09:49:22', '2023-03-13 09:49:22'),
	(468, 'App\\Models\\User', 3, 'auth_token', '250364f34ac4072ec844d58afb39b2da7856a9a66762c43e8523b68e2973f8d0', '["*"]', NULL, NULL, '2023-03-13 06:06:20', '2023-03-13 06:06:20'),
	(469, 'App\\Models\\User', 4, 'auth_token', '478f4366d343574958641450a0be7793813f10f887e120f150998e6149cbd393', '["*"]', NULL, NULL, '2023-03-13 06:06:45', '2023-03-13 06:06:45'),
	(470, 'App\\Models\\User', 1, 'authToken', '983d6b079a98fd5b71cb02958be9c6925c9ff4c748e8b05a1c7b2a83ceaf6bf7', '["*"]', NULL, NULL, '2023-03-13 06:09:32', '2023-03-13 06:09:32'),
	(471, 'App\\Models\\User', 1, 'authToken', 'c7a5791797f61e401af370e4f1ecf78a38ef0509e0451906765a2f24e07825bc', '["*"]', NULL, NULL, '2023-03-13 06:17:04', '2023-03-13 06:17:04'),
	(472, 'App\\Models\\User', 1, 'authToken', '6f0d2370538c70afc2b600d8b353dac17b892a8a5924b6b10bf3758e094a180d', '["*"]', NULL, NULL, '2023-03-13 06:19:42', '2023-03-13 06:19:42'),
	(473, 'App\\Models\\User', 1, 'auth_token', 'abdf82a5f2708fc43647e41b0fd095fe8d454fe2db81e5c77cf7f40946317b79', '["*"]', NULL, NULL, '2023-03-13 06:29:13', '2023-03-13 06:29:13'),
	(474, 'App\\Models\\User', 1, 'auth_token', 'd02525cede8c27defa85962963365ce613019408e1677b0eba7118d3020b31a1', '["*"]', NULL, NULL, '2023-03-13 11:04:32', '2023-03-13 11:04:32'),
	(475, 'App\\Models\\User', 1, 'auth_token', '2503f49f25b2c8507761477e33738ece9df000691f567acf4bc39285543fbc40', '["*"]', NULL, NULL, '2023-03-13 11:08:30', '2023-03-13 11:08:30'),
	(476, 'App\\Models\\User', 1, 'auth_token', '62938df82ec60756a76bb6ef2812efcb2af6b6976cfdfff26d125eaaccc0ddf1', '["*"]', NULL, NULL, '2023-03-13 11:09:11', '2023-03-13 11:09:11'),
	(477, 'App\\Models\\User', 1, 'auth_token', 'c1000daf93c74eb2139d33147cd7180a066718f5a946c911b5e8f4fc9b30cb6e', '["*"]', NULL, NULL, '2023-03-13 11:16:58', '2023-03-13 11:16:58'),
	(478, 'App\\Models\\User', 3, 'auth_token', 'd07484d4a45a2d058bfe26751b4ea8713e159d24b5f1653397f942461cfdde8a', '["*"]', NULL, NULL, '2023-03-13 11:17:42', '2023-03-13 11:17:42'),
	(479, 'App\\Models\\User', 3, 'auth_token', '7c015ec1f75ea01c5a5b51f1067d12d61068cca30447b6b8cc2e376373061911', '["*"]', NULL, NULL, '2023-03-13 11:42:52', '2023-03-13 11:42:52'),
	(480, 'App\\Models\\User', 3, 'auth_token', '2a6a7530eb55386b92d1363f158afc4d9d914035a91e3b1b60b275bc16fbd11e', '["*"]', NULL, NULL, '2023-03-13 12:02:01', '2023-03-13 12:02:01'),
	(481, 'App\\Models\\User', 3, 'auth_token', '531a459219b057d5525952018ab455886a37229a53b360915047c6eaedee9d52', '["*"]', NULL, NULL, '2023-03-13 12:11:21', '2023-03-13 12:11:21'),
	(482, 'App\\Models\\User', 3, 'auth_token', 'e504b16d57c4363ef75915e27d8f63585f7938508001f9af0f75d8994339d9a3', '["*"]', NULL, NULL, '2023-03-14 17:18:57', '2023-03-14 17:18:57'),
	(483, 'App\\Models\\User', 1, 'auth_token', '79bf5a03244041ecee221764582b0a41fa51b7db2e5f199cb42c7b1dd4b304da', '["*"]', NULL, NULL, '2023-03-15 10:21:05', '2023-03-15 10:21:05'),
	(484, 'App\\Models\\User', 1, 'auth_token', '2745a513e6abaa2f5dd09cabcfb43370b99af1e857e624e23608429d4b998e4c', '["*"]', NULL, NULL, '2023-03-15 18:58:07', '2023-03-15 18:58:07'),
	(485, 'App\\Models\\User', 1, 'auth_token', 'ef50248ec424023890814413edd5759922790557b792b3cf2ddc6837acd0e9fd', '["*"]', NULL, NULL, '2023-03-16 22:55:14', '2023-03-16 22:55:14'),
	(486, 'App\\Models\\User', 1, 'auth_token', '0567202af9042702c7ca5b2b849a0c956671e1bd786e44861bbe87a3176f55c6', '["*"]', NULL, NULL, '2023-03-23 11:33:12', '2023-03-23 11:33:12'),
	(487, 'App\\Models\\User', 1, 'auth_token', '15f15acef6350a1e7f28a920ba05efe0e5fb2637dbf6849a00d203f801766ea5', '["*"]', NULL, NULL, '2023-03-24 07:34:39', '2023-03-24 07:34:39'),
	(488, 'App\\Models\\User', 1, 'auth_token', 'e3b0aaf8f21e90a0da95b19ea269ef343674459e697fb7507699c261e4146270', '["*"]', NULL, NULL, '2023-03-24 11:13:40', '2023-03-24 11:13:40'),
	(489, 'App\\Models\\User', 1, 'auth_token', 'e72eb664600604f3214e03d24b12337a37f8636952606ec1fa7442eb021c1a10', '["*"]', NULL, NULL, '2023-03-24 14:31:09', '2023-03-24 14:31:09'),
	(490, 'App\\Models\\User', 1, 'auth_token', '662139aa83cc9551cf64f7648737e7f14af652ac8169d8534333a0f2eb521dba', '["*"]', NULL, NULL, '2023-03-24 16:33:50', '2023-03-24 16:33:50'),
	(491, 'App\\Models\\User', 1, 'auth_token', '272b0b90683731b29257b9fbed9480080c3840b9944c34429013e8616d7bb016', '["*"]', NULL, NULL, '2023-03-25 18:43:05', '2023-03-25 18:43:05'),
	(492, 'App\\Models\\User', 1, 'auth_token', 'e265fea109fe5701333e5e900af8e77a0c306b36a3b3390dab360becf4faf1ef', '["*"]', NULL, NULL, '2023-03-26 00:10:06', '2023-03-26 00:10:06'),
	(493, 'App\\Models\\User', 1, 'auth_token', '9d71f1f489d8d89e740edd6e87695be4306f07de5ec6d7ca58796a0c9c7b6daf', '["*"]', NULL, NULL, '2023-03-26 00:20:28', '2023-03-26 00:20:28'),
	(494, 'App\\Models\\User', 1, 'auth_token', '13c363b6d160051cd0c15ef54c54da78e9200f71121dd7be58c9dc9d3c838af9', '["*"]', NULL, NULL, '2023-03-26 00:24:47', '2023-03-26 00:24:47'),
	(495, 'App\\Models\\User', 1, 'auth_token', '1e55e05061fc7d70e25d5f69cb5c3c8df7f21fb8ca49a1c1c50c3ada3360ad5e', '["*"]', NULL, NULL, '2023-03-26 00:26:22', '2023-03-26 00:26:22'),
	(496, 'App\\Models\\User', 1, 'auth_token', '1485df04423e21bc60ce1093e7232ac4b4a61cc9959b1a5ca8f0d2c6e450fbdd', '["*"]', NULL, NULL, '2023-03-26 00:50:09', '2023-03-26 00:50:09'),
	(497, 'App\\Models\\User', 1, 'auth_token', '0c8ec6ebda4db56c8e4e7b5bf0b480998fac62bcc38c10d128e349f6f7eefc1d', '["*"]', NULL, NULL, '2023-03-26 00:59:51', '2023-03-26 00:59:51'),
	(498, 'App\\Models\\User', 1, 'auth_token', '6bab089e5e05ca77954e78b5d458b1d471ee755381a571b078fe7a1a8947ddc8', '["*"]', NULL, NULL, '2023-03-26 01:06:33', '2023-03-26 01:06:33'),
	(499, 'App\\Models\\User', 1, 'auth_token', 'f0daf4a32973b0a21e607a668f89fb11665cee4bcc0fa20a31f1c46e9975fbe9', '["*"]', NULL, NULL, '2023-03-26 12:53:12', '2023-03-26 12:53:12'),
	(500, 'App\\Models\\User', 1, 'auth_token', 'a68397da6b521853d6c569dea35556f5f2b9c0e5cc5e40e71e33c4bc1141075f', '["*"]', NULL, NULL, '2023-03-26 13:27:04', '2023-03-26 13:27:04'),
	(501, 'App\\Models\\User', 1, 'auth_token', 'bc66484e87581033d65a50aef67ca8516a7778d6bc666cd173f7df5db35f477c', '["*"]', NULL, NULL, '2023-03-26 16:25:48', '2023-03-26 16:25:48'),
	(502, 'App\\Models\\User', 1, 'auth_token', '704f1090f54f2af7e31b7aee23e0ef12127f2d02adf4398dbcea64c172270338', '["*"]', NULL, NULL, '2023-03-26 16:27:40', '2023-03-26 16:27:40'),
	(503, 'App\\Models\\User', 1, 'auth_token', 'c78e8aabe6cc31e101f28da9056b6cd60a9fa00a184b9fd22cdf7a095474c6c2', '["*"]', NULL, NULL, '2023-03-26 16:32:06', '2023-03-26 16:32:06'),
	(504, 'App\\Models\\User', 1, 'auth_token', '9e3289ded5b8a74f87939f55b32a5c5521e47f46e27a998cf9e95b3af5dce27a', '["*"]', NULL, NULL, '2023-03-26 16:36:58', '2023-03-26 16:36:58'),
	(505, 'App\\Models\\User', 1, 'auth_token', 'e8af5517cb0128fd61e5be5f2584a6f4ab7aece9e6ce1e5a5b3e766d72c90929', '["*"]', NULL, NULL, '2023-03-26 18:48:58', '2023-03-26 18:48:58'),
	(506, 'App\\Models\\User', 1, 'auth_token', 'e532a290a55b2115c844de23516e9942bcdf7edc2f19a131564fc46a6d155897', '["*"]', NULL, NULL, '2023-03-27 03:48:45', '2023-03-27 03:48:45'),
	(507, 'App\\Models\\User', 1, 'auth_token', '0f3e72924fbcd7ca94d628db97aa41b70b20d3dfe36462f6afd639dc838356d6', '["*"]', NULL, NULL, '2023-03-28 20:17:26', '2023-03-28 20:17:26'),
	(508, 'App\\Models\\User', 1, 'auth_token', 'e1f23293a4f1eeed3a4a268b08ef57126891fa54844929e5017050204a3a31cf', '["*"]', NULL, NULL, '2023-03-29 04:06:51', '2023-03-29 04:06:51'),
	(509, 'App\\Models\\User', 1, 'auth_token', 'b233f359a4f4f3e2170232b18e815782d2a81f909d16b0529cb27be478c5da52', '["*"]', NULL, NULL, '2023-03-29 16:24:51', '2023-03-29 16:24:51'),
	(510, 'App\\Models\\User', 1, 'auth_token', 'df727414b7f495c3bcd745baf9aba80b443cebc260426c19f2a3e6669aee4c2b', '["*"]', NULL, NULL, '2023-03-29 20:53:32', '2023-03-29 20:53:32'),
	(511, 'App\\Models\\User', 1, 'auth_token', 'ecbf39eb08a4bc99c850d8c53aa3530b7c99141076536cb13b400e354bf3e607', '["*"]', NULL, NULL, '2023-03-29 20:54:13', '2023-03-29 20:54:13'),
	(512, 'App\\Models\\User', 1, 'auth_token', 'ae7f090aa171cb3f419b9bdf587d7c07e34b9be26c8fa6b09a34f12970961083', '["*"]', NULL, NULL, '2023-03-30 09:17:53', '2023-03-30 09:17:53'),
	(513, 'App\\Models\\User', 1, 'auth_token', '1ed6f06932cf34132e4ef98c82e617f7f32edd500c50888ea891984b96fa75a5', '["*"]', NULL, NULL, '2023-03-30 10:49:15', '2023-03-30 10:49:15'),
	(514, 'App\\Models\\User', 1, 'auth_token', '4a60d077ff30640f2bbb3a863b7eac34916573347afdf3e1e5e4c7f30423299e', '["*"]', NULL, NULL, '2023-03-30 13:19:08', '2023-03-30 13:19:08'),
	(515, 'App\\Models\\User', 1, 'auth_token', '68a4a869ee47d2b03ad915534f43673a650e916ab5074f788ecc73462f944b3a', '["*"]', NULL, NULL, '2023-03-30 13:23:09', '2023-03-30 13:23:09'),
	(516, 'App\\Models\\User', 1, 'auth_token', '54b376af910f5a505c5ba30b47c48b3b9ad0c7c3063c9460df8fe1ac7e254b04', '["*"]', NULL, NULL, '2023-03-30 16:34:32', '2023-03-30 16:34:32'),
	(517, 'App\\Models\\User', 1, 'auth_token', '6c8c73f7b8a9ea7b427a2bcdb7bac8a5a504364582a80fd019313e2bdde7529e', '["*"]', NULL, NULL, '2023-03-30 17:11:24', '2023-03-30 17:11:24'),
	(518, 'App\\Models\\User', 1, 'auth_token', '5f16ec5dce3daafec6046d4fc6cb155e0e9bbb8fe69f771b3259122dd8eb25db', '["*"]', NULL, NULL, '2023-03-30 17:19:06', '2023-03-30 17:19:06'),
	(519, 'App\\Models\\User', 1, 'auth_token', 'b301770f8a8f921633eb538726c9c9ecf7b6ece710a21943a64a83d4068e211e', '["*"]', NULL, NULL, '2023-03-30 18:23:31', '2023-03-30 18:23:31'),
	(520, 'App\\Models\\User', 1, 'auth_token', 'fce294bf0f6e3542103910e597cefbe4d73a1416e2f8845a45a936225b820ab1', '["*"]', NULL, NULL, '2023-03-30 18:53:36', '2023-03-30 18:53:36'),
	(521, 'App\\Models\\User', 1, 'auth_token', '0ac8bf7aff0d128ac0d99f4780d9c19c8b650bfd656c6aece6adb14b1fbf0008', '["*"]', NULL, NULL, '2023-04-03 20:49:31', '2023-04-03 20:49:31'),
	(522, 'App\\Models\\User', 1, 'auth_token', '4c9491116f4e8b37ca7c9c84b034c539ddb7729c9e6631617386085f6a7ab299', '["*"]', NULL, NULL, '2023-04-06 19:14:47', '2023-04-06 19:14:47'),
	(523, 'App\\Models\\User', 1, 'auth_token', 'f4a912902335a54d33002613bb4468f6b263affb05d599bae9f6544cb61541b1', '["*"]', NULL, NULL, '2023-04-07 18:10:13', '2023-04-07 18:10:13'),
	(524, 'App\\Models\\User', 1, 'auth_token', 'd0d7b85c343a59ad608ae6cec81f979f3093f69c4a45edad75ce8163574b3cba', '["*"]', NULL, NULL, '2023-04-07 20:53:53', '2023-04-07 20:53:53'),
	(525, 'App\\Models\\User', 1, 'auth_token', 'af684de1f88fef31f08088e4b64c1f0397b2f494cfb8b78bd47472752732819b', '["*"]', NULL, NULL, '2023-04-09 19:55:04', '2023-04-09 19:55:04'),
	(526, 'App\\Models\\User', 1, 'auth_token', 'da15da091f2df0a73c44dced5c391b832763babcdf9850a6255568b0a86daaee', '["*"]', NULL, NULL, '2023-04-10 13:17:07', '2023-04-10 13:17:07'),
	(527, 'App\\Models\\User', 1, 'auth_token', 'a6b2e9e321bd904d560e3d4b882f8ed012960c235825cd43f0e89a88a539ee90', '["*"]', NULL, NULL, '2023-04-11 18:44:43', '2023-04-11 18:44:43'),
	(528, 'App\\Models\\User', 1, 'auth_token', 'e3b10d5de326ed549f1d61f838bbcaeaf364e3de445da58533d91e6c6bb3b3f9', '["*"]', NULL, NULL, '2023-04-11 19:58:19', '2023-04-11 19:58:19'),
	(529, 'App\\Models\\User', 1, 'auth_token', '1c279908e6a4698a196fbb3f0ebe4804ffb876b6d1d8673dd9fa4c0741d7c2ac', '["*"]', NULL, NULL, '2023-04-15 11:07:28', '2023-04-15 11:07:28'),
	(530, 'App\\Models\\User', 1, 'auth_token', '9df56fbf39144fdc1cc44ba0b486af9f03bf35d4f7ca62396cfc6ff548aa8d6e', '["*"]', NULL, NULL, '2023-04-16 03:21:44', '2023-04-16 03:21:44'),
	(531, 'App\\Models\\User', 1, 'auth_token', 'bf8b817e8178d1ec6ba4607b670169302b98aff128f46ac439ba40df661e8e77', '["*"]', NULL, NULL, '2023-04-16 15:42:12', '2023-04-16 15:42:12'),
	(532, 'App\\Models\\User', 1, 'auth_token', '6a8a94371a4fbb29160b6a756cd87013b724174be069bddc82b0da8c4bd06b73', '["*"]', NULL, NULL, '2023-04-16 16:17:51', '2023-04-16 16:17:51'),
	(533, 'App\\Models\\User', 6, 'auth_token', '463f0afb6ee140e49439ac30ab186760665970fc40755a564bd9ba857a414ce4', '["*"]', NULL, NULL, '2023-04-16 16:27:00', '2023-04-16 16:27:00'),
	(534, 'App\\Models\\User', 6, 'auth_token', '72d4479cf15bf8113cb9eb41bb63f24f92049936da5e56676a7e74b80adb1744', '["*"]', NULL, NULL, '2023-04-16 17:11:27', '2023-04-16 17:11:27'),
	(535, 'App\\Models\\User', 1, 'auth_token', 'f76d2da71854319275bb33b9d763d1bff9696a084ea762b6639f2fd0394d4aeb', '["*"]', NULL, NULL, '2023-04-16 17:12:30', '2023-04-16 17:12:30'),
	(536, 'App\\Models\\User', 1, 'auth_token', 'ac4c6c84f472e03614e3f496f7d140e492c30ef0f2bebf1c2cb99098052edcc3', '["*"]', NULL, NULL, '2023-04-16 23:21:11', '2023-04-16 23:21:11'),
	(537, 'App\\Models\\User', 1, 'auth_token', '65642f24155b6c0db708137fbc6952a4b78cf127b0c5d3f2ed99f927120a8833', '["*"]', NULL, NULL, '2023-04-16 23:22:46', '2023-04-16 23:22:46'),
	(538, 'App\\Models\\User', 1, 'auth_token', '55eade87d7d5fe1a0b2bcc37b6ffd489f80469352d09268762e543a75df5e3fb', '["*"]', NULL, NULL, '2023-04-16 23:59:46', '2023-04-16 23:59:46'),
	(539, 'App\\Models\\User', 1, 'auth_token', '4251cecd447ec0fe7a23208c0424365c546a78d1015be2cff6389e8ebd0a93c1', '["*"]', NULL, NULL, '2023-04-17 02:37:11', '2023-04-17 02:37:11'),
	(540, 'App\\Models\\User', 1, 'auth_token', '35be8189363c9375208f41896e55c044e59d4ffd4e327294a1e9dfa2507900f5', '["*"]', NULL, NULL, '2023-04-17 02:37:25', '2023-04-17 02:37:25'),
	(541, 'App\\Models\\User', 1, 'auth_token', '867e3b305fd3df7733f2bba0069b37389b0d1dc1680232b933aedd0ed5942a68', '["*"]', NULL, NULL, '2023-04-17 02:38:09', '2023-04-17 02:38:09'),
	(542, 'App\\Models\\User', 1, 'auth_token', '1cdc4e9ed5523a52574cede806f25f0255f5f316ad6198131fbdc91fa03da7bc', '["*"]', NULL, NULL, '2023-04-17 02:41:30', '2023-04-17 02:41:30'),
	(543, 'App\\Models\\User', 1, 'auth_token', '3a63ccdb7e900578f6dda69e05451487001cc1eedac0e7bd924ab924a5a5ecc5', '["*"]', NULL, NULL, '2023-04-17 02:58:29', '2023-04-17 02:58:29'),
	(544, 'App\\Models\\User', 1, 'auth_token', '4afda02ba0012ac1d0ce72fa181d0c4567f59b811f42dee1773781b1958b4c70', '["*"]', NULL, NULL, '2023-04-17 02:59:41', '2023-04-17 02:59:41'),
	(545, 'App\\Models\\User', 1, 'auth_token', '5de13da3066a86909daaaa554224b005840e1b0dbd9ab9276efb1b813eb9cdaf', '["*"]', NULL, NULL, '2023-04-17 03:06:08', '2023-04-17 03:06:08'),
	(546, 'App\\Models\\User', 1, 'auth_token', 'ce96385d00f4e70cbaf6bf1e44885407c1c078693e1d8d32daeb2205ef54ea0a', '["*"]', NULL, NULL, '2023-04-17 03:08:02', '2023-04-17 03:08:02'),
	(547, 'App\\Models\\User', 1, 'auth_token', 'a3141239016213bb24fa643a974276e1c73d3c45f997b7a09dfa93123060a4b7', '["*"]', NULL, NULL, '2023-04-17 03:09:10', '2023-04-17 03:09:10'),
	(548, 'App\\Models\\User', 1, 'auth_token', '3e5f40e07b0cc9bd873ab793872530c47db547e58d964f5fc2105df5bf98c220', '["*"]', NULL, NULL, '2023-04-17 03:11:22', '2023-04-17 03:11:22'),
	(549, 'App\\Models\\User', 1, 'auth_token', '3a53fe17508f3b50789737f00d4d25df8b4c0572cecac8bb95a1063734461edd', '["*"]', NULL, NULL, '2023-04-17 03:13:42', '2023-04-17 03:13:42'),
	(550, 'App\\Models\\User', 1, 'auth_token', '689910bc96abd8b69a866cfa488d386c696868413c5d579543d799ed9e93d792', '["*"]', NULL, NULL, '2023-04-17 13:28:10', '2023-04-17 13:28:10'),
	(551, 'App\\Models\\User', 1, 'auth_token', '499aa943121afbe02b9fc7d8446bd12cd9f0ea120791f38721944c57cc03381d', '["*"]', NULL, NULL, '2023-04-17 14:30:41', '2023-04-17 14:30:41'),
	(552, 'App\\Models\\User', 1, 'auth_token', '539c15628fa3b7357716eab0de5ac483fadbccc218c89ed512219c41f2af5315', '["*"]', NULL, NULL, '2023-04-17 14:35:49', '2023-04-17 14:35:49'),
	(553, 'App\\Models\\User', 1, 'auth_token', 'c42305e74be06a1b9daea04862c1722c2cac576e84972f048c045791a3fe5fdc', '["*"]', NULL, NULL, '2023-04-17 14:36:44', '2023-04-17 14:36:44'),
	(554, 'App\\Models\\User', 1, 'auth_token', 'a4f65a4cba4aa7c5b3f413dd3c986cbf990f39918289d4177042147ae784c5f7', '["*"]', NULL, NULL, '2023-04-17 15:11:34', '2023-04-17 15:11:34'),
	(555, 'App\\Models\\User', 1, 'auth_token', '1db645a72de83534ef72851eb1c45fe751f66195dd34e1f370791f2a7fae1ab9', '["*"]', NULL, NULL, '2023-04-17 15:16:11', '2023-04-17 15:16:11'),
	(556, 'App\\Models\\User', 1, 'auth_token', '6638c51ade6bb0427adbbce01709a97f0a0bf1fc7d5e292b12405afd01f04d68', '["*"]', NULL, NULL, '2023-04-17 15:24:55', '2023-04-17 15:24:55'),
	(557, 'App\\Models\\User', 1, 'auth_token', 'f1ab611dc935f821df4e0971d2b5b80564005a35cbdc4a8f93599097e4a36de4', '["*"]', NULL, NULL, '2023-04-17 15:34:22', '2023-04-17 15:34:22'),
	(558, 'App\\Models\\User', 1, 'auth_token', 'ecdc011783361854c25717681a7c2c0dfbc7a1f1264e391b52e4ab862233ddad', '["*"]', NULL, NULL, '2023-04-18 21:51:45', '2023-04-18 21:51:45'),
	(559, 'App\\Models\\User', 1, 'auth_token', '7fcdeea5a11a94c17d99d715352ec416372cd6df6f6c84aa44342f17132a1577', '["*"]', NULL, NULL, '2023-04-19 14:08:24', '2023-04-19 14:08:24'),
	(560, 'App\\Models\\User', 1, 'auth_token', '92b5fbe336e812690075b78a01b0fa2f60ba3d68163de832299d2aa32a6247d3', '["*"]', NULL, NULL, '2023-04-19 14:08:40', '2023-04-19 14:08:40'),
	(561, 'App\\Models\\User', 1, 'auth_token', '936b91a2717ae815cccdb14057fe554f885cf3aaa82151e144bb705817d451db', '["*"]', NULL, NULL, '2023-04-19 14:09:37', '2023-04-19 14:09:37'),
	(562, 'App\\Models\\User', 1, 'auth_token', '760e3ec49b40d4b9e1a0c46643fecae28e06a69540b8a76341aabd561866e2c8', '["*"]', NULL, NULL, '2023-04-19 14:09:58', '2023-04-19 14:09:58'),
	(563, 'App\\Models\\User', 1, 'auth_token', 'e4015902e481493b00c6f8931ba8b07e00b91095d78f6fc5e2298ef83e44770e', '["*"]', NULL, NULL, '2023-04-19 14:11:06', '2023-04-19 14:11:06'),
	(564, 'App\\Models\\User', 1, 'auth_token', '05c16a00e10f03d45c1856ad5d179979c1b6afca314e3198e9cfa1bf41413056', '["*"]', NULL, NULL, '2023-04-19 14:11:49', '2023-04-19 14:11:49'),
	(565, 'App\\Models\\User', 1, 'auth_token', 'c91ba4a7a8abbe736e108c8eeb7907a73bb23ac5ab033d72d37780ccebf70453', '["*"]', NULL, NULL, '2023-04-19 14:13:17', '2023-04-19 14:13:17'),
	(566, 'App\\Models\\User', 1, 'auth_token', 'f49863c1f9a335c8305eb0c63da33e6f7d8006e209a5be00c67df7beef7cddbd', '["*"]', NULL, NULL, '2023-04-19 14:15:11', '2023-04-19 14:15:11'),
	(567, 'App\\Models\\User', 1, 'auth_token', '4a7d4472799de0e3c86aa10293240d239d790c1b3d303d44c1de713035a0b5c5', '["*"]', NULL, NULL, '2023-04-19 14:37:23', '2023-04-19 14:37:23'),
	(568, 'App\\Models\\User', 1, 'auth_token', 'f7691f369e0112dcfc22c0038cf2625eb41bf1b66a83410fe0bc1d876f06090f', '["*"]', NULL, NULL, '2023-04-19 18:19:03', '2023-04-19 18:19:03'),
	(569, 'App\\Models\\User', 1, 'auth_token', '1f3d2ba78da567288b112490c9a85e99228bd130cbb0bca8b47c599b60a37327', '["*"]', NULL, NULL, '2023-04-19 18:20:31', '2023-04-19 18:20:31'),
	(570, 'App\\Models\\User', 1, 'auth_token', 'c3980d6943536fed912f792c33ba282221d6fd04224b99a77aed76cf0f9b0c82', '["*"]', NULL, NULL, '2023-04-19 18:21:34', '2023-04-19 18:21:34'),
	(571, 'App\\Models\\User', 1, 'auth_token', '198df2cc0a4565b0097dcfb87b07b4693ab14049f48f77b859ccf6086b15eb01', '["*"]', NULL, NULL, '2023-04-19 18:22:03', '2023-04-19 18:22:03'),
	(572, 'App\\Models\\User', 1, 'auth_token', '472d21cc26c5e1a1a5c998596394b77c62296f9390d470496f6b79135c7d6cb2', '["*"]', NULL, NULL, '2023-04-19 18:24:52', '2023-04-19 18:24:52'),
	(573, 'App\\Models\\User', 1, 'auth_token', 'e937de61fde69f247cf6e8e85a59ea0b342f32285ed8a43cc5b85fc4faa537ae', '["*"]', NULL, NULL, '2023-04-19 18:34:18', '2023-04-19 18:34:18'),
	(574, 'App\\Models\\User', 1, 'auth_token', '3135a449539473ded4705bad3e428b3cd26b1ca7b99143ebc5bb09959e8b3ddb', '["*"]', NULL, NULL, '2023-04-19 18:38:34', '2023-04-19 18:38:34'),
	(575, 'App\\Models\\User', 1, 'auth_token', '019a5270b3838232b778fb23d87a9fbc1708679d1f063d9221707a8d4eb12947', '["*"]', NULL, NULL, '2023-04-19 19:06:26', '2023-04-19 19:06:26'),
	(576, 'App\\Models\\User', 1, 'auth_token', '8be843a9738121749bec7e6f5e85c9adc89117c0a435af0f29d3cd73f23a4034', '["*"]', NULL, NULL, '2023-04-19 19:37:03', '2023-04-19 19:37:03'),
	(577, 'App\\Models\\User', 1, 'auth_token', '04881531fa037a319250a96ffe67c053fccc12018e7e6b4dbdbe00dd79e90d16', '["*"]', NULL, NULL, '2023-04-19 20:20:29', '2023-04-19 20:20:29'),
	(578, 'App\\Models\\User', 1, 'auth_token', '0171715b5db564873fb912209821c278cef7a511de76b8e9975c6a157a8308b1', '["*"]', NULL, NULL, '2023-04-19 20:22:37', '2023-04-19 20:22:37'),
	(579, 'App\\Models\\User', 1, 'auth_token', 'd0c8dcaa1c355cf122f7276b0921cff5d6abbfa5ea99dd4c74d18b4abc29a5be', '["*"]', NULL, NULL, '2023-04-19 20:40:30', '2023-04-19 20:40:30'),
	(580, 'App\\Models\\User', 1, 'auth_token', '6722c9213cc1ba855f7dde597966113d81ef5bafd5e5467eb546b7506669853c', '["*"]', NULL, NULL, '2023-04-19 20:51:38', '2023-04-19 20:51:38'),
	(581, 'App\\Models\\User', 1, 'auth_token', '6fed54e030323466ea81565a4a421cf1b91634dca459e1a1c6e06efad58c871c', '["*"]', NULL, NULL, '2023-04-19 22:16:27', '2023-04-19 22:16:27'),
	(582, 'App\\Models\\User', 1, 'auth_token', '4a7a1ef4e0bce91913514b96d7987ef2915473fb0c10d145b51511f64e8de7d8', '["*"]', NULL, NULL, '2023-04-19 23:03:36', '2023-04-19 23:03:36'),
	(583, 'App\\Models\\User', 1, 'auth_token', '34831ece47b8aa93f46614be5a088d96c554bdfc974b6f0e5a5e5daf6155dfd3', '["*"]', NULL, NULL, '2023-04-19 23:11:08', '2023-04-19 23:11:08'),
	(584, 'App\\Models\\User', 1, 'auth_token', 'fbd100567888dc181eac21e7558667e24a426db9bb214654a9e8386b20730316', '["*"]', NULL, NULL, '2023-04-19 23:30:50', '2023-04-19 23:30:50'),
	(585, 'App\\Models\\User', 1, 'auth_token', 'b75cd64f6d41ff689ccbd073d3b8fa157395a1496a7980f81154d368f4309b33', '["*"]', NULL, NULL, '2023-04-19 23:48:48', '2023-04-19 23:48:48'),
	(586, 'App\\Models\\User', 1, 'auth_token', 'db0d0e403fd64a27b1d7bb136b94341793cd583b72f84d6cb9a57a50fcf82806', '["*"]', NULL, NULL, '2023-04-20 00:02:59', '2023-04-20 00:02:59'),
	(587, 'App\\Models\\User', 1, 'auth_token', 'fdc15f1c6486397cd78d243831d8169c043b32b50e675a2bddc7163b738fca3d', '["*"]', NULL, NULL, '2023-04-20 00:24:05', '2023-04-20 00:24:05'),
	(588, 'App\\Models\\User', 1, 'auth_token', '31744bc8b17ddc624d38d79b0b67b632751604ca5277eb35b23b00918627c6e0', '["*"]', NULL, NULL, '2023-04-20 00:36:22', '2023-04-20 00:36:22'),
	(589, 'App\\Models\\User', 1, 'auth_token', '6c4f4540a55aea8067ccab63316b08a379c583cc59d0b8b6d10d1010dd607b57', '["*"]', NULL, NULL, '2023-04-20 00:40:31', '2023-04-20 00:40:31'),
	(590, 'App\\Models\\User', 1, 'auth_token', '6ed7f179e6d680cccf76704330e6ddad33682c7328ee5b4bcb7256aeabb0d199', '["*"]', NULL, NULL, '2023-04-20 00:51:08', '2023-04-20 00:51:08'),
	(591, 'App\\Models\\User', 1, 'auth_token', 'f3fba0cc450f1b83b30a4be06396a2885bc07467ed90038c03ea3effa340e8a9', '["*"]', NULL, NULL, '2023-04-20 01:00:06', '2023-04-20 01:00:06'),
	(592, 'App\\Models\\User', 1, 'auth_token', '99dbc8e3d83db0539e466e50a7118abd845dd2b173aa8a84d68ba9f49e85e697', '["*"]', NULL, NULL, '2023-04-20 01:08:54', '2023-04-20 01:08:54'),
	(593, 'App\\Models\\User', 1, 'auth_token', '8ddf6a222044b70bd8ecc2f4eab1a8c1e7aa3ce30af18e48ed2093389f4fabd7', '["*"]', NULL, NULL, '2023-04-20 01:30:23', '2023-04-20 01:30:23'),
	(594, 'App\\Models\\User', 1, 'auth_token', 'f87772810d07740f3df2c222e6da15199e454dbb9d971ef151a706f792fd25f9', '["*"]', NULL, NULL, '2023-04-20 01:47:12', '2023-04-20 01:47:12'),
	(595, 'App\\Models\\User', 1, 'auth_token', '1e2355352c92c48937a7f955e122983180a38f78b269ba105e9c9f02e3c1c29f', '["*"]', NULL, NULL, '2023-04-20 02:03:08', '2023-04-20 02:03:08'),
	(596, 'App\\Models\\User', 1, 'auth_token', '1ff7c3e088359247abecc4e4efaffaa9434e4e906d0cf60cc6475f9611729196', '["*"]', NULL, NULL, '2023-04-22 00:25:50', '2023-04-22 00:25:50'),
	(597, 'App\\Models\\User', 1, 'auth_token', '4b9cc88a566b42bf626e66d04286a30fcd96aafd7d3913406a5441405b2f77d6', '["*"]', NULL, NULL, '2023-04-23 17:21:30', '2023-04-23 17:21:30'),
	(598, 'App\\Models\\User', 1, 'auth_token', '4049808ebd9467ec85adc4dcb531ba0e22431e7a2a2689d792509953a6ad2682', '["*"]', NULL, NULL, '2023-04-24 22:32:19', '2023-04-24 22:32:19'),
	(599, 'App\\Models\\User', 1, 'auth_token', 'c49913ad80ec5f99390eb92492ac3c92242dd66af3a53bfb8edf20d73c05b39f', '["*"]', NULL, NULL, '2023-04-25 18:27:54', '2023-04-25 18:27:54'),
	(600, 'App\\Models\\User', 1, 'auth_token', 'ac0df16301f18d4ae3b17fbf22a79e9b665f7e59d683a8cbc159bdd7f40fa9e1', '["*"]', NULL, NULL, '2023-04-25 20:44:12', '2023-04-25 20:44:12'),
	(601, 'App\\Models\\User', 1, 'auth_token', '6cf8024140d33f0a16229c3de777eb84603949f9f1241aadcb347ad4682ad03e', '["*"]', NULL, NULL, '2023-04-25 20:45:10', '2023-04-25 20:45:10'),
	(602, 'App\\Models\\User', 1, 'auth_token', 'c4683ed4ba13374cc55da3074605e695e77ad04788fa42ce89dab4937dbcc670', '["*"]', NULL, NULL, '2023-04-25 21:24:42', '2023-04-25 21:24:42'),
	(603, 'App\\Models\\User', 1, 'auth_token', 'df229911ee77d47f746cb1ec43a65f5d9e388f43d2c8c7420a32e35983f98c6c', '["*"]', NULL, NULL, '2023-05-04 20:36:07', '2023-05-04 20:36:07'),
	(604, 'App\\Models\\User', 1, 'auth_token', '1c290177f87523ba747588b215b1ee649d77df598c89ab584c746a144689bbb5', '["*"]', NULL, NULL, '2023-05-04 20:40:59', '2023-05-04 20:40:59'),
	(605, 'App\\Models\\User', 1, 'auth_token', '2cf72a652caf423610fcffa6abf976a95596c85d8cfd1272a41486587b07b031', '["*"]', NULL, NULL, '2023-05-05 15:17:57', '2023-05-05 15:17:57'),
	(606, 'App\\Models\\User', 1, 'auth_token', '5d20df200705320038418c1cd1ba1a6a0e063755bd69c830e72a27d87de4a323', '["*"]', '2023-05-05 15:51:57', NULL, '2023-05-05 15:25:48', '2023-05-05 15:51:57'),
	(607, 'App\\Models\\User', 1, 'auth_token', 'd595781e4c3c9a596a3ad9aaee8647cbf0bacfccefe7e5780565eff001fa4be2', '["*"]', NULL, NULL, '2023-05-05 15:35:17', '2023-05-05 15:35:17'),
	(608, 'App\\Models\\User', 1, 'auth_token', '5e5d1fc51b9cc999e968fdc1ce78e255d260374b009c6204df12c1ad962a99f8', '["*"]', '2023-05-05 16:06:42', NULL, '2023-05-05 15:38:40', '2023-05-05 16:06:42'),
	(609, 'App\\Models\\User', 1, 'auth_token', 'a669e077d3855a8f867d68c73658d64564eebea2d03a95af12c652e9127d08ac', '["*"]', '2023-05-05 16:09:39', NULL, '2023-05-05 16:07:08', '2023-05-05 16:09:39'),
	(610, 'App\\Models\\User', 1, 'auth_token', 'ecb00ea1eee5251dd9bb6a4ccd41fb051e140ec2f7cb48030b04553929d16dfd', '["*"]', '2023-05-11 17:40:19', NULL, '2023-05-11 17:39:45', '2023-05-11 17:40:19'),
	(611, 'App\\Models\\User', 1, 'auth_token', 'd25ac227325d253c63f3feef8485e2499488820e2c3b24e118b9a104a692fdda', '["*"]', NULL, NULL, '2023-05-11 17:46:20', '2023-05-11 17:46:20'),
	(612, 'App\\Models\\User', 3, 'auth_token', '88d6cd23ba966034173aac73fe23dcadda98400673bfdbffe12575703ca60580', '["*"]', NULL, NULL, '2023-05-11 18:07:24', '2023-05-11 18:07:24'),
	(613, 'App\\Models\\User', 1, 'auth_token', '64d76cfea1c1049fe70682f9c159ac9c929415f9d3b092216f6d0fcc298ee7ac', '["*"]', NULL, NULL, '2023-05-16 21:17:29', '2023-05-16 21:17:29'),
	(614, 'App\\Models\\User', 1, 'auth_token', 'd364c0f6e3afe4f84b8ffafc543bcfe694502e42c827544e1b48ecfcd2159ce6', '["*"]', '2023-05-16 21:27:49', NULL, '2023-05-16 21:19:28', '2023-05-16 21:27:49'),
	(615, 'App\\Models\\User', 1, 'auth_token', 'ed274cf17fbe49bd4592315828cda3d5e531ee314680b93eae1100e764da3b89', '["*"]', NULL, NULL, '2023-05-17 18:54:12', '2023-05-17 18:54:12'),
	(616, 'App\\Models\\User', 1, 'auth_token', 'fd4e9e550f6e7e67557bf8e09eb88ab49ca42ed832bc89e92018900cdf197632', '["*"]', '2023-05-22 21:20:09', NULL, '2023-05-17 19:06:23', '2023-05-22 21:20:09'),
	(617, 'App\\Models\\User', 7, 'auth_token', '00a0aff559ee0cb2a895928db97848f3b0fd974fd0c128b79f2a2815c4f0ae78', '["*"]', '2023-05-17 19:47:48', NULL, '2023-05-17 19:13:24', '2023-05-17 19:47:48'),
	(618, 'App\\Models\\User', 1, 'auth_token', '092b715ad5ef5ddbfe95d0178725156eccd15c535b1cfa326e26e28f8776d6d1', '["*"]', '2023-05-17 19:35:30', NULL, '2023-05-17 19:35:02', '2023-05-17 19:35:30'),
	(619, 'App\\Models\\User', 7, 'auth_token', '577e9ff152c2ba79dee23f2bf19526742cbe9433fee4b4f7bed9df248350f965', '["*"]', '2023-05-17 20:37:31', NULL, '2023-05-17 20:26:05', '2023-05-17 20:37:31'),
	(620, 'App\\Models\\User', 1, 'auth_token', '7f459ad7c5bbb50359ae263a9196e4463bb788e48b1bfcaf611aada45f4e9f61', '["*"]', '2023-05-17 20:35:28', NULL, '2023-05-17 20:33:56', '2023-05-17 20:35:28'),
	(621, 'App\\Models\\User', 1, 'auth_token', '1ca90009e1fe4a91e060a832b50d77e37e0b81404226f454ad3ffc514c1cf389', '["*"]', '2023-05-17 20:41:24', NULL, '2023-05-17 20:36:09', '2023-05-17 20:41:24'),
	(622, 'App\\Models\\User', 7, 'auth_token', '649eead56dcad438e33bb2151e447f743280eb9433e7c97ef4b187c44d830034', '["*"]', '2023-05-17 20:49:03', NULL, '2023-05-17 20:38:21', '2023-05-17 20:49:03'),
	(623, 'App\\Models\\User', 1, 'auth_token', 'e7824f1261fc70767a8c378290f8429e00091710ea443a78ac51d7649f834fac', '["*"]', '2023-05-17 20:46:13', NULL, '2023-05-17 20:42:16', '2023-05-17 20:46:13'),
	(624, 'App\\Models\\User', 1, 'auth_token', 'eb698a36cf1fe32de01104f02a419669df93ad495976d2d31f409e1922378ebe', '["*"]', NULL, NULL, '2023-05-17 20:52:03', '2023-05-17 20:52:03'),
	(625, 'App\\Models\\User', 17, 'auth_token', 'e2c260694ed169471b9579bae05e6b4edf0d3b86164e407df7780edfc04112fa', '["*"]', '2023-05-17 21:12:34', NULL, '2023-05-17 21:05:15', '2023-05-17 21:12:34'),
	(626, 'App\\Models\\User', 17, 'auth_token', '97bc2d07e1a44856c22c84c57ea9f674c2b13c4d5f0226304a26ef40ca0a8891', '["*"]', '2023-05-17 21:29:59', NULL, '2023-05-17 21:23:53', '2023-05-17 21:29:59'),
	(627, 'App\\Models\\User', 7, 'auth_token', 'a5cdd80ec357380f619fc0defd29041ea63231fc257402a8fe84371647ae9b47', '["*"]', '2023-05-18 16:25:42', NULL, '2023-05-18 13:09:27', '2023-05-18 16:25:42'),
	(628, 'App\\Models\\User', 8, 'auth_token', '4b8f2acf62ac240cf51375968b66351f89ceb921998fe143998e4bc06d74f3b6', '["*"]', '2023-05-19 15:20:56', NULL, '2023-05-18 14:22:51', '2023-05-19 15:20:57'),
	(629, 'App\\Models\\User', 7, 'auth_token', '80f550a697edc7009333dedb0b25f79514d35340b1f8ae388d498bee4d50fbd0', '["*"]', '2023-05-18 16:34:12', NULL, '2023-05-18 16:26:38', '2023-05-18 16:34:12'),
	(630, 'App\\Models\\User', 7, 'auth_token', 'be2782b490467161547198a69dc1910efc9696405551dc57398f879cae8c27e9', '["*"]', '2023-05-18 16:37:25', NULL, '2023-05-18 16:34:55', '2023-05-18 16:37:25'),
	(631, 'App\\Models\\User', 17, 'auth_token', 'acdecd667fee298bc95f3c7195e663e46100e11dbc34edc2ba9599dae27818d6', '["*"]', '2023-05-18 17:12:40', NULL, '2023-05-18 16:48:23', '2023-05-18 17:12:40'),
	(632, 'App\\Models\\User', 17, 'auth_token', '045a8c9ef9e5d40042f134eeccceda8abd6349eda7bacb5c74e0a06381a66463', '["*"]', '2023-05-18 17:13:51', NULL, '2023-05-18 16:57:49', '2023-05-18 17:13:51'),
	(633, 'App\\Models\\User', 17, 'auth_token', 'c5f639bcc102d416b23443e72c90490a631f2237f629c680c8b9718119ec85d4', '["*"]', '2023-05-18 17:02:06', NULL, '2023-05-18 16:59:42', '2023-05-18 17:02:06'),
	(634, 'App\\Models\\User', 17, 'auth_token', '8af78093b9e17126a2a72614336b34960cb2647253b38c3225793513b1c1f77c', '["*"]', '2023-05-18 18:28:45', NULL, '2023-05-18 18:28:12', '2023-05-18 18:28:45'),
	(635, 'App\\Models\\User', 17, 'auth_token', '638d2da448e5c1c60486e607db5390e13f67928478f36d3b24d576e305c5c745', '["*"]', '2023-05-18 18:56:00', NULL, '2023-05-18 18:53:25', '2023-05-18 18:56:00'),
	(636, 'App\\Models\\User', 7, 'auth_token', 'e4cc8301dc7b11ceeb54c161e9e30f87bae1fa16b2fecaf720568edad5f0691c', '["*"]', '2023-05-18 19:27:56', NULL, '2023-05-18 19:07:29', '2023-05-18 19:27:56'),
	(637, 'App\\Models\\User', 7, 'auth_token', 'ddce55b28043f3fa71aaad45ae2f0f32111b11064a172079d6d6291c521b7033', '["*"]', '2023-05-19 20:37:43', NULL, '2023-05-18 19:30:58', '2023-05-19 20:37:44'),
	(638, 'App\\Models\\User', 17, 'auth_token', '22bc2fc25ac4fe81d91741ecbf637b3dcafe6d416455b128487800b394f23408', '["*"]', '2023-05-19 14:14:48', NULL, '2023-05-18 22:56:16', '2023-05-19 14:14:48'),
	(639, 'App\\Models\\User', 8, 'auth_token', '155f16505cfd1c8fe03364578dd91fbba1837022920299444e3bb31f3bd0a829', '["*"]', '2023-05-19 20:28:27', NULL, '2023-05-19 15:21:57', '2023-05-19 20:28:27'),
	(640, 'App\\Models\\User', 7, 'auth_token', '5286bbf7d5c80061a6b257548905b6911c803b5c4dc49003b078b94edf680eba', '["*"]', '2023-05-19 20:57:47', NULL, '2023-05-19 20:38:21', '2023-05-19 20:57:47'),
	(641, 'App\\Models\\User', 7, 'auth_token', 'b93cce26d76f01837070b81051eb69f08d622f1af63fc69015f567c0788891e8', '["*"]', '2023-05-20 14:18:34', NULL, '2023-05-20 12:54:26', '2023-05-20 14:18:34'),
	(642, 'App\\Models\\User', 7, 'auth_token', 'ca5ee061b1d70d30de69c78140e1788acf5cb3291a56443e39b3ba27bdac8b49', '["*"]', '2023-05-20 14:22:32', NULL, '2023-05-20 14:19:19', '2023-05-20 14:22:32'),
	(643, 'App\\Models\\User', 17, 'auth_token', '7ed90ee10399dddfb05a5d5c189a36a47332702a9bc59245091f482576ad5175', '["*"]', '2023-05-20 19:34:15', NULL, '2023-05-20 19:30:21', '2023-05-20 19:34:15'),
	(644, 'App\\Models\\User', 17, 'auth_token', '0711f70f9c64e0fa76e73ec1d9985b83f8533db4a09a9e6aeba0fda18859a6d3', '["*"]', '2023-05-22 12:37:15', NULL, '2023-05-22 12:25:43', '2023-05-22 12:37:15'),
	(645, 'App\\Models\\User', 7, 'auth_token', '34a30d94283dcd519d49e2c9bd40cfe5ae667cc6287dffd1727a71a9898e73d8', '["*"]', '2023-05-23 18:05:03', NULL, '2023-05-22 16:23:05', '2023-05-23 18:05:03'),
	(646, 'App\\Models\\User', 17, 'auth_token', '840434f30ac3f863dc195d2ff6a2872339191472a9425b6599a3924e601d3553', '["*"]', '2023-05-22 21:27:46', NULL, '2023-05-22 21:00:53', '2023-05-22 21:27:46'),
	(647, 'App\\Models\\User', 17, 'auth_token', '20937e9c0500923716d4a2319399fc501e006a3e3126d2448cca36a399524e0d', '["*"]', NULL, NULL, '2023-05-22 21:17:44', '2023-05-22 21:17:44'),
	(648, 'App\\Models\\User', 17, 'auth_token', '10cb8735ca3773cf0adac3040a61e4927d1cb5d8b93793bcceb540295f09edf8', '["*"]', '2023-05-26 20:45:03', NULL, '2023-05-22 21:20:56', '2023-05-26 20:45:03'),
	(649, 'App\\Models\\User', 17, 'auth_token', 'ad067432aa1b67a6c38c17e09e8e00410c622d28a6df6c198965b6ee76d5558f', '["*"]', '2023-05-22 21:56:49', NULL, '2023-05-22 21:50:19', '2023-05-22 21:56:49'),
	(650, 'App\\Models\\User', 17, 'auth_token', 'bdf0788c9b8af1304201aed47fbac4a7154e943345973e4d19c99d0b8c0bd4e4', '["*"]', '2023-05-22 22:08:01', NULL, '2023-05-22 22:02:12', '2023-05-22 22:08:01'),
	(651, 'App\\Models\\User', 7, 'auth_token', 'e0005efc3c3bfce6e57f8b347798753a47fc9a45b2f03a6fb72a020ac8c024d2', '["*"]', '2023-05-23 18:08:48', NULL, '2023-05-23 18:05:41', '2023-05-23 18:08:48'),
	(652, 'App\\Models\\User', 8, 'auth_token', 'c6edd4c46cf9be15fcf3564b7d9c46535144c8d5aa9be0373f15418246f6e744', '["*"]', '2023-05-23 19:57:44', NULL, '2023-05-23 18:12:27', '2023-05-23 19:57:44'),
	(653, 'App\\Models\\User', 7, 'auth_token', '6215df4a371a4ff336f75d2542fa903c73596eb773e30ebeaab3c754b757f824', '["*"]', '2023-05-23 19:14:06', NULL, '2023-05-23 18:19:40', '2023-05-23 19:14:06'),
	(654, 'App\\Models\\User', 7, 'auth_token', 'ffc7144803b8d2ad225cd8dda36ed2a462ca61b3f7ce7013a882122b82323301', '["*"]', '2023-05-23 19:42:12', NULL, '2023-05-23 19:17:51', '2023-05-23 19:42:12'),
	(655, 'App\\Models\\User', 7, 'auth_token', '486fd7998ebc5a52359aebb09e773ad26b6d4684eeb26fc97a66ae9942b2d357', '["*"]', '2023-05-24 15:17:20', NULL, '2023-05-23 19:43:08', '2023-05-24 15:17:20'),
	(656, 'App\\Models\\User', 7, 'auth_token', '55cdd33bb5d5ac521b057745651cc2ac98f2c56afa21c28269312ae952ae882a', '["*"]', '2023-05-24 15:49:21', NULL, '2023-05-24 15:18:10', '2023-05-24 15:49:21'),
	(657, 'App\\Models\\User', 7, 'auth_token', '4245d813e750208d8ea6f987fba93bdb958e427954ea77382c2f1c540e8d649f', '["*"]', '2023-05-24 16:01:47', NULL, '2023-05-24 15:50:12', '2023-05-24 16:01:47'),
	(658, 'App\\Models\\User', 17, 'auth_token', 'baa6293e9e74359c4212104a8feac161820d9ff46b038dd805de078c9ccdcf59', '["*"]', '2023-05-24 19:08:39', NULL, '2023-05-24 19:07:03', '2023-05-24 19:08:39'),
	(659, 'App\\Models\\User', 7, 'auth_token', '3a4c094d77573cc8fad4a63f9fb9bbd03d750993036978ef9672caf1a846186f', '["*"]', '2023-05-24 22:27:10', NULL, '2023-05-24 20:24:33', '2023-05-24 22:27:10'),
	(660, 'App\\Models\\User', 17, 'auth_token', '82c2fb2ffba0eb9244fad690469107eb33e66e156bf4d9e925d5129a5298a05a', '["*"]', '2023-05-24 23:24:16', NULL, '2023-05-24 23:22:56', '2023-05-24 23:24:16'),
	(661, 'App\\Models\\User', 17, 'auth_token', '478085088b390d6284142a69744657823cdb0e0612495e38f724e2a9a86903df', '["*"]', '2023-05-24 23:31:55', NULL, '2023-05-24 23:24:57', '2023-05-24 23:31:55'),
	(662, 'App\\Models\\User', 7, 'auth_token', '7379fae260b69bd73f3521b6e412161c77706fa98831a86950fe144e879a8502', '["*"]', '2023-05-25 23:21:02', NULL, '2023-05-25 12:20:18', '2023-05-25 23:21:03'),
	(663, 'App\\Models\\User', 8, 'auth_token', '0591079951930233e00b00df47357cebd189dd3455e6156499c757c97cd53134', '["*"]', '2023-05-25 14:25:32', NULL, '2023-05-25 14:24:59', '2023-05-25 14:25:32'),
	(664, 'App\\Models\\User', 8, 'auth_token', '8296cb3e06fad768746d0fc08d3a65ceb2bf24f7b2a400605502071e5a98c573', '["*"]', '2023-05-25 23:26:36', NULL, '2023-05-25 19:00:48', '2023-05-25 23:26:36'),
	(665, 'App\\Models\\User', 17, 'auth_token', 'be308bd5743ac0e5ef6bba6944218f5f5cd7e1d1ca00e30756e7cf7cfea55258', '["*"]', '2023-05-25 22:55:45', NULL, '2023-05-25 22:52:48', '2023-05-25 22:55:45'),
	(666, 'App\\Models\\User', 7, 'auth_token', '6e7a92561d279ecc174647906f6d2257112f84894a3799be97f4023d6a48bf4c', '["*"]', '2023-05-26 11:58:43', NULL, '2023-05-26 11:55:49', '2023-05-26 11:58:43'),
	(667, 'App\\Models\\User', 8, 'auth_token', '7de69e4c7749599da18686e3b040caf2f9b115ca9236d2b427f08d1f1a496232', '["*"]', '2023-05-26 22:30:01', NULL, '2023-05-26 13:24:11', '2023-05-26 22:30:01'),
	(668, 'App\\Models\\User', 7, 'auth_token', 'df1b9bbc243f3bf52ebaa1a53e3573de69be29f83437a32150fdfedf6a18ba88', '["*"]', '2023-05-26 22:29:20', NULL, '2023-05-26 17:07:16', '2023-05-26 22:29:20'),
	(669, 'App\\Models\\User', 13, 'auth_token', 'dddc3c27abbcc04f40e6d881ed2f87e6afb8dc21ae793b9c84c4735703d934df', '["*"]', NULL, NULL, '2023-05-26 20:48:56', '2023-05-26 20:48:56'),
	(670, 'App\\Models\\User', 10, 'auth_token', 'd644632d9e731ad4ede1b8036f8929f3f45be5d323e76f36198681590ea98258', '["*"]', '2023-05-26 20:56:13', NULL, '2023-05-26 20:50:51', '2023-05-26 20:56:13'),
	(671, 'App\\Models\\User', 7, 'auth_token', '4e5c23ebf0eac4110be6e2b1457bcb8c0237a39a09e59813e29cab2d3a8f19c8', '["*"]', '2023-05-29 14:40:16', NULL, '2023-05-29 12:47:46', '2023-05-29 14:40:16'),
	(672, 'App\\Models\\User', 17, 'auth_token', 'bfca5d0a196e8e1f4c297a05886ca60e90e7a04495df228b2f7111f6a1831fbd', '["*"]', '2023-05-29 13:52:33', NULL, '2023-05-29 13:50:42', '2023-05-29 13:52:33'),
	(673, 'App\\Models\\User', 7, 'auth_token', '752a2233771a52eb6ab8d7ce71423655d760b4401c8dcc1b15448749a5eb4844', '["*"]', '2023-05-29 22:58:46', NULL, '2023-05-29 14:27:20', '2023-05-29 22:58:46'),
	(674, 'App\\Models\\User', 8, 'auth_token', '210c55f43611dccaf3a1e17bde55667fcb1b64c879a742fab20d8711e722e835', '["*"]', '2023-05-29 14:31:59', NULL, '2023-05-29 14:31:29', '2023-05-29 14:31:59'),
	(675, 'App\\Models\\User', 8, 'auth_token', '21dc7c284f1eef3d1ff98bc143815a60ec8ded99f65c3eaeacde49165191343b', '["*"]', '2023-05-29 22:35:02', NULL, '2023-05-29 18:20:57', '2023-05-29 22:35:02'),
	(676, 'App\\Models\\User', 8, 'auth_token', 'fecff4d8f63d260fecdbfc92829b1c4282d6b368476ca5571f9cf34cfddf5cc6', '["*"]', '2023-05-30 14:49:04', NULL, '2023-05-30 14:35:14', '2023-05-30 14:49:04'),
	(677, 'App\\Models\\User', 8, 'auth_token', '6b37fe27a38d37799195818dda8c7fde50d89cc342486eb837f114bca574ce44', '["*"]', '2023-05-30 22:53:57', NULL, '2023-05-30 14:40:20', '2023-05-30 22:53:57'),
	(678, 'App\\Models\\User', 17, 'auth_token', '0a49160f251ec377b4d5635903b957a7e977d4961f6555305c2910bd43f1c3d2', '["*"]', '2023-05-30 17:09:00', NULL, '2023-05-30 17:05:27', '2023-05-30 17:09:00'),
	(679, 'App\\Models\\User', 7, 'auth_token', 'ce472b0ea5e2f3d556db503dbf93b3768c5f01092fd845690e30cba1640a3576', '["*"]', '2023-05-30 22:58:00', NULL, '2023-05-30 17:43:26', '2023-05-30 22:58:00'),
	(680, 'App\\Models\\User', 17, 'auth_token', '31e68ce74a29043aebbe6d7cb78a8f94dfa3a42bf98df8550548a7dd9dc9b9d3', '["*"]', '2023-05-31 13:53:27', NULL, '2023-05-31 12:08:50', '2023-05-31 13:53:27'),
	(681, 'App\\Models\\User', 10, 'auth_token', 'f33b11643d073f7fdf7375e90c76eafad1ca0ac5c14589af060fbbd95c0a0a6d', '["*"]', '2023-05-31 14:05:44', NULL, '2023-05-31 14:05:00', '2023-05-31 14:05:44'),
	(682, 'App\\Models\\User', 8, 'auth_token', 'b605e1e02475a4139a6e3f7758b1b6b129c62dbfd2a0ea285bfd4b62520d9854', '["*"]', '2023-05-31 21:48:33', NULL, '2023-05-31 14:37:01', '2023-05-31 21:48:33'),
	(683, 'App\\Models\\User', 7, 'auth_token', 'dff6c67cde287683553c840c8864ccf8f2f542f98f6d176263722f665605d7f6', '["*"]', '2023-05-31 19:28:29', NULL, '2023-05-31 15:12:35', '2023-05-31 19:28:29'),
	(684, 'App\\Models\\User', 17, 'auth_token', 'e8b8ee1e70338a71615284a4c84fdfd16de38e29378806bb41e0ddd270cb7dfe', '["*"]', '2023-05-31 18:02:39', NULL, '2023-05-31 17:34:45', '2023-05-31 18:02:39'),
	(685, 'App\\Models\\User', 7, 'auth_token', '9663a0137c8a914223bf747909d64453cb692709a962df5d03ef7df85618eb4f', '["*"]', '2023-05-31 21:05:42', NULL, '2023-05-31 19:30:24', '2023-05-31 21:05:42'),
	(686, 'App\\Models\\User', 17, 'auth_token', '5048e0dfead18b4f44df7125089b63a6560f6d2b28e3973162206366a9ed3ee3', '["*"]', '2023-05-31 19:41:07', NULL, '2023-05-31 19:37:55', '2023-05-31 19:41:07'),
	(687, 'App\\Models\\User', 7, 'auth_token', '18c83634a4886cb47736012eec3b4fe60c416e38d2c05dfcb8502fc08dab7c33', '["*"]', '2023-05-31 20:45:31', NULL, '2023-05-31 20:25:12', '2023-05-31 20:45:31'),
	(688, 'App\\Models\\User', 7, 'auth_token', '1da08373b25413803ff470b00271cb96803b161b8eb514de97f864ec3d654b27', '["*"]', '2023-06-01 20:25:21', NULL, '2023-06-01 12:08:14', '2023-06-01 20:25:21'),
	(689, 'App\\Models\\User', 8, 'auth_token', '0759a1c88c98c855f5237259d41f245f2215d9575ffd2a88c7aac7709b657f8e', '["*"]', '2023-06-01 22:07:37', NULL, '2023-06-01 13:07:24', '2023-06-01 22:07:37'),
	(690, 'App\\Models\\User', 17, 'auth_token', 'c37315067b9f037bd73091d911e259a8c93ecfc56a89ee60c3a0f8138cb0fda0', '["*"]', '2023-06-01 17:47:55', NULL, '2023-06-01 16:57:48', '2023-06-01 17:47:55'),
	(691, 'App\\Models\\User', 7, 'auth_token', '6f79b43b448801a7be20e543bd6ebcecc48cc0774106e32e14ccaf7e88967375', '["*"]', '2023-06-01 20:02:56', NULL, '2023-06-01 20:02:18', '2023-06-01 20:02:57'),
	(692, 'App\\Models\\User', 7, 'auth_token', 'a833049e35df53f701e9c41b1597502e0a9ea3a6ee7566866ab6490c76042000', '["*"]', '2023-06-01 20:38:11', NULL, '2023-06-01 20:26:53', '2023-06-01 20:38:11'),
	(693, 'App\\Models\\User', 7, 'auth_token', '088800d48e3afed0728541ddf7deb59ac2c4ad2af770b9e314b7cbd4fec54d51', '["*"]', '2023-06-01 21:39:16', NULL, '2023-06-01 20:39:33', '2023-06-01 21:39:16'),
	(694, 'App\\Models\\User', 17, 'auth_token', 'a0096c607fe69f48e7cc08a2277fe089542aaf6ba502b89b92ccf20f6bb57a28', '["*"]', '2023-06-01 21:54:55', NULL, '2023-06-01 21:54:20', '2023-06-01 21:54:55'),
	(695, 'App\\Models\\User', 7, 'auth_token', '1130f45b612314ec4f08ade66dcd7ed7bd9d6434f31c65b99bbc272f7be129be', '["*"]', '2023-06-02 22:02:46', NULL, '2023-06-02 16:54:20', '2023-06-02 22:02:46'),
	(696, 'App\\Models\\User', 8, 'auth_token', '01b6d578b819b2add0f8af47d134e612af58a529ff2694040b536c79aa55235b', '["*"]', '2023-06-02 21:55:22', NULL, '2023-06-02 19:26:47', '2023-06-02 21:55:22'),
	(697, 'App\\Models\\User', 1, 'auth_token', '17cf94542f14c9fa51254933992664a91f9565226ccb0682985a750dc87852c4', '["*"]', NULL, NULL, '2023-06-03 21:36:43', '2023-06-03 21:36:43'),
	(698, 'App\\Models\\User', 1, 'auth_token', 'bafd49ee121fd8618bc4c150cfa35632e545c265b8aba9d6d84af3589d0ce2fd', '["*"]', NULL, NULL, '2023-06-03 21:37:22', '2023-06-03 21:37:22'),
	(699, 'App\\Models\\User', 1, 'auth_token', 'cf76c99d9090e1bc8be2b3a505c2cde981484d522d2377bef12bc3ff9c657bc4', '["*"]', NULL, NULL, '2023-06-03 21:37:36', '2023-06-03 21:37:36'),
	(700, 'App\\Models\\User', 17, 'auth_token', '5348677626f29bd8bf042e856193e8f25c9e97fc5f5d6700c847887a6673f39d', '["*"]', NULL, NULL, '2023-06-03 23:27:21', '2023-06-03 23:27:21'),
	(701, 'App\\Models\\User', 17, 'auth_token', '6fa8a37e3e629b2d86bbd14761ce50063aa2876da4beafcc36aea43a94cc6f0a', '["*"]', NULL, NULL, '2023-06-03 23:56:14', '2023-06-03 23:56:14'),
	(702, 'App\\Models\\User', 1, 'auth_token', '254c4e6811f502bf6186944863544c8649e5207086c2abbe11af34eaca96a064', '["*"]', NULL, NULL, '2023-06-04 12:34:14', '2023-06-04 12:34:14'),
	(703, 'App\\Models\\User', 1, 'auth_token', 'e2af5d51584d10256b248d2439aee98452246eaf3951db1e8cb61d88123c8b88', '["*"]', NULL, NULL, '2023-06-04 12:38:12', '2023-06-04 12:38:12'),
	(704, 'App\\Models\\User', 17, 'auth_token', 'e017334f8dfeffb2080f8c759ae73cf4ccbcac2196c26c9db939325a74845697', '["*"]', NULL, NULL, '2023-06-04 13:38:40', '2023-06-04 13:38:40');

-- Volcando estructura para tabla semtinel.roles
CREATE TABLE IF NOT EXISTS `roles` (
  `id` bigint unsigned NOT NULL AUTO_INCREMENT,
  `name` varchar(255) COLLATE utf8mb4_unicode_ci NOT NULL,
  `guard_name` varchar(255) COLLATE utf8mb4_unicode_ci NOT NULL,
  `created_at` timestamp NULL DEFAULT NULL,
  `updated_at` timestamp NULL DEFAULT NULL,
  PRIMARY KEY (`id`),
  UNIQUE KEY `roles_name_guard_name_unique` (`name`,`guard_name`)
) ENGINE=InnoDB AUTO_INCREMENT=15 DEFAULT CHARSET=utf8mb4 COLLATE=utf8mb4_unicode_ci;

-- Volcando datos para la tabla semtinel.roles: ~10 rows (aproximadamente)
INSERT INTO `roles` (`id`, `name`, `guard_name`, `created_at`, `updated_at`) VALUES
	(1, 'Administrador', 'web', '2023-01-05 20:33:09', '2023-01-07 01:00:08'),
	(2, 'Ejecutivo', 'web', '2023-01-05 20:35:23', '2023-01-07 00:55:59'),
	(3, 'Responsable de Especialidad', 'web', '2023-01-05 20:35:45', '2023-01-07 00:57:19'),
	(4, 'Especialista de Obra', 'web', '2023-01-05 20:41:46', '2023-01-07 00:57:00'),
	(5, 'Especialista de Logística', 'web', '2023-01-05 20:42:12', '2023-01-07 00:56:21'),
	(6, 'Especialista de Herramientas', 'web', '2023-01-05 20:46:24', '2023-01-07 00:59:43'),
	(7, 'Responsable de Pañol', 'web', '2023-01-05 20:48:10', '2023-01-07 00:58:17'),
	(8, 'Pañolero', 'web', '2023-01-05 20:48:58', '2023-01-07 00:59:00'),
	(13, 'Jefe de Brigada', 'web', '2023-01-27 01:42:59', '2023-01-27 01:42:59'),
	(14, 'Público', 'web', '2023-04-17 01:46:39', '2023-04-17 01:46:39');

-- Volcando estructura para tabla semtinel.role_has_permissions
CREATE TABLE IF NOT EXISTS `role_has_permissions` (
  `permission_id` bigint unsigned NOT NULL,
  `role_id` bigint unsigned NOT NULL,
  PRIMARY KEY (`permission_id`,`role_id`),
  KEY `role_has_permissions_role_id_foreign` (`role_id`),
  CONSTRAINT `role_has_permissions_permission_id_foreign` FOREIGN KEY (`permission_id`) REFERENCES `permissions` (`id`) ON DELETE CASCADE,
  CONSTRAINT `role_has_permissions_role_id_foreign` FOREIGN KEY (`role_id`) REFERENCES `roles` (`id`) ON DELETE CASCADE
) ENGINE=InnoDB DEFAULT CHARSET=utf8mb4 COLLATE=utf8mb4_unicode_ci;

-- Volcando datos para la tabla semtinel.role_has_permissions: ~103 rows (aproximadamente)
INSERT INTO `role_has_permissions` (`permission_id`, `role_id`) VALUES
	(1, 1),
	(2, 1),
	(3, 1),
	(4, 1),
	(6, 1),
	(7, 1),
	(8, 1),
	(9, 1),
	(10, 1),
	(11, 1),
	(12, 1),
	(13, 1),
	(14, 1),
	(15, 1),
	(16, 1),
	(17, 1),
	(18, 1),
	(19, 1),
	(20, 1),
	(21, 1),
	(22, 1),
	(23, 1),
	(24, 1),
	(25, 1),
	(26, 1),
	(27, 1),
	(28, 1),
	(29, 1),
	(34, 1),
	(35, 1),
	(36, 1),
	(37, 1),
	(38, 1),
	(39, 1),
	(40, 1),
	(41, 1),
	(42, 1),
	(1, 2),
	(3, 2),
	(28, 2),
	(29, 2),
	(39, 2),
	(3, 3),
	(28, 3),
	(29, 3),
	(39, 3),
	(41, 3),
	(42, 3),
	(1, 4),
	(3, 4),
	(4, 4),
	(28, 4),
	(29, 4),
	(34, 4),
	(35, 4),
	(36, 4),
	(37, 4),
	(38, 4),
	(39, 4),
	(40, 4),
	(41, 4),
	(42, 4),
	(1, 5),
	(3, 5),
	(4, 5),
	(28, 5),
	(29, 5),
	(34, 5),
	(35, 5),
	(36, 5),
	(37, 5),
	(38, 5),
	(39, 5),
	(40, 5),
	(41, 5),
	(42, 5),
	(28, 6),
	(29, 6),
	(39, 6),
	(3, 7),
	(4, 7),
	(28, 7),
	(29, 7),
	(34, 7),
	(35, 7),
	(36, 7),
	(37, 7),
	(38, 7),
	(39, 7),
	(40, 7),
	(41, 7),
	(3, 8),
	(4, 8),
	(28, 8),
	(29, 8),
	(35, 8),
	(39, 8),
	(40, 8),
	(1, 13),
	(29, 13),
	(39, 13),
	(1, 14),
	(39, 14);

-- Volcando estructura para tabla semtinel.syst_config
CREATE TABLE IF NOT EXISTS `syst_config` (
  `id` int unsigned NOT NULL AUTO_INCREMENT,
  `config` varchar(255) CHARACTER SET utf8mb4 COLLATE utf8mb4_general_ci DEFAULT NULL,
  `value` varchar(255) COLLATE utf8mb4_general_ci DEFAULT NULL,
  PRIMARY KEY (`id`)
) ENGINE=InnoDB AUTO_INCREMENT=2 DEFAULT CHARSET=utf8mb4 COLLATE=utf8mb4_general_ci;

-- Volcando datos para la tabla semtinel.syst_config: ~1 rows (aproximadamente)
INSERT INTO `syst_config` (`id`, `config`, `value`) VALUES
	(1, 'server_name', 'localhost');

-- Volcando estructura para tabla semtinel.syst_departments
CREATE TABLE IF NOT EXISTS `syst_departments` (
  `id` int NOT NULL,
  `name` varchar(255) COLLATE utf8mb4_general_ci DEFAULT NULL,
  PRIMARY KEY (`id`)
) ENGINE=InnoDB DEFAULT CHARSET=utf8mb4 COLLATE=utf8mb4_general_ci;

-- Volcando datos para la tabla semtinel.syst_departments: ~0 rows (aproximadamente)

-- Volcando estructura para tabla semtinel.syst_logs
CREATE TABLE IF NOT EXISTS `syst_logs` (
  `id` int NOT NULL AUTO_INCREMENT,
  `pole` varchar(20) COLLATE utf8mb4_general_ci DEFAULT NULL,
  `project` int DEFAULT NULL,
  `client` varchar(50) COLLATE utf8mb4_general_ci NOT NULL DEFAULT '',
  `action` varchar(50) COLLATE utf8mb4_general_ci NOT NULL DEFAULT '',
  `description` varchar(255) COLLATE utf8mb4_general_ci DEFAULT NULL,
  `entity_id` int DEFAULT '0',
  `user` int NOT NULL DEFAULT '0',
  `created_at` datetime DEFAULT NULL,
  `updated_at` datetime DEFAULT NULL,
  PRIMARY KEY (`id`)
) ENGINE=InnoDB AUTO_INCREMENT=36 DEFAULT CHARSET=utf8mb4 COLLATE=utf8mb4_general_ci;

-- Volcando datos para la tabla semtinel.syst_logs: ~9 rows (aproximadamente)
INSERT INTO `syst_logs` (`id`, `pole`, `project`, `client`, `action`, `description`, `entity_id`, `user`, `created_at`, `updated_at`) VALUES
	(1, 'HAB', 1, '10.72.109.130', 'create-entry', 'Entrada Creada', 1, 7, '2023-05-18 09:18:47', '2023-05-18 09:18:47'),
	(2, 'HAB', 1, '10.72.109.130', 'confirm-entry', 'Entrada Confirmada', 1, 7, '2023-05-18 09:20:54', '2023-05-18 09:20:54'),
	(3, 'HAB', 1, '10.72.109.130', 'create-entry', 'Entrada Creada', 2, 7, '2023-05-18 09:23:14', '2023-05-18 09:23:14'),
	(4, 'HAB', 1, '10.72.109.130', 'confirm-entry', 'Entrada Confirmada', 2, 7, '2023-05-18 09:24:12', '2023-05-18 09:24:12'),
	(5, 'HAB', 1, '10.72.109.130', 'create-entry', 'Entrada Creada', 3, 7, '2023-05-18 09:26:10', '2023-05-18 09:26:10'),
	(6, 'HAB', 1, '10.72.109.130', 'confirm-entry', 'Entrada Confirmada', 3, 7, '2023-05-18 09:26:31', '2023-05-18 09:26:31'),
	(7, 'HAB', 1, '10.72.109.130', 'create-entry', 'Entrada Creada', 4, 7, '2023-05-18 09:30:01', '2023-05-18 09:30:01'),
	(8, 'HAB', 1, '10.72.109.130', 'confirm-entry', 'Entrada Confirmada', 4, 7, '2023-05-18 09:30:22', '2023-05-18 09:30:22'),
	(9, 'HAB', 1, '10.72.109.130', 'create-entry', 'Entrada Creada', 5, 7, '2023-05-18 09:32:59', '2023-05-18 09:32:59'),
	(10, 'HAB', 1, '10.72.109.130', 'cancel-entry', 'Entrada Cancelada', 5, 7, '2023-05-18 09:35:25', '2023-05-18 09:35:25'),
	(11, 'HAB', 1, '10.72.109.130', 'create-entry', 'Entrada Creada', 6, 7, '2023-05-18 09:37:58', '2023-05-18 09:37:58'),
	(12, 'HAB', 1, '10.72.109.130', 'confirm-entry', 'Entrada Confirmada', 6, 7, '2023-05-18 09:39:04', '2023-05-18 09:39:04'),
	(13, 'HAB', 1, '10.72.109.130', 'create-entry', 'Entrada Creada', 7, 7, '2023-05-18 09:41:39', '2023-05-18 09:41:39'),
	(14, 'HAB', 1, '10.72.109.130', 'confirm-entry', 'Entrada Confirmada', 7, 7, '2023-05-18 09:42:00', '2023-05-18 09:42:00'),
	(15, 'HAB', 1, '10.72.109.130', 'create-entry', 'Entrada Creada', 8, 7, '2023-05-18 09:45:27', '2023-05-18 09:45:27'),
	(16, 'HAB', 1, '10.72.109.130', 'confirm-entry', 'Entrada Confirmada', 8, 7, '2023-05-18 09:45:47', '2023-05-18 09:45:47'),
	(17, 'HAB', 1, '10.72.109.130', 'create-entry', 'Entrada Creada', 9, 7, '2023-05-18 12:19:35', '2023-05-18 12:19:35'),
	(18, 'HAB', 1, '10.72.109.130', 'confirm-entry', 'Entrada Confirmada', 9, 7, '2023-05-18 12:20:07', '2023-05-18 12:20:07'),
	(19, 'HAB', 1, '10.72.109.130', 'create-entry', 'Entrada Creada', 10, 7, '2023-05-18 12:21:37', '2023-05-18 12:21:37'),
	(20, 'HAB', 1, '10.72.109.130', 'confirm-entry', 'Entrada Confirmada', 10, 7, '2023-05-18 12:21:59', '2023-05-18 12:21:59'),
	(21, 'HAB', 1, '10.72.109.130', 'create-entry', 'Entrada Creada', 11, 7, '2023-05-18 12:23:30', '2023-05-18 12:23:30'),
	(22, 'HAB', 1, '10.72.109.130', 'confirm-entry', 'Entrada Confirmada', 11, 7, '2023-05-18 12:23:52', '2023-05-18 12:23:52'),
	(23, 'HAB', 1, '10.72.109.130', 'cancel-entry', 'Entrada Cancelada', 12, 7, '2023-05-18 12:28:56', '2023-05-18 12:28:56'),
	(24, 'HAB', 1, '10.72.109.130', 'cancel-entry', 'Entrada Cancelada', 14, 7, '2023-05-18 12:35:45', '2023-05-18 12:35:45'),
	(25, 'HAB', 1, '10.72.109.130', 'cancel-entry', 'Entrada Cancelada', 15, 7, '2023-05-18 12:36:12', '2023-05-18 12:36:12'),
	(26, 'HAB', 1, '10.72.109.130', 'cancel-entry', 'Entrada Cancelada', 13, 7, '2023-05-18 12:36:36', '2023-05-18 12:36:36'),
	(27, 'HAB', 1, '10.72.109.130', 'cancel-entry', 'Entrada Cancelada', 16, 7, '2023-05-18 12:37:19', '2023-05-18 12:37:19'),
	(28, 'HAB', 1, '10.72.109.130', 'cancel-entry', 'Entrada Cancelada', 17, 7, '2023-05-18 15:09:59', '2023-05-18 15:09:59'),
	(29, 'HAB', 1, '10.72.109.130', 'create-entry', 'Entrada Creada', 18, 7, '2023-05-18 15:13:11', '2023-05-18 15:13:11'),
	(30, 'HAB', 1, '10.72.109.130', 'confirm-entry', 'Entrada Confirmada', 18, 7, '2023-05-18 15:13:38', '2023-05-18 15:13:38'),
	(31, 'HAB', 1, '10.72.109.130', 'create-entry', 'Entrada Creada', 19, 7, '2023-05-18 15:15:08', '2023-05-18 15:15:08'),
	(32, 'HAB', 1, '10.72.109.130', 'confirm-entry', 'Entrada Confirmada', 19, 7, '2023-05-18 15:15:31', '2023-05-18 15:15:31'),
	(33, 'HAB', 1, '10.72.109.130', 'create-entry', 'Entrada Creada', 20, 7, '2023-05-18 15:17:04', '2023-05-18 15:17:04'),
	(34, 'HAB', 1, '10.72.109.130', 'confirm-entry', 'Entrada Confirmada', 20, 7, '2023-05-18 15:17:27', '2023-05-18 15:17:27'),
	(35, 'HAB', 1, '10.72.109.130', 'create-entry', 'Entrada Creada', 21, 7, '2023-05-18 15:19:47', '2023-05-18 15:19:47'),
	(36, 'HAB', 1, '10.72.109.130', 'confirm-entry', 'Entrada Confirmada', 21, 7, '2023-05-18 15:20:10', '2023-05-18 15:20:10'),
	(37, 'HAB', 1, '10.72.109.130', 'create-entry', 'Entrada Creada', 22, 7, '2023-05-18 15:22:40', '2023-05-18 15:22:40'),
	(38, 'HAB', 1, '10.72.109.130', 'confirm-entry', 'Entrada Confirmada', 22, 7, '2023-05-18 15:23:02', '2023-05-18 15:23:02'),
	(39, 'HAB', 1, '10.72.109.130', 'cancel-entry', 'Entrada Cancelada', 25, 7, '2023-05-18 15:26:09', '2023-05-18 15:26:09'),
	(40, 'HAB', 1, '10.72.109.130', 'cancel-entry', 'Entrada Cancelada', 24, 7, '2023-05-18 15:26:45', '2023-05-18 15:26:45'),
	(41, 'HAB', 1, '10.72.109.130', 'cancel-entry', 'Entrada Cancelada', 23, 7, '2023-05-18 15:27:32', '2023-05-18 15:27:32'),
	(42, 'HAB', 1, '10.72.109.130', 'create-entry', 'Entrada Creada', 26, 7, '2023-05-18 17:08:03', '2023-05-18 17:08:03'),
	(43, 'HAB', 1, '10.72.109.130', 'confirm-entry', 'Entrada Confirmada', 26, 7, '2023-05-18 17:08:29', '2023-05-18 17:08:29'),
	(44, 'HAB', 1, '10.72.109.158', 'confirm-entry', 'Entrada Confirmada', 27, 8, '2023-05-19 16:28:27', '2023-05-19 16:28:27'),
	(45, 'HAB', 1, '10.72.109.130', 'create-entry', 'Entrada Creada', 28, 7, '2023-05-20 09:18:27', '2023-05-20 09:18:27'),
	(46, 'HAB', 1, '10.72.109.130', 'confirm-entry', 'Entrada Confirmada', 28, 7, '2023-05-20 09:18:57', '2023-05-20 09:18:57'),
	(47, 'HAB', 1, '10.72.109.130', 'create-entry', 'Entrada Creada', 29, 7, '2023-05-20 09:20:17', '2023-05-20 09:20:17'),
	(48, 'HAB', 1, '10.72.109.130', 'confirm-entry', 'Entrada Confirmada', 29, 7, '2023-05-20 09:20:49', '2023-05-20 09:20:49'),
	(49, 'HAB', 1, '10.72.109.130', 'create-entry', 'Entrada Creada', 30, 7, '2023-05-20 09:22:22', '2023-05-20 09:22:22'),
	(50, 'HAB', 1, '10.72.109.130', 'confirm-entry', 'Entrada Confirmada', 30, 7, '2023-05-20 09:22:49', '2023-05-20 09:22:49'),
	(51, 'HAB', 1, '10.72.109.130', 'create-entry', 'Entrada Creada', 31, 7, '2023-05-20 09:35:10', '2023-05-20 09:35:10'),
	(52, 'HAB', 1, '10.72.109.130', 'confirm-entry', 'Entrada Confirmada', 31, 7, '2023-05-20 09:35:39', '2023-05-20 09:35:39'),
	(53, 'HAB', 1, '10.72.109.130', 'create-entry', 'Entrada Creada', 32, 7, '2023-05-20 09:37:07', '2023-05-20 09:37:07'),
	(54, 'HAB', 1, '10.72.109.130', 'confirm-entry', 'Entrada Confirmada', 32, 7, '2023-05-20 09:37:35', '2023-05-20 09:37:35'),
	(55, 'HAB', 1, '10.72.109.130', 'create-entry', 'Entrada Creada', 33, 7, '2023-05-20 09:45:11', '2023-05-20 09:45:11'),
	(56, 'HAB', 1, '10.72.109.130', 'confirm-entry', 'Entrada Confirmada', 33, 7, '2023-05-20 09:45:40', '2023-05-20 09:45:40'),
	(57, 'HAB', 1, '10.72.109.130', 'create-entry', 'Entrada Creada', 34, 7, '2023-05-20 09:58:21', '2023-05-20 09:58:21'),
	(58, 'HAB', 1, '10.72.109.130', 'confirm-entry', 'Entrada Confirmada', 34, 7, '2023-05-20 09:58:52', '2023-05-20 09:58:52'),
	(59, 'HAB', 1, '10.72.109.130', 'create-entry', 'Entrada Creada', 35, 7, '2023-05-20 10:08:57', '2023-05-20 10:08:57'),
	(60, 'HAB', 1, '10.72.109.130', 'confirm-entry', 'Entrada Confirmada', 35, 7, '2023-05-20 10:09:39', '2023-05-20 10:09:39'),
	(61, 'HAB', 1, '10.72.109.130', 'create-entry', 'Entrada Creada', 36, 7, '2023-05-20 10:10:52', '2023-05-20 10:10:52'),
	(62, 'HAB', 1, '10.72.109.130', 'confirm-entry', 'Entrada Confirmada', 36, 7, '2023-05-20 10:11:19', '2023-05-20 10:11:19'),
	(63, 'HAB', 1, '10.72.109.130', 'create-entry', 'Entrada Creada', 37, 7, '2023-05-20 10:12:44', '2023-05-20 10:12:44'),
	(64, 'HAB', 1, '10.72.109.130', 'confirm-entry', 'Entrada Confirmada', 37, 7, '2023-05-20 10:13:13', '2023-05-20 10:13:13'),
	(65, 'HAB', 1, '10.72.109.130', 'cancel-entry', 'Entrada Cancelada', 42, 7, '2023-05-20 10:20:07', '2023-05-20 10:20:07'),
	(66, 'HAB', 1, '10.72.109.130', 'cancel-entry', 'Entrada Cancelada', 38, 7, '2023-05-20 10:20:39', '2023-05-20 10:20:39'),
	(67, 'HAB', 1, '10.72.109.130', 'cancel-entry', 'Entrada Cancelada', 39, 7, '2023-05-20 10:21:10', '2023-05-20 10:21:10'),
	(68, 'HAB', 1, '10.72.109.130', 'cancel-entry', 'Entrada Cancelada', 40, 7, '2023-05-20 10:21:41', '2023-05-20 10:21:41'),
	(69, 'HAB', 1, '10.72.109.130', 'cancel-entry', 'Entrada Cancelada', 41, 7, '2023-05-20 10:22:26', '2023-05-20 10:22:26'),
	(70, 'HAB', 1, '10.72.109.130', 'create-entry', 'Entrada Creada', 43, 7, '2023-05-22 15:08:39', '2023-05-22 15:08:39'),
	(71, 'HAB', 1, '10.72.109.130', 'confirm-entry', 'Entrada Confirmada', 43, 7, '2023-05-22 15:11:57', '2023-05-22 15:11:57'),
	(72, 'HAB', 1, '10.72.109.130', 'create-entry', 'Entrada Creada', 44, 7, '2023-05-22 15:13:10', '2023-05-22 15:13:10'),
	(73, 'HAB', 1, '10.72.109.130', 'confirm-entry', 'Entrada Confirmada', 44, 7, '2023-05-22 15:13:43', '2023-05-22 15:13:43'),
	(74, 'HAB', 1, '10.72.109.130', 'create-entry', 'Entrada Creada', 45, 7, '2023-05-22 15:15:30', '2023-05-22 15:15:30'),
	(75, 'HAB', 1, '10.72.109.130', 'confirm-entry', 'Entrada Confirmada', 45, 7, '2023-05-22 15:16:00', '2023-05-22 15:16:00'),
	(76, 'HAB', 1, '10.72.109.130', 'cancel-entry', 'Entrada Cancelada', 46, 7, '2023-05-22 15:18:41', '2023-05-22 15:18:41'),
	(77, 'HAB', 1, '10.72.109.130', 'cancel-entry', 'Entrada Cancelada', 47, 7, '2023-05-22 15:19:10', '2023-05-22 15:19:10'),
	(78, 'HAB', 1, '10.72.109.130', 'create-entry', 'Entrada Creada', 48, 7, '2023-05-22 15:20:56', '2023-05-22 15:20:56'),
	(79, 'HAB', 1, '10.72.109.130', 'confirm-entry', 'Entrada Confirmada', 48, 7, '2023-05-22 15:21:26', '2023-05-22 15:21:26'),
	(80, 'HAB', 1, '10.72.109.130', 'create-entry', 'Entrada Creada', 54, 7, '2023-05-23 14:07:14', '2023-05-23 14:07:14'),
	(81, 'HAB', 1, '10.72.109.130', 'confirm-entry', 'Entrada Confirmada', 54, 7, '2023-05-23 14:07:55', '2023-05-23 14:07:55'),
	(82, 'HAB', 1, '10.72.109.130', 'confirm-entry', 'Entrada Confirmada', 50, 7, '2023-05-23 14:21:07', '2023-05-23 14:21:07'),
	(83, 'HAB', 1, '10.72.109.130', 'cancel-entry', 'Entrada Cancelada', 51, 7, '2023-05-23 14:21:56', '2023-05-23 14:21:56'),
	(84, 'HAB', 1, '10.72.109.130', 'cancel-entry', 'Entrada Cancelada', 53, 7, '2023-05-23 14:22:34', '2023-05-23 14:22:34'),
	(85, 'HAB', 1, '10.72.109.130', 'cancel-entry', 'Entrada Cancelada', 52, 7, '2023-05-23 15:12:18', '2023-05-23 15:12:18'),
	(86, 'HAB', 1, '10.72.109.130', 'create-entry', 'Entrada Creada', 56, 7, '2023-05-23 15:24:21', '2023-05-23 15:24:21'),
	(87, 'HAB', 1, '10.72.109.130', 'confirm-entry', 'Entrada Confirmada', 56, 7, '2023-05-23 15:24:55', '2023-05-23 15:24:55'),
	(88, 'HAB', 1, '10.72.109.130', 'cancel-entry', 'Entrada Cancelada', 64, 7, '2023-05-24 11:19:31', '2023-05-24 11:19:31'),
	(89, 'HAB', 1, '10.72.109.130', 'cancel-entry', 'Entrada Cancelada', 55, 7, '2023-05-24 11:22:10', '2023-05-24 11:22:10'),
	(90, 'HAB', 1, '10.72.109.130', 'create-entry', 'Entrada Creada', 72, 7, '2023-05-24 16:30:02', '2023-05-24 16:30:02'),
	(91, 'HAB', 1, '10.72.109.130', 'confirm-entry', 'Entrada Confirmada', 72, 7, '2023-05-24 16:31:07', '2023-05-24 16:31:07'),
	(92, 'HAB', 1, '10.72.109.130', 'create-entry', 'Entrada Creada', 73, 7, '2023-05-24 16:34:04', '2023-05-24 16:34:04'),
	(93, 'HAB', 1, '10.72.109.130', 'confirm-entry', 'Entrada Confirmada', 73, 7, '2023-05-24 16:34:45', '2023-05-24 16:34:45'),
	(94, 'HAB', 1, '10.72.109.130', 'create-entry', 'Entrada Creada', 74, 7, '2023-05-24 16:50:04', '2023-05-24 16:50:04'),
	(95, 'HAB', 1, '10.72.109.130', 'confirm-entry', 'Entrada Confirmada', 74, 7, '2023-05-24 16:57:36', '2023-05-24 16:57:36'),
	(96, 'HAB', 1, '10.72.109.130', 'create-entry', 'Entrada Creada', 75, 7, '2023-05-24 16:59:37', '2023-05-24 16:59:37'),
	(97, 'HAB', 1, '10.72.109.130', 'confirm-entry', 'Entrada Confirmada', 75, 7, '2023-05-24 17:00:18', '2023-05-24 17:00:18'),
	(98, 'HAB', 1, '10.72.109.130', 'create-entry', 'Entrada Creada', 76, 7, '2023-05-24 17:04:16', '2023-05-24 17:04:16'),
	(99, 'HAB', 1, '10.72.109.130', 'create-entry', 'Entrada Creada', 77, 7, '2023-05-24 17:06:49', '2023-05-24 17:06:49'),
	(100, 'HAB', 1, '10.72.109.130', 'create-entry', 'Entrada Creada', 78, 7, '2023-05-24 17:11:03', '2023-05-24 17:11:03'),
	(101, 'HAB', 1, '10.72.109.130', 'create-entry', 'Entrada Creada', 79, 7, '2023-05-24 17:13:50', '2023-05-24 17:13:50'),
	(102, 'HAB', 1, '10.72.109.130', 'create-entry', 'Entrada Creada', 80, 7, '2023-05-24 18:00:55', '2023-05-24 18:00:55'),
	(103, 'HAB', 1, '10.72.109.130', 'confirm-entry', 'Entrada Confirmada', 76, 7, '2023-05-24 18:03:15', '2023-05-24 18:03:15'),
	(104, 'HAB', 1, '10.72.109.130', 'create-entry', 'Entrada Creada', 81, 7, '2023-05-24 18:15:48', '2023-05-24 18:15:48'),
	(105, 'HAB', 1, '10.72.109.130', 'confirm-entry', 'Entrada Confirmada', 77, 7, '2023-05-24 18:16:35', '2023-05-24 18:16:35'),
	(106, 'HAB', 1, '10.72.109.130', 'confirm-entry', 'Entrada Confirmada', 78, 7, '2023-05-24 18:21:15', '2023-05-24 18:21:15'),
	(107, 'HAB', 1, '10.72.109.130', 'confirm-entry', 'Entrada Confirmada', 79, 7, '2023-05-24 18:22:00', '2023-05-24 18:22:00'),
	(108, 'HAB', 1, '10.72.109.130', 'confirm-entry', 'Entrada Confirmada', 80, 7, '2023-05-24 18:23:00', '2023-05-24 18:23:00'),
	(109, 'HAB', 1, '10.72.109.130', 'confirm-entry', 'Entrada Confirmada', 81, 7, '2023-05-24 18:24:23', '2023-05-24 18:24:23'),
	(110, 'HAB', 1, '10.72.109.130', 'create-entry', 'Entrada Creada', 82, 7, '2023-05-25 09:41:40', '2023-05-25 09:41:40'),
	(111, 'HAB', 1, '10.72.109.130', 'confirm-entry', 'Entrada Confirmada', 82, 7, '2023-05-25 09:42:26', '2023-05-25 09:42:26'),
	(112, 'HAB', 1, '10.72.109.130', 'create-entry', 'Entrada Creada', 83, 7, '2023-05-25 10:41:18', '2023-05-25 10:41:18'),
	(113, 'HAB', 1, '10.72.109.130', 'confirm-entry', 'Entrada Confirmada', 83, 7, '2023-05-25 10:42:45', '2023-05-25 10:42:45'),
	(114, 'HAB', 1, '10.72.109.130', 'create-entry', 'Entrada Creada', 84, 7, '2023-05-25 12:22:44', '2023-05-25 12:22:44'),
	(115, 'HAB', 1, '10.72.109.130', 'create-entry', 'Entrada Creada', 85, 7, '2023-05-25 12:48:04', '2023-05-25 12:48:04'),
	(116, 'HAB', 1, '10.72.109.130', 'confirm-entry', 'Entrada Confirmada', 84, 7, '2023-05-25 12:49:18', '2023-05-25 12:49:18'),
	(117, 'HAB', 1, '10.72.109.130', 'confirm-entry', 'Entrada Confirmada', 85, 7, '2023-05-25 12:50:12', '2023-05-25 12:50:12'),
	(118, 'HAB', 1, '10.72.109.130', 'create-entry', 'Entrada Creada', 86, 7, '2023-05-25 12:55:49', '2023-05-25 12:55:49'),
	(119, 'HAB', 1, '10.72.109.130', 'confirm-entry', 'Entrada Confirmada', 86, 7, '2023-05-25 12:56:39', '2023-05-25 12:56:39'),
	(120, 'HAB', 1, '10.72.109.130', 'create-entry', 'Entrada Creada', 87, 7, '2023-05-25 13:17:54', '2023-05-25 13:17:54'),
	(121, 'HAB', 1, '10.72.109.130', 'confirm-entry', 'Entrada Confirmada', 87, 7, '2023-05-25 13:18:49', '2023-05-25 13:18:49'),
	(122, 'HAB', 1, '10.72.109.130', 'create-entry', 'Entrada Creada', 88, 7, '2023-05-25 13:34:43', '2023-05-25 13:34:43'),
	(123, 'HAB', 1, '10.72.109.130', 'confirm-entry', 'Entrada Confirmada', 88, 7, '2023-05-25 13:35:30', '2023-05-25 13:35:30'),
	(124, 'HAB', 1, '10.72.109.130', 'create-entry', 'Entrada Creada', 89, 7, '2023-05-25 15:39:48', '2023-05-25 15:39:48'),
	(125, 'HAB', 1, '10.72.109.130', 'confirm-entry', 'Entrada Confirmada', 89, 7, '2023-05-25 15:41:05', '2023-05-25 15:41:05'),
	(126, 'HAB', 1, '10.72.109.130', 'create-entry', 'Entrada Creada', 90, 7, '2023-05-25 16:14:58', '2023-05-25 16:14:58'),
	(127, 'HAB', 1, '10.72.109.130', 'confirm-entry', 'Entrada Confirmada', 90, 7, '2023-05-25 16:16:03', '2023-05-25 16:16:03'),
	(128, 'HAB', 1, '10.72.109.130', 'create-entry', 'Entrada Creada', 91, 7, '2023-05-25 16:20:21', '2023-05-25 16:20:21'),
	(129, 'HAB', 1, '10.72.109.130', 'confirm-entry', 'Entrada Confirmada', 91, 7, '2023-05-25 16:21:12', '2023-05-25 16:21:12'),
	(130, 'HAB', 1, '10.72.109.130', 'create-entry', 'Entrada Creada', 92, 7, '2023-05-25 16:26:41', '2023-05-25 16:26:41'),
	(131, 'HAB', 1, '10.72.109.130', 'confirm-entry', 'Entrada Confirmada', 92, 7, '2023-05-25 16:27:37', '2023-05-25 16:27:37'),
	(132, 'HAB', 1, '10.72.109.130', 'create-entry', 'Entrada Creada', 93, 7, '2023-05-25 16:32:35', '2023-05-25 16:32:35'),
	(133, 'HAB', 1, '10.72.109.158', 'create-entry', 'Entrada Creada', 94, 8, '2023-05-25 16:49:21', '2023-05-25 16:49:21'),
	(134, 'HAB', 1, '10.72.109.158', 'confirm-entry', 'Entrada Confirmada', 93, 8, '2023-05-25 16:50:34', '2023-05-25 16:50:34'),
	(135, 'HAB', 1, '10.72.109.158', 'confirm-entry', 'Entrada Confirmada', 94, 8, '2023-05-25 16:52:24', '2023-05-25 16:52:24'),
	(136, 'HAB', 1, '10.72.109.130', 'confirm-entry', 'Entrada Confirmada', 93, 7, '2023-05-25 16:54:00', '2023-05-25 16:54:00'),
	(137, 'HAB', 1, '10.72.109.130', 'create-entry', 'Entrada Creada', 95, 7, '2023-05-25 17:38:52', '2023-05-25 17:38:52'),
	(138, 'HAB', 1, '10.72.109.130', 'confirm-entry', 'Entrada Confirmada', 95, 7, '2023-05-25 17:40:30', '2023-05-25 17:40:30'),
	(139, 'HAB', 1, '10.72.109.130', 'create-entry', 'Entrada Creada', 96, 7, '2023-05-25 17:55:36', '2023-05-25 17:55:36'),
	(140, 'HAB', 1, '10.72.109.130', 'confirm-entry', 'Entrada Confirmada', 96, 7, '2023-05-25 17:57:19', '2023-05-25 17:57:19'),
	(141, 'HAB', 1, '10.72.109.130', 'create-entry', 'Entrada Creada', 97, 7, '2023-05-25 18:13:18', '2023-05-25 18:13:18'),
	(142, 'HAB', 1, '10.72.109.130', 'confirm-entry', 'Entrada Confirmada', 97, 7, '2023-05-25 18:14:29', '2023-05-25 18:14:29'),
	(143, 'HAB', 1, '10.72.109.130', 'create-entry', 'Entrada Creada', 98, 7, '2023-05-25 18:20:11', '2023-05-25 18:20:11'),
	(144, 'HAB', 1, '10.72.109.130', 'confirm-entry', 'Entrada Confirmada', 98, 7, '2023-05-25 18:22:16', '2023-05-25 18:22:16'),
	(145, 'HAB', 1, '10.72.109.130', 'create-entry', 'Entrada Creada', 99, 7, '2023-05-25 19:10:19', '2023-05-25 19:10:19'),
	(146, 'HAB', 1, '10.72.109.130', 'confirm-entry', 'Entrada Confirmada', 99, 7, '2023-05-25 19:11:48', '2023-05-25 19:11:48'),
	(147, 'HAB', 1, '10.72.109.130', 'create-entry', 'Entrada Creada', 100, 7, '2023-05-25 19:18:57', '2023-05-25 19:18:57'),
	(148, 'HAB', 1, '10.72.109.130', 'confirm-entry', 'Entrada Confirmada', 100, 7, '2023-05-25 19:20:13', '2023-05-25 19:20:13'),
	(149, 'HAB', 1, '10.72.109.158', 'create-entry', 'Entrada Creada', 101, 8, '2023-05-25 19:25:13', '2023-05-25 19:25:13'),
	(150, 'HAB', 1, '10.72.109.158', 'confirm-entry', 'Entrada Confirmada', 101, 8, '2023-05-25 19:26:36', '2023-05-25 19:26:36'),
	(151, 'HAB', 1, '10.72.109.158', 'create-entry', 'Entrada Creada', 102, 8, '2023-05-26 10:42:06', '2023-05-26 10:42:06'),
	(152, 'HAB', 1, '10.72.109.158', 'confirm-entry', 'Entrada Confirmada', 102, 8, '2023-05-26 10:43:07', '2023-05-26 10:43:07'),
	(153, 'HAB', 1, '10.72.109.158', 'create-entry', 'Entrada Creada', 103, 8, '2023-05-26 11:25:14', '2023-05-26 11:25:14'),
	(154, 'HAB', 1, '10.72.109.158', 'confirm-entry', 'Entrada Confirmada', 103, 8, '2023-05-26 11:26:21', '2023-05-26 11:26:21'),
	(155, 'HAB', 1, '10.72.109.158', 'create-entry', 'Entrada Creada', 104, 8, '2023-05-26 12:15:38', '2023-05-26 12:15:38'),
	(156, 'HAB', 1, '10.72.109.158', 'confirm-entry', 'Entrada Confirmada', 104, 8, '2023-05-26 12:32:13', '2023-05-26 12:32:13'),
	(157, 'HAB', 1, '10.72.109.130', 'create-entry', 'Entrada Creada', 105, 7, '2023-05-26 13:40:15', '2023-05-26 13:40:15'),
	(158, 'HAB', 1, '10.72.109.130', 'confirm-entry', 'Entrada Confirmada', 105, 7, '2023-05-26 13:41:24', '2023-05-26 13:41:24'),
	(159, 'HAB', 1, '10.72.109.158', 'create-entry', 'Entrada Creada', 106, 8, '2023-05-26 14:46:20', '2023-05-26 14:46:20'),
	(160, 'HAB', 1, '10.72.109.158', 'confirm-entry', 'Entrada Confirmada', 106, 8, '2023-05-26 14:50:00', '2023-05-26 14:50:00'),
	(161, 'HAB', 1, '10.72.109.130', 'create-entry', 'Entrada Creada', 107, 7, '2023-05-26 15:05:39', '2023-05-26 15:05:39'),
	(162, 'HAB', 1, '10.72.109.130', 'confirm-entry', 'Entrada Confirmada', 107, 7, '2023-05-26 15:07:21', '2023-05-26 15:07:21'),
	(163, 'HAB', 1, '10.72.109.158', 'create-entry', 'Entrada Creada', 108, 8, '2023-05-26 15:18:43', '2023-05-26 15:18:43'),
	(164, 'HAB', 1, '10.72.109.158', 'create-entry', 'Entrada Creada', 109, 8, '2023-05-26 15:49:50', '2023-05-26 15:49:50'),
	(165, 'HAB', 1, '10.72.109.158', 'confirm-entry', 'Entrada Confirmada', 108, 8, '2023-05-26 15:52:16', '2023-05-26 15:52:16'),
	(166, 'HAB', 1, '10.72.109.158', 'confirm-entry', 'Entrada Confirmada', 109, 8, '2023-05-26 15:53:36', '2023-05-26 15:53:36'),
	(167, 'HAB', 1, '10.72.109.130', 'create-entry', 'Entrada Creada', 110, 7, '2023-05-26 16:00:55', '2023-05-26 16:00:55'),
	(168, 'HAB', 1, '10.72.109.130', 'confirm-entry', 'Entrada Confirmada', 110, 7, '2023-05-26 16:02:27', '2023-05-26 16:02:27'),
	(169, 'HAB', 1, '10.72.109.158', 'create-entry', 'Entrada Creada', 111, 8, '2023-05-26 16:04:40', '2023-05-26 16:04:40'),
	(170, 'HAB', 1, '10.72.109.158', 'confirm-entry', 'Entrada Confirmada', 111, 8, '2023-05-26 16:06:36', '2023-05-26 16:06:36'),
	(171, 'HAB', 1, '10.72.109.130', 'create-entry', 'Entrada Creada', 112, 7, '2023-05-26 16:11:25', '2023-05-26 16:11:25'),
	(172, 'HAB', 1, '10.72.109.130', 'confirm-entry', 'Entrada Confirmada', 112, 7, '2023-05-26 16:13:05', '2023-05-26 16:13:05'),
	(173, 'HAB', 1, '10.72.109.158', 'create-entry', 'Entrada Creada', 113, 8, '2023-05-26 16:34:50', '2023-05-26 16:34:50'),
	(174, 'HAB', 1, '10.72.109.158', 'confirm-entry', 'Entrada Confirmada', 113, 8, '2023-05-26 16:36:17', '2023-05-26 16:36:17'),
	(175, 'HAB', 1, '10.72.109.158', 'create-entry', 'Entrada Creada', 114, 8, '2023-05-26 17:17:39', '2023-05-26 17:17:39'),
	(176, 'HAB', 1, '10.72.109.158', 'confirm-entry', 'Entrada Confirmada', 114, 8, '2023-05-26 17:19:07', '2023-05-26 17:19:07'),
	(177, 'HAB', 1, '10.72.109.158', 'create-entry', 'Entrada Creada', 115, 8, '2023-05-26 17:30:13', '2023-05-26 17:30:13'),
	(178, 'HAB', 1, '10.72.109.158', 'confirm-entry', 'Entrada Confirmada', 115, 8, '2023-05-26 17:31:22', '2023-05-26 17:31:22'),
	(179, 'HAB', 1, '10.72.109.158', 'create-entry', 'Entrada Creada', 116, 8, '2023-05-26 17:58:31', '2023-05-26 17:58:31'),
	(180, 'HAB', 1, '10.72.109.158', 'confirm-entry', 'Entrada Confirmada', 116, 8, '2023-05-26 17:59:59', '2023-05-26 17:59:59'),
	(181, 'HAB', 1, '10.72.109.158', 'create-entry', 'Entrada Creada', 117, 8, '2023-05-26 18:07:44', '2023-05-26 18:07:44'),
	(182, 'HAB', 1, '10.72.109.130', 'create-entry', 'Entrada Creada', 118, 7, '2023-05-26 18:08:26', '2023-05-26 18:08:26'),
	(183, 'HAB', 1, '10.72.109.158', 'confirm-entry', 'Entrada Confirmada', 117, 8, '2023-05-26 18:09:12', '2023-05-26 18:09:12'),
	(184, 'HAB', 1, '10.72.109.130', 'confirm-entry', 'Entrada Confirmada', 117, 7, '2023-05-26 18:10:27', '2023-05-26 18:10:27'),
	(185, 'HAB', 1, '10.72.109.130', 'confirm-entry', 'Entrada Confirmada', 118, 7, '2023-05-26 18:11:45', '2023-05-26 18:11:45'),
	(186, 'HAB', 1, '10.72.109.130', 'create-entry', 'Entrada Creada', 119, 7, '2023-05-26 18:20:08', '2023-05-26 18:20:08'),
	(187, 'HAB', 1, '10.72.109.130', 'confirm-entry', 'Entrada Confirmada', 119, 7, '2023-05-26 18:21:17', '2023-05-26 18:21:17'),
	(188, 'HAB', 1, '10.72.109.158', 'create-entry', 'Entrada Creada', 120, 8, '2023-05-26 18:26:00', '2023-05-26 18:26:00'),
	(189, 'HAB', 1, '10.72.109.130', 'create-entry', 'Entrada Creada', 121, 7, '2023-05-26 18:27:45', '2023-05-26 18:27:45'),
	(190, 'HAB', 1, '10.72.109.158', 'confirm-entry', 'Entrada Confirmada', 120, 8, '2023-05-26 18:27:51', '2023-05-26 18:27:51'),
	(191, 'HAB', 1, '10.72.109.130', 'confirm-entry', 'Entrada Confirmada', 121, 7, '2023-05-26 18:29:20', '2023-05-26 18:29:20'),
	(192, 'HAB', 1, '10.72.109.130', 'create-output', 'Salida Creada', 1, 7, '2023-05-29 09:58:55', '2023-05-29 09:58:55'),
	(193, 'HAB', 1, '10.72.109.130', 'confirm-output', 'Salida Confirmada', 1, 7, '2023-05-29 09:59:23', '2023-05-29 09:59:23'),
	(194, 'HAB', 1, '10.72.109.130', 'create-output', 'Salida Creada', 2, 7, '2023-05-29 10:24:35', '2023-05-29 10:24:35'),
	(195, 'HAB', 1, '10.72.109.130', 'confirm-output', 'Salida Confirmada', 2, 7, '2023-05-29 10:24:55', '2023-05-29 10:24:55'),
	(196, 'HAB', 1, '10.72.109.130', 'create-entry', 'Entrada Creada', 122, 7, '2023-05-29 10:31:30', '2023-05-29 10:31:30'),
	(197, 'HAB', 1, '10.72.109.130', 'confirm-entry', 'Entrada Confirmada', 122, 7, '2023-05-29 10:35:53', '2023-05-29 10:35:53'),
	(198, 'HAB', 1, '10.72.109.130', 'create-output', 'Salida Creada', 3, 7, '2023-05-29 10:39:54', '2023-05-29 10:39:54'),
	(199, 'HAB', 1, '10.72.109.130', 'confirm-output', 'Salida Confirmada', 3, 7, '2023-05-29 10:40:17', '2023-05-29 10:40:17'),
	(200, 'HAB', 1, '10.72.109.130', 'create-entry', 'Entrada Creada', 123, 7, '2023-05-29 13:50:49', '2023-05-29 13:50:49'),
	(201, 'HAB', 1, '10.72.109.130', 'confirm-entry', 'Entrada Confirmada', 123, 7, '2023-05-29 13:52:00', '2023-05-29 13:52:00'),
	(202, 'HAB', 1, '10.72.109.130', 'create-entry', 'Entrada Creada', 124, 7, '2023-05-29 14:03:46', '2023-05-29 14:03:46'),
	(203, 'HAB', 1, '10.72.109.130', 'confirm-entry', 'Entrada Confirmada', 124, 7, '2023-05-29 14:04:56', '2023-05-29 14:04:56'),
	(204, 'HAB', 1, '10.72.109.130', 'create-entry', 'Entrada Creada', 125, 7, '2023-05-29 14:11:06', '2023-05-29 14:11:06'),
	(205, 'HAB', 1, '10.72.109.130', 'confirm-entry', 'Entrada Confirmada', 125, 7, '2023-05-29 14:13:57', '2023-05-29 14:13:57'),
	(206, 'HAB', 1, '10.72.109.130', 'cancel-entry', 'Entrada Cancelada', 126, 7, '2023-05-29 14:20:02', '2023-05-29 14:20:02'),
	(207, 'HAB', 1, '10.72.109.158', 'create-entry', 'Entrada Creada', 127, 8, '2023-05-29 16:40:52', '2023-05-29 16:40:52'),
	(208, 'HAB', 1, '10.72.109.158', 'confirm-entry', 'Entrada Confirmada', 127, 8, '2023-05-29 16:42:35', '2023-05-29 16:42:35'),
	(209, 'HAB', 1, '10.72.109.158', 'create-entry', 'Entrada Creada', 129, 8, '2023-05-30 16:12:35', '2023-05-30 16:12:35'),
	(210, 'HAB', 1, '10.72.109.158', 'confirm-entry', 'Entrada Confirmada', 129, 8, '2023-05-30 16:16:44', '2023-05-30 16:16:44'),
	(211, 'HAB', 1, '10.72.109.158', 'create-entry', 'Entrada Creada', 130, 8, '2023-05-30 18:01:52', '2023-05-30 18:01:52'),
	(212, 'HAB', 1, '10.72.109.158', 'confirm-entry', 'Entrada Confirmada', 130, 8, '2023-05-30 18:03:14', '2023-05-30 18:03:14'),
	(213, 'HAB', 1, '10.72.109.158', 'create-entry', 'Entrada Creada', 131, 8, '2023-05-30 18:13:09', '2023-05-30 18:13:09'),
	(214, 'HAB', 1, '10.72.109.158', 'confirm-entry', 'Entrada Confirmada', 131, 8, '2023-05-30 18:14:45', '2023-05-30 18:14:45'),
	(215, 'HAB', 1, '10.72.109.158', 'create-entry', 'Entrada Creada', 132, 8, '2023-05-30 18:21:33', '2023-05-30 18:21:33'),
	(216, 'HAB', 1, '10.72.109.158', 'confirm-entry', 'Entrada Confirmada', 132, 8, '2023-05-30 18:22:53', '2023-05-30 18:22:53'),
	(217, 'HAB', 1, '10.72.109.130', 'create-entry', 'Entrada Creada', 133, 7, '2023-05-30 18:27:16', '2023-05-30 18:27:16'),
	(218, 'HAB', 1, '10.72.109.130', 'confirm-entry', 'Entrada Confirmada', 133, 7, '2023-05-30 18:28:29', '2023-05-30 18:28:29'),
	(219, 'HAB', 1, '10.72.109.158', 'create-entry', 'Entrada Creada', 134, 8, '2023-05-30 18:29:00', '2023-05-30 18:29:00'),
	(220, 'HAB', 1, '10.72.109.158', 'create-entry', 'Entrada Creada', 135, 8, '2023-05-30 18:36:15', '2023-05-30 18:36:15'),
	(221, 'HAB', 1, '10.72.109.158', 'confirm-entry', 'Entrada Confirmada', 135, 8, '2023-05-30 18:37:40', '2023-05-30 18:37:40'),
	(222, 'HAB', 1, '10.72.109.158', 'create-entry', 'Entrada Creada', 136, 8, '2023-05-30 18:41:16', '2023-05-30 18:41:16'),
	(223, 'HAB', 1, '10.72.109.158', 'confirm-entry', 'Entrada Confirmada', 136, 8, '2023-05-30 18:44:00', '2023-05-30 18:44:00'),
	(224, 'HAB', 1, '10.72.109.158', 'create-entry', 'Entrada Creada', 137, 8, '2023-05-30 18:51:22', '2023-05-30 18:51:22'),
	(225, 'HAB', 1, '10.72.109.158', 'confirm-entry', 'Entrada Confirmada', 137, 8, '2023-05-30 18:53:58', '2023-05-30 18:53:58'),
	(226, 'HAB', 1, '10.72.109.130', 'create-entry', 'Entrada Creada', 138, 7, '2023-05-30 18:53:58', '2023-05-30 18:53:58'),
	(227, 'HAB', 1, '10.72.109.130', 'confirm-entry', 'Entrada Confirmada', 138, 7, '2023-05-30 18:55:19', '2023-05-30 18:55:19'),
	(228, 'HAB', 1, '10.72.109.130', 'create-entry', 'Entrada Creada', 139, 7, '2023-05-31 16:29:35', '2023-05-31 16:29:35'),
	(229, 'HAB', 1, '10.72.109.130', 'confirm-entry', 'Entrada Confirmada', 139, 7, '2023-05-31 16:36:42', '2023-05-31 16:36:42'),
	(230, 'HAB', 1, '10.72.109.130', 'create-output', 'Salida Creada', 4, 7, '2023-05-31 17:02:36', '2023-05-31 17:02:36'),
	(231, 'HAB', 1, '10.72.109.130', 'confirm-output', 'Salida Confirmada', 4, 7, '2023-05-31 17:05:42', '2023-05-31 17:05:42'),
	(232, 'HAB', 1, '10.72.109.130', 'cancel-entry', 'Entrada Cancelada', 71, 7, '2023-06-01 08:10:31', '2023-06-01 08:10:31'),
	(233, 'HAB', 1, '10.72.109.130', 'create-entry', 'Entrada Creada', 140, 7, '2023-06-01 11:07:36', '2023-06-01 11:07:36'),
	(234, 'HAB', 1, '10.72.109.158', 'create-entry', 'Entrada Creada', 141, 8, '2023-06-01 11:19:06', '2023-06-01 11:19:06'),
	(235, 'HAB', 1, '10.72.109.130', 'confirm-entry', 'Entrada Confirmada', 140, 7, '2023-06-01 11:23:46', '2023-06-01 11:23:46'),
	(236, 'HAB', 1, '10.72.109.158', 'confirm-entry', 'Entrada Confirmada', 141, 8, '2023-06-01 11:54:54', '2023-06-01 11:54:54'),
	(237, 'HAB', 1, '10.72.109.158', 'create-output', 'Salida Creada', 5, 8, '2023-06-01 15:48:28', '2023-06-01 15:48:28'),
	(238, 'HAB', 1, '10.72.109.158', 'confirm-output', 'Salida Confirmada', 5, 8, '2023-06-01 15:50:12', '2023-06-01 15:50:12'),
	(239, 'HAB', 1, '10.72.109.130', 'create-output', 'Salida Creada', 6, 7, '2023-06-01 16:10:46', '2023-06-01 16:10:46'),
	(240, 'HAB', 1, '10.72.109.130', 'confirm-output', 'Salida Confirmada', 6, 7, '2023-06-01 16:11:12', '2023-06-01 16:11:12'),
	(241, 'HAB', 1, '10.72.109.130', 'create-entry', 'Entrada Creada', 142, 7, '2023-06-01 16:18:17', '2023-06-01 16:18:17'),
	(242, 'HAB', 1, '10.72.109.130', 'confirm-entry', 'Entrada Confirmada', 142, 7, '2023-06-01 16:19:59', '2023-06-01 16:19:59'),
	(243, 'HAB', 1, '10.72.109.158', 'create-entry', 'Entrada Creada', 143, 8, '2023-06-01 16:30:47', '2023-06-01 16:30:47'),
	(244, 'HAB', 1, '10.72.109.130', 'create-output', 'Salida Creada', 7, 7, '2023-06-01 16:34:47', '2023-06-01 16:34:47'),
	(245, 'HAB', 1, '10.72.109.130', 'confirm-output', 'Salida Confirmada', 7, 7, '2023-06-01 16:35:20', '2023-06-01 16:35:20'),
	(246, 'HAB', 1, '10.72.109.158', 'create-entry', 'Entrada Creada', 144, 8, '2023-06-01 16:52:52', '2023-06-01 16:52:52'),
	(247, 'HAB', 1, '10.72.109.130', 'confirm-entry', 'Entrada Confirmada', 143, 7, '2023-06-01 16:54:23', '2023-06-01 16:54:23'),
	(248, 'HAB', 1, '10.72.109.158', 'create-output', 'Salida Creada', 8, 8, '2023-06-01 17:10:08', '2023-06-01 17:10:08'),
	(249, 'HAB', 1, '10.72.109.158', 'confirm-output', 'Salida Confirmada', 8, 8, '2023-06-01 17:10:43', '2023-06-01 17:10:43'),
	(250, 'HAB', 1, '10.72.109.130', 'create-output', 'Salida Creada', 9, 7, '2023-06-01 17:35:29', '2023-06-01 17:35:29'),
	(251, 'HAB', 1, '10.72.109.130', 'confirm-output', 'Salida Confirmada', 9, 7, '2023-06-01 17:35:51', '2023-06-01 17:35:51'),
	(252, 'HAB', 1, '10.72.109.158', 'create-entry', 'Entrada Creada', 145, 8, '2023-06-02 15:53:12', '2023-06-02 15:53:12'),
	(253, 'HAB', 1, '10.72.109.158', 'confirm-entry', 'Entrada Confirmada', 145, 8, '2023-06-02 15:54:42', '2023-06-02 15:54:42'),
	(254, 'HAB', 1, '10.72.109.158', 'create-entry', 'Entrada Creada', 146, 8, '2023-06-02 17:36:39', '2023-06-02 17:36:39'),
	(255, 'HAB', 1, '10.72.109.158', 'confirm-entry', 'Entrada Confirmada', 146, 8, '2023-06-02 17:38:22', '2023-06-02 17:38:22'),
	(256, 'HAB', 1, '10.72.109.158', 'confirm-entry', 'Entrada Confirmada', 144, 8, '2023-06-02 17:39:51', '2023-06-02 17:39:51'),
	(257, 'HAB', 1, '10.72.109.158', 'create-entry', 'Entrada Creada', 147, 8, '2023-06-02 17:48:08', '2023-06-02 17:48:08'),
	(258, 'HAB', 1, '10.72.109.158', 'confirm-entry', 'Entrada Confirmada', 147, 8, '2023-06-02 17:52:42', '2023-06-02 17:52:42');

-- Volcando estructura para tabla semtinel.syst_poles
CREATE TABLE IF NOT EXISTS `syst_poles` (
  `id` int unsigned NOT NULL AUTO_INCREMENT,
  `name` varchar(255) COLLATE utf8mb4_general_ci DEFAULT NULL,
  `abbr` varchar(50) CHARACTER SET utf8mb4 COLLATE utf8mb4_general_ci DEFAULT NULL,
  `active` bit(1) DEFAULT NULL,
  PRIMARY KEY (`id`)
) ENGINE=InnoDB AUTO_INCREMENT=48 DEFAULT CHARSET=utf8mb4 COLLATE=utf8mb4_general_ci;

-- Volcando datos para la tabla semtinel.syst_poles: ~7 rows (aproximadamente)
INSERT INTO `syst_poles` (`id`, `name`, `abbr`, `active`) VALUES
	(1, 'Habana', 'HAB', b'1'),
	(3, 'Cayo Coco', 'CCO', b'0'),
	(4, 'Varadero', 'VAR', b'0'),
	(5, 'Santa María', 'CSM', b'0'),
	(6, 'Cayo Cruz', 'CCZ', b'0'),
	(7, 'Guardalavaca', 'HGV', b'0'),
	(8, 'Ramón de Antilla', 'RDA', b'0');

-- Volcando estructura para tabla semtinel.syst_structure_eop
CREATE TABLE IF NOT EXISTS `syst_structure_eop` (
  `id` int NOT NULL AUTO_INCREMENT,
  `id_project` int DEFAULT NULL,
  `description` varchar(255) COLLATE utf8mb4_general_ci DEFAULT NULL,
  `parent` int DEFAULT NULL,
  `active` bit(1) DEFAULT NULL,
  PRIMARY KEY (`id`)
) ENGINE=InnoDB AUTO_INCREMENT=26 DEFAULT CHARSET=utf8mb4 COLLATE=utf8mb4_general_ci;

-- Volcando datos para la tabla semtinel.syst_structure_eop: ~25 rows (aproximadamente)
INSERT INTO `syst_structure_eop` (`id`, `id_project`, `description`, `parent`, `active`) VALUES
	(1, 1, 'NIVEL 0', 0, b'1'),
	(2, 1, 'NIVEL 2', 0, b'1'),
	(3, 1, 'NIVEL 3', 0, b'1'),
	(4, 1, 'NIVEL 4', 0, b'1'),
	(5, 1, 'NIVEL 5', 0, b'1'),
	(6, 1, 'NIVEL 6', 0, b'1'),
	(7, 1, 'NIVEL 7', 0, b'1'),
	(8, 1, 'NIVEL 8', 0, b'1'),
	(9, 1, 'NIVEL 9', 0, b'1'),
	(10, 1, 'Fachada Aguacate', 0, b'1'),
	(11, 1, 'Fachada Banco 1', 0, b'1'),
	(12, 1, 'Fachada Banco 2', 0, b'1'),
	(13, 1, 'Fachada Banco 3', 0, b'1'),
	(14, 1, 'Fachada O Reilly', 0, b'1'),
	(15, 1, 'Fachada Patio 1', 0, b'1'),
	(16, 1, 'Fachada Patio 2', 0, b'1'),
	(17, 1, 'Fachada San Juan de Dios', 0, b'1'),
	(18, 1, 'FAT', 0, b'1'),
	(19, 1, 'NIVEL Azotea', 0, b'1'),
	(20, 1, 'NIVEL Cubierta', 0, b'1'),
	(21, 1, 'NIVEL Mezzannine', 0, b'1'),
	(22, 1, 'OEXT', 0, b'1'),
	(23, 1, 'PROTOTIPO', 0, b'1'),
	(24, 1, 'SOTANO', 0, b'1'),
	(25, 1, 'Test 1', 12, b'1');

-- Volcando estructura para tabla semtinel.syst_structure_projects
CREATE TABLE IF NOT EXISTS `syst_structure_projects` (
  `id` int unsigned NOT NULL AUTO_INCREMENT,
  `id_pole` int NOT NULL,
  `name` varchar(255) CHARACTER SET utf8mb4 COLLATE utf8mb4_general_ci NOT NULL,
  `active` bit(1) DEFAULT b'1',
  `abbr` varchar(50) COLLATE utf8mb4_general_ci DEFAULT NULL,
  PRIMARY KEY (`id`)
) ENGINE=InnoDB AUTO_INCREMENT=2 DEFAULT CHARSET=utf8mb4 COLLATE=utf8mb4_general_ci;

-- Volcando datos para la tabla semtinel.syst_structure_projects: ~1 rows (aproximadamente)
INSERT INTO `syst_structure_projects` (`id`, `id_pole`, `name`, `active`, `abbr`) VALUES
	(1, 1, 'Hotel Metrópolis', b'1', 'METROP');

-- Volcando estructura para tabla semtinel.syst_subsystems
CREATE TABLE IF NOT EXISTS `syst_subsystems` (
  `id` int unsigned NOT NULL AUTO_INCREMENT,
  `name` varchar(255) COLLATE utf8mb4_general_ci DEFAULT NULL,
  `active` bit(1) DEFAULT NULL,
  PRIMARY KEY (`id`)
) ENGINE=InnoDB AUTO_INCREMENT=23 DEFAULT CHARSET=utf8mb4 COLLATE=utf8mb4_general_ci;

-- Volcando datos para la tabla semtinel.syst_subsystems: ~3 rows (aproximadamente)
INSERT INTO `syst_subsystems` (`id`, `name`, `active`) VALUES
	(1, 'Logística', b'1'),
	(2, 'BTA Inventarios', b'0'),
	(3, 'Convenios', b'0');

-- Volcando estructura para tabla semtinel.syst_warehouses
CREATE TABLE IF NOT EXISTS `syst_warehouses` (
  `id` int unsigned NOT NULL AUTO_INCREMENT,
  `id_project` int DEFAULT NULL,
  `name` varchar(255) COLLATE utf8mb4_general_ci DEFAULT NULL,
  `owner` varchar(255) COLLATE utf8mb4_general_ci DEFAULT NULL,
  `active` bit(1) DEFAULT b'1',
  PRIMARY KEY (`id`)
) ENGINE=InnoDB AUTO_INCREMENT=9 DEFAULT CHARSET=utf8mb4 COLLATE=utf8mb4_general_ci;

-- Volcando datos para la tabla semtinel.syst_warehouses: ~4 rows (aproximadamente)
INSERT INTO `syst_warehouses` (`id`, `id_project`, `name`, `owner`, `active`) VALUES
	(1, 1, 'Pañol Estructura', 'Dayanis Duani Leira', b'1'),
	(2, 1, 'Pañol Instalaciones Plomería', 'Yosvanis González Pérez', b'1'),
	(3, 1, 'Pañol Instalaciones Electricidad', 'Carlos O. Santana Ortiz', b'1'),
	(8, 1, 'Pañol Instalaciones Mecánica', 'Alejandro Miguel Rodríguez Quiala', b'1'),
	(9, 1, 'Pañol Acabado', 'Yanelis Hernández Cordova', b'1'),
	(10, 1, 'Pañol Herramientas', 'Felipe Flores Barroso', b'1'),
	(11, 1, 'Pañol QSE', 'Mayra Mena Cedeño', b'1');

-- Volcando estructura para tabla semtinel.users
CREATE TABLE IF NOT EXISTS `users` (
  `id` bigint unsigned NOT NULL AUTO_INCREMENT,
  `first_name` varchar(255) CHARACTER SET utf8mb4 COLLATE utf8mb4_unicode_ci DEFAULT NULL,
  `last_name` varchar(255) CHARACTER SET utf8mb4 COLLATE utf8mb4_unicode_ci DEFAULT NULL,
  `email` varchar(255) COLLATE utf8mb4_unicode_ci NOT NULL,
  `email_verified_at` timestamp NULL DEFAULT NULL,
  `username` varchar(255) CHARACTER SET utf8mb4 COLLATE utf8mb4_unicode_ci DEFAULT NULL,
  `password` varchar(255) COLLATE utf8mb4_unicode_ci NOT NULL,
  `remember_token` varchar(100) COLLATE utf8mb4_unicode_ci DEFAULT NULL,
  `created_at` timestamp NULL DEFAULT NULL,
  `updated_at` timestamp NULL DEFAULT NULL,
  `guid` varchar(255) COLLATE utf8mb4_unicode_ci DEFAULT NULL,
  `domain` varchar(255) COLLATE utf8mb4_unicode_ci DEFAULT NULL,
  PRIMARY KEY (`id`),
  UNIQUE KEY `users_email_unique` (`email`),
  UNIQUE KEY `users_guid_unique` (`guid`) USING BTREE
) ENGINE=InnoDB AUTO_INCREMENT=10 DEFAULT CHARSET=utf8mb4 COLLATE=utf8mb4_unicode_ci;

-- Volcando datos para la tabla semtinel.users: ~9 rows (aproximadamente)
INSERT INTO `users` (`id`, `first_name`, `last_name`, `email`, `email_verified_at`, `username`, `password`, `remember_token`, `created_at`, `updated_at`, `guid`, `domain`) VALUES
	(1, 'Tony', 'Machado', 'tony@nauta.cu', NULL, 'admin', '$2y$10$FKGSPHZC1kcrU8zyQJoqNe.9GtxwQ5XYA68oHDt.Xb0ecbev34QYi', '7A2XsNuDIZ5PeKwKZ5zmS6Bs9NqWD9PBhkMvFcTrgysJFMjxuItABQ16vOxy', '2022-11-26 18:45:07', '2022-11-26 18:45:07', NULL, NULL),
	(7, 'Yumiels', 'Niubo de la Fuente', 'yniubo@aei-ucmbybat.co.cu', NULL, 'yniubo', '$2y$10$C/H4oNcvjk6xNUhMQkeYJOCZomXDcg/dlVMZkqCr60Gur8m9hXv0i', 'Pj0FedzRb0cpHEGVO6BeWq7M9f86HjW23JaMPiGYhDNPVcUMlebxpKLIAdbn', '2023-05-17 19:09:56', '2023-05-17 19:09:56', NULL, NULL),
	(8, 'Mayra', 'Mena Cedeño', 'mmenac@aei-ucmbybat.co.cu', NULL, 'mmenac', '$2y$10$RvwFRmZik8S/fK1mG6OKzOTAiAeZYe4okpBiJem03qm6ZjKYKgIim', '6Jnq7eXVfGGZJC3YewR7ZkZ3C4BV5hkeF2Ohaqpi7jf8TMEy1EkYqaEzOBau', '2023-05-17 19:55:59', '2023-05-17 19:55:59', NULL, NULL),
	(9, 'Haydee', 'Costa Olano', 'hcostao@aei-ucmbybat.co.cu', NULL, 'hcostao', '$2y$10$/5PWFrbrQntg0.Wb2fN04OJF0Il2tg1igHGclB7KfFadieyj6aGdC', NULL, '2023-05-17 20:01:32', '2023-05-17 20:01:32', NULL, NULL),
	(10, 'Lismara', 'Santiesteban García', 'lsantiesteban@aei-ucmbybat.co.cu', NULL, 'lsantiesteban', '$2y$10$YyAys5yU6H/sXahoWecZ3u6vjbmMkMw9Kp4yKzVW2hsHpAWqoZA52', 'Zmdfrx9hY1WOFl4vK9fhD9dEVALDIgPWf4MdepuFQaJaXO88HHitZ8YFho3W', '2023-05-17 20:04:53', '2023-05-17 20:04:53', NULL, NULL),
	(11, 'Dayalis', 'Lobaina Borgues', 'dlobainab@aei-ucmbybat.co.cu', NULL, 'dlobainab', '$2y$10$mUoxHvcq9oDHnw2.AzWOKe2nkd2dOG9yrg4Xa9VJPYvMrAC21eu8e', NULL, '2023-05-17 20:07:41', '2023-05-17 20:07:41', NULL, NULL),
	(12, 'José Antonio', 'Gutierrez Amador', 'jgutierreza@aei-ucmbybat.co.cu', NULL, 'jgutierreza', '$2y$10$C.a9XMfSzOBVoFUDGvrkHeaX2F0lSwllcKSS4g2PdF2inNZ7W/6km', NULL, '2023-05-17 20:10:16', '2023-05-17 20:39:00', NULL, NULL),
	(13, 'Gresin', 'González Quiñones', 'ggonzalezq@aei-ucmbybat.co.cu', NULL, 'ggonzalezq', '$2y$10$sYR4GV.ZjGEYR43DH5xp5OwDtZpFlTx4E5RzxWrq2p8J1yrqRbc2O', 'FlrKXwkQngJWHSPzF1l6Ges0EsU0z2wqrWOhcB6Kw8Q9s7wY3ItWLBZbTp8E', '2023-05-17 20:13:19', '2023-05-17 20:13:19', NULL, NULL),
	(14, 'Elizabeth', 'Fornaris Gómez', 'efornaris@aei-ucmbybat.co.cu', NULL, 'efornaris', '$2y$10$5iofjjBZg4S9MMjDIHH5G.uL3j5x1yVH3sVc/3fcEfoKzvfZDLoju', NULL, '2023-05-17 20:17:10', '2023-05-17 20:17:10', NULL, NULL),
	(15, 'Katherine', 'Torres Toirac', 'ktorrest@aei-ucmbybat.co.cu', NULL, 'ktorrest', '$2y$10$fFqhrjRxNG4fQCJhqFZpeu/N4ikfiZ0MLXIUBIGayFDPQovnpEAA6', NULL, '2023-05-17 20:20:18', '2023-05-17 20:20:18', NULL, NULL),
	(16, 'Alfredo', 'Braña', 'abrana@aei-ucmbybat.co.cu', NULL, 'abrana', '$2y$10$uuLBXRsEaR2wxOwATwaU5Oxr4lZooMKUrSTLqOdyjA3./BQ0PqsGm', NULL, '2023-05-17 20:22:22', '2023-05-17 20:22:22', NULL, NULL),
	(17, 'Luis', 'Rodríguez', 'lrodriguez@aei-ucmbybat.co.cu', NULL, 'lrodriguez', '$2y$10$CytKWBXMyDs0QMeEmFIyHOW6c1l/EsM67H3fFayn3.OQ7EgBd1x22', 'prUqx50nRlKBU2NDFC6m5gPRMG0wmsrYH4SkvfBydz0SLfgI9bMqXIuz7fjb', '2023-05-17 21:02:48', '2023-05-17 21:02:48', NULL, NULL);

-- Volcando estructura para tabla semtinel.users_poles
CREATE TABLE IF NOT EXISTS `users_poles` (
  `id` int NOT NULL AUTO_INCREMENT,
  `user_id` int DEFAULT NULL,
  `pole_id` int DEFAULT NULL,
  PRIMARY KEY (`id`)
) ENGINE=InnoDB AUTO_INCREMENT=8 DEFAULT CHARSET=utf8mb4 COLLATE=utf8mb4_general_ci;

-- Volcando datos para la tabla semtinel.users_poles: ~7 rows (aproximadamente)
INSERT INTO `users_poles` (`id`, `user_id`, `pole_id`) VALUES
	(1, 1, 1),
	(2, 1, 3),
	(3, 1, 4),
	(4, 1, 5),
	(5, 1, 6),
	(6, 1, 7),
	(7, 1, 8),
	(8, 7, 1),
	(9, 8, 1),
	(10, 9, 1),
	(11, 10, 1),
	(12, 11, 1),
	(13, 12, 1),
	(14, 13, 1),
	(15, 14, 1),
	(16, 15, 1),
	(17, 16, 1),
	(18, 17, 1);

-- Volcando estructura para tabla semtinel.users_projects
CREATE TABLE IF NOT EXISTS `users_projects` (
  `id` int NOT NULL AUTO_INCREMENT,
  `user_id` int DEFAULT NULL,
  `project_id` int DEFAULT NULL,
  PRIMARY KEY (`id`)
) ENGINE=InnoDB AUTO_INCREMENT=4 DEFAULT CHARSET=utf8mb4 COLLATE=utf8mb4_general_ci;

-- Volcando datos para la tabla semtinel.users_projects: ~3 rows (aproximadamente)
INSERT INTO `users_projects` (`id`, `user_id`, `project_id`) VALUES
	(1, 6, 1),
	(2, 7, 1),
	(3, 8, 1),
	(4, 9, 1),
	(5, 10, 1),
	(6, 11, 1),
	(7, 12, 1),
	(8, 13, 1),
	(9, 14, 1),
	(10, 15, 1),
	(11, 16, 1),
	(12, 17, 1),
	(13, 1, 1);

-- Volcando estructura para tabla semtinel.users_systems
CREATE TABLE IF NOT EXISTS `users_systems` (
  `id` int NOT NULL AUTO_INCREMENT,
  `user_id` int DEFAULT NULL,
  `system_id` int DEFAULT NULL,
  PRIMARY KEY (`id`)
) ENGINE=InnoDB AUTO_INCREMENT=5 DEFAULT CHARSET=utf8mb4 COLLATE=utf8mb4_general_ci;

-- Volcando datos para la tabla semtinel.users_systems: ~3 rows (aproximadamente)
INSERT INTO `users_systems` (`id`, `user_id`, `system_id`) VALUES
	(1, 1, 1),
	(2, 7, 1),
	(3, 8, 1),
	(4, 9, 1),
	(5, 10, 1),
	(6, 11, 1),
	(7, 12, 1),
	(8, 13, 1),
	(9, 14, 1),
	(10, 15, 1),
	(11, 16, 1),
	(12, 17, 1);

-- Volcando estructura para tabla semtinel.users_warehouses
CREATE TABLE IF NOT EXISTS `users_warehouses` (
  `id` int NOT NULL AUTO_INCREMENT,
  `user_id` int DEFAULT NULL,
  `warehouse_id` int DEFAULT NULL,
  PRIMARY KEY (`id`)
) ENGINE=InnoDB AUTO_INCREMENT=3 DEFAULT CHARSET=utf8mb4 COLLATE=utf8mb4_general_ci;

-- Volcando datos para la tabla semtinel.users_warehouses: ~2 rows (aproximadamente)
INSERT INTO `users_warehouses` (`id`, `user_id`, `warehouse_id`) VALUES
	(1, 1, 1),
	(2, 1, 2),
	(3, 7, 1),
	(4, 7, 2),
	(5, 7, 3),
	(6, 7, 8),
	(7, 7, 9),
	(8, 7, 10),
	(9, 8, 1),
	(10, 8, 2),
	(11, 8, 3),
	(12, 8, 8),
	(13, 8, 9),
	(14, 8, 10),
	(15, 9, 1),
	(16, 10, 3),
	(17, 11, 2),
	(18, 12, 8),
	(19, 13, 9),
	(20, 14, 9),
	(21, 15, 9),
	(22, 16, 1),
	(23, 16, 2),
	(24, 16, 3),
	(25, 16, 8),
	(26, 16, 9),
	(27, 16, 10),
	(28, 17, 1),
	(29, 17, 2),
	(30, 17, 3),
	(31, 17, 8),
	(32, 17, 9),
	(33, 17, 10),
	(34, 8, 11);

/*!40103 SET TIME_ZONE=IFNULL(@OLD_TIME_ZONE, 'system') */;
/*!40101 SET SQL_MODE=IFNULL(@OLD_SQL_MODE, '') */;
/*!40014 SET FOREIGN_KEY_CHECKS=IFNULL(@OLD_FOREIGN_KEY_CHECKS, 1) */;
/*!40101 SET CHARACTER_SET_CLIENT=@OLD_CHARACTER_SET_CLIENT */;
/*!40111 SET SQL_NOTES=IFNULL(@OLD_SQL_NOTES, 1) */;
